0,1,2,3,4,5,6,7,8,9,10,11,12,emotion
-726.2172,68.54142,3.2933977,12.2053,5.5102777,13.667408,-2.9838283,3.0980291,-3.3108134,-1.5643841,-7.8616524,-2.1242816,2.849204,neutral
-719.1283,70.20157,1.168397,13.122543,7.83695,14.411292,-4.1113596,4.468973,-3.5393667,-3.6586075,-7.648504,-1.4770775,3.031821,neutral
-714.9957,69.68935,3.9245636,11.92419,6.4217234,11.011614,-2.878103,4.5095577,-4.476109,-2.6715493,-7.4992833,-2.9622655,1.8734846,neutral
-710.9753,67.56489,5.7822413,13.230726,6.1908455,12.628252,-1.6751695,5.6574936,-4.9506335,-3.4775455,-7.416558,-1.9370041,2.2715254,neutral
-759.92175,75.78352,6.023605,14.557394,6.4541883,14.631508,-3.0045512,4.6209702,-5.200016,-0.70743024,-7.790287,-3.5649483,2.1809702,calm
-735.0066,79.09305,8.141051,11.413549,5.174124,15.393285,-2.7520719,2.9645836,-5.3889713,-1.6918322,-5.8528347,-4.0432878,3.0046408,calm
-733.5249,81.58986,4.8633575,14.423686,5.267689,13.96856,-3.0856166,7.1732454,-4.8214383,-0.9674487,-6.2504735,-3.8666399,3.3255188,calm
-728.363,82.324936,7.5005765,12.542465,6.788125,14.805659,-2.9095805,6.937839,-4.84434,-1.8469232,-5.6877103,-3.6666536,2.2403512,calm
-771.62524,83.32755,9.759607,14.268048,6.201726,16.020977,-2.846898,4.47025,-5.536262,0.8787948,-5.3482485,-3.029556,2.3405733,calm
-733.9896,82.99157,3.7967932,13.411559,3.1084962,16.039553,-5.652945,5.5606713,-7.840987,-1.1772103,-5.7287865,-4.109694,3.882382,calm
-735.9587,83.71625,8.720739,16.973064,1.3004172,16.308208,-2.9989035,8.180385,-9.681772,1.4794086,-8.105539,-3.2144182,3.27963,calm
-724.8058,83.05965,0.8636634,13.715781,5.3935223,15.342071,-3.8907714,6.682707,-9.109153,-2.3108945,-7.557554,-2.6653073,4.4087,calm
-679.53876,78.69846,0.66773736,10.390019,5.2070203,11.5252285,-7.0435305,2.0349188,-6.769451,-3.4523165,-8.604058,-2.1430967,2.153603,happy
-658.3063,78.063484,-0.78696334,10.139038,8.304726,12.286283,-4.871698,0.52415824,-5.5969224,-3.2145643,-9.875024,-1.7062541,3.7575343,happy
-693.60925,77.67328,2.3561034,12.037886,5.272909,9.537619,-5.2778487,3.814017,-8.2640085,-3.2064865,-11.793282,-2.4545705,4.334239,happy
-683.93146,74.13294,1.0578566,17.886679,6.339445,11.593822,-5.891603,6.8250275,-6.587667,-1.8747079,-10.637551,-2.1259463,2.790956,happy
-627.4205,67.704384,-6.669489,9.967615,-3.0760908,7.208737,-5.0634565,-2.9935553,-10.524828,-4.989577,-8.107446,-8.3624735,0.3314784,happy
-591.9702,72.971,-6.905822,4.645147,0.41286418,8.77231,-4.154121,-3.5272965,-8.41551,-5.53817,-10.657866,-7.126159,4.071781,happy
-554.2307,70.283676,-10.080169,11.619575,-1.2718135,10.0290985,-6.932471,-0.29826084,-9.17895,-6.3009877,-12.87689,-5.181731,3.789686,happy
-568.1388,70.80917,-8.760222,11.967098,-2.9723804,10.001248,-8.551405,0.02781801,-9.052507,-6.3288474,-12.138224,-7.0935783,1.7016895,happy
-715.8727,74.9853,2.9195237,11.441712,6.960729,13.466071,-6.726049,4.7315598,-6.0603504,-5.0608444,-7.6180463,-3.5482144,-1.2796025,sad
-732.4854,80.96551,3.486698,13.03123,8.979398,14.107941,-4.78729,6.040529,-4.208775,-5.1626196,-7.1502514,-4.6642747,-0.31327257,sad
-766.6507,73.99263,2.4763808,10.077653,7.928804,11.792142,-5.2503986,4.038565,-4.807725,-4.9669833,-7.7130537,-2.5745971,0.20226558,sad
-736.81494,70.96664,4.8449197,13.2525215,7.9328127,11.802074,-4.9299836,6.692443,-3.7731934,-5.046368,-8.592158,-2.9672074,-0.1479453,sad
-704.1285,77.837975,5.096841,14.805322,8.49169,14.999446,-6.490629,5.851003,-5.3327923,-4.5298414,-6.2781534,-1.552901,0.5103896,sad
-652.2412,69.28093,-3.6923711,11.728851,3.0127633,11.101811,-6.1069927,-1.5688689,-6.384501,-5.752694,-10.740143,-4.3840003,1.1800429,sad
-650.43463,71.005745,-1.6740128,11.137108,6.426337,11.243235,-6.4243813,1.043488,-7.5295334,-6.578289,-13.766916,-3.7808657,1.1671071,sad
-636.48676,70.95319,-4.674072,14.9717245,3.3033524,11.239858,-7.639233,1.0996047,-7.3877835,-5.972332,-11.932848,-3.008971,1.6879238,sad
-578.98865,62.405315,-8.723745,13.807444,1.7894554,6.853797,-6.7793736,1.6812309,-3.129483,-0.87246543,-9.711343,-3.9222546,1.1898441,angry
-558.0903,60.273037,-9.1174965,13.649889,-2.485257,6.0296597,-7.8237543,0.5218871,-7.946145,-5.875875,-9.344623,-5.446145,-1.7070966,angry
-595.0243,58.63152,-2.3276181,13.655263,2.5868275,7.25531,-6.0467424,2.112173,-5.78033,-4.3421254,-9.432346,-3.4377162,-0.09518714,angry
-557.4183,59.952057,-3.6888146,12.916796,-0.013789424,8.49737,-7.3896723,1.7407534,-4.216524,-5.3085866,-10.202172,-4.530847,0.6808322,angry
-382.96606,53.877857,-23.295197,4.5904512,-9.281445,-0.87772375,-10.370431,-2.3168542,-15.354205,-8.7570095,-11.345289,-7.9053793,-5.038463,angry
-398.33093,52.28169,-28.397718,12.267397,-10.859696,3.7202892,-12.748709,-1.9727651,-11.1578665,-6.1966987,-13.095329,-9.452902,-1.8068534,angry
-433.96576,53.986023,-22.437214,10.337305,-7.014483,4.446643,-9.936925,-1.8927367,-10.486032,-7.3606796,-12.758347,-6.5644193,-1.5250014,angry
-338.97913,44.90493,-24.296867,3.9212265,-13.2807255,1.456002,-13.051088,-4.972659,-16.886797,-7.3687496,-14.381403,-8.851163,-2.0966728,angry
-620.86926,72.92555,3.069638,15.845615,5.0054407,15.862975,-6.974336,2.558235,-6.399506,-6.2472754,-8.1957035,-2.013455,0.49049407,fearful
-635.4471,72.67471,-2.951787,10.282644,2.131883,12.7642765,-7.8575134,0.4886411,-9.560815,-9.200944,-11.435256,-3.8575084,0.2552432,fearful
-646.4345,74.19784,4.969642,20.310244,7.6789846,16.816557,-2.4131546,6.36743,-4.006638,-2.782018,-5.332043,0.04226609,2.033845,fearful
-648.97406,78.302345,-1.742438,14.431587,6.2418766,14.4565525,-5.611793,4.6549683,-8.24646,-6.148351,-7.476689,-0.21183348,0.5937344,fearful
-474.58643,74.83671,-14.510592,9.21777,-4.863628,11.183943,-1.2733642,3.74777,-9.133905,-9.742279,-9.53531,-3.4553618,3.30271,fearful
-433.3269,61.518326,-13.174423,0.06451048,-7.5669017,10.038398,-4.9071875,-2.5612373,-12.315669,-12.537487,-11.446819,-8.186242,-1.3809906,fearful
-400.78815,62.260452,-16.549139,5.909251,-9.460677,5.0568066,-7.2992,0.8310483,-14.260063,-13.714011,-12.319691,-9.456751,-2.0069785,fearful
-452.25665,64.263695,-13.6770115,5.033825,-7.8362937,9.111504,-4.4770555,-1.2374461,-15.050168,-9.26992,-12.923943,-9.072722,2.0990417,fearful
-681.2215,78.88362,0.12867455,11.79581,0.9876599,13.565272,-6.526606,3.7329943,-9.42451,-3.3148096,-10.4992075,-4.464769,2.7165937,disgust
-653.0073,65.54431,1.4677504,11.092945,-4.316812,13.434915,-7.126188,1.5093213,-10.470179,-2.389424,-11.8359375,-3.84144,0.7690639,disgust
-700.34393,84.596725,5.775723,14.642682,3.4342353,12.270109,-4.2028184,8.19937,-12.218773,-3.790657,-6.892418,0.20407356,-0.936947,disgust
-693.2808,68.03404,1.9750909,11.899816,2.2685304,9.418974,-4.04369,7.1341934,-12.038191,-2.4839942,-6.6857424,0.20061965,1.3775651,disgust
-514.209,61.11099,-6.6934342,7.1199026,-13.141234,1.2704732,-7.10544,-1.4572971,-14.000561,-11.953342,-9.292232,-6.934684,-2.621089,disgust
-520.6225,55.43349,-12.775218,10.560292,-9.087996,3.5373573,-11.609045,-4.7857094,-18.184765,-8.228541,-6.405702,-6.278636,-1.5957088,disgust
-549.6085,59.82162,3.9864705,18.777025,-10.736347,5.5345674,-5.5263953,0.86579305,-15.8455925,-6.6470613,-3.756177,-5.951642,-7.9454827,disgust
-525.6453,56.05402,-0.55531645,9.288038,-6.9809046,5.484957,-6.4863153,-1.6713593,-15.754068,-7.530371,-6.282212,-4.1096196,-4.791883,disgust
-679.2995,64.041115,2.5253556,9.743006,2.0743146,10.626677,-5.171599,0.6371584,-5.9340224,-3.8285363,-6.00671,-5.4047394,1.9098549,surprised
-707.25446,65.81219,0.39867368,8.45983,4.7437553,11.846096,-4.4687295,-0.018804941,-6.092442,-3.4243653,-7.3909144,-1.4570595,1.3017485,surprised
-689.39404,70.91036,1.6139978,13.87252,3.8284073,11.299436,-6.1581707,3.869916,-6.6757092,-3.8586779,-8.293786,-1.8832899,1.6591703,surprised
-698.8534,63.96066,-0.88586384,11.611211,0.27096096,7.4793377,-7.8976097,2.7589517,-6.1132083,-3.0909564,-7.139969,-3.486652,0.36065257,surprised
-628.95764,67.507996,-5.0366893,10.8200655,0.3433469,12.224991,-7.1534066,0.43669897,-7.598815,-3.079836,-7.990679,-4.641811,3.1423318,surprised
-583.7002,58.7757,-6.3594966,10.300801,-1.2749366,8.5587015,-7.9135084,1.1394337,-7.879967,-4.2184925,-8.814162,-5.4635077,0.46838433,surprised
-629.17706,66.08909,-7.35269,13.902602,-1.7103955,10.309498,-8.481241,0.92026174,-6.696085,-6.425756,-10.449927,-1.7377803,-0.12092743,surprised
-610.95306,63.78429,-6.09838,10.515009,-2.8278024,8.334166,-5.722169,1.0251708,-10.117926,-5.266946,-8.199912,-4.9051867,0.6445216,surprised
-675.8518,68.959435,-4.9626026,5.423141,0.6098422,3.1607316,-9.528844,2.6474686,-9.230494,-3.4923794,-2.775557,-0.85833704,-3.252905,neutral
-677.49725,66.73792,-7.0662704,6.711427,2.3170292,2.5784461,-9.735838,3.7399817,-9.666592,-1.5748338,-2.7584555,-1.9055327,-2.6086488,neutral
-640.2968,64.62258,-5.6087337,3.4770446,-2.1005535,2.704671,-9.134014,2.263086,-9.458851,-4.599762,-3.9467952,-1.7240582,-3.9413574,neutral
-659.5008,61.314804,-5.997138,4.4901476,-2.6454027,2.5160272,-10.722279,2.685003,-10.316002,-4.7560496,-4.690621,-2.4549735,-4.5527906,neutral
-698.07587,70.690025,-2.29,12.190497,1.1434665,4.6190953,-9.343387,5.610262,-9.482477,-2.0852337,-2.5283892,-2.290745,-2.3949482,calm
-685.27014,66.034645,-5.3122635,8.085226,-0.22538432,3.311465,-9.604638,4.020546,-10.162641,-3.7117696,-2.5037436,-3.869077,-2.9866402,calm
-688.55475,65.21492,-4.006218,9.36352,-3.746424,5.08095,-8.949337,2.139515,-9.365404,-4.1520343,-4.6722927,-1.6119943,-5.2091184,calm
-674.3035,65.86995,-5.672625,4.343221,-4.5438147,3.119926,-10.6374445,1.4574045,-11.619745,-5.8630357,-5.0011463,-2.872971,-5.9370713,calm
-676.9464,62.021435,-4.284783,9.674073,-0.5778349,2.8325372,-10.690165,2.9925206,-7.7227254,-4.665902,-4.6269574,-3.018172,-2.5841203,calm
-685.354,64.8416,-6.25909,9.039537,-1.8504004,1.9620017,-10.030852,4.2898245,-10.935775,-3.8740454,-4.0803866,-3.7543135,-1.8145919,calm
-680.23694,60.510754,-5.488641,8.456001,-7.207877,3.0568423,-8.93921,1.36512,-11.655978,-6.4648137,-6.3382726,-2.715138,-5.363808,calm
-676.8966,63.290787,-2.5447507,9.512606,-5.238165,4.0801325,-8.802563,2.9575653,-12.019953,-4.360211,-5.64748,-0.8800453,-4.214632,calm
-615.3698,64.712395,-17.525738,1.0721176,2.1432567,-0.7451552,-10.137992,1.4398385,-9.424702,-8.146935,-1.7783351,-3.5647104,-4.9699297,happy
-636.3284,67.115746,-15.966241,4.9848886,3.678653,0.79736257,-11.596442,2.4776044,-10.262892,-7.066807,-1.8124378,-3.9394994,-5.9389787,happy
-623.5609,64.29266,-16.984367,1.9863328,-0.77768683,-1.0957052,-10.206499,-1.0956904,-12.033014,-9.559129,-2.6313574,-3.4545598,-7.2920837,happy
-621.7522,65.94344,-13.400205,4.6448717,0.7613918,0.43288064,-9.629009,-0.9671438,-10.922279,-7.44106,-1.0519143,-2.379755,-6.1604385,happy
-507.97903,55.327007,-24.597252,-2.29639,2.2030911,-5.1337295,-15.9404745,-2.3842769,-10.304943,-11.138833,-1.3275423,-7.337683,-9.678197,happy
-509.58395,59.14795,-25.002707,-2.642916,1.5179118,-3.107946,-16.754808,-3.8577049,-9.711455,-10.388177,-2.2028635,-6.0850754,-8.971969,happy
-564.886,59.037647,-17.660675,-0.29245853,0.6204666,-0.51987094,-12.686069,-5.5435715,-11.660214,-10.052526,-0.9895535,-3.7621112,-9.788853,happy
-558.6029,57.735268,-17.925465,0.64743835,-0.6263508,-1.7978332,-13.934751,-3.5213854,-10.3474245,-10.280376,-3.0889096,-5.3283057,-10.227825,happy
-706.5462,70.95973,-4.1365914,6.6439753,-0.8450789,3.2053216,-10.462761,2.9966118,-11.937458,-4.443748,-5.141396,-3.6179626,-4.5712757,sad
-696.2251,72.61911,-5.971652,6.434627,-0.2762452,2.8364089,-9.820615,3.4400737,-9.201118,-5.085862,-4.289515,-2.8661973,-2.9726012,sad
-683.29425,59.915516,-0.35981494,6.508976,-1.4676181,2.8750477,-8.309567,-0.5963472,-11.488852,-5.7631593,-3.1498957,-3.2484865,-5.245757,sad
-700.86566,62.921898,-2.619947,8.212914,-0.48985144,4.108222,-7.795467,-0.023358103,-9.3188505,-6.341343,-3.9372575,-1.853161,-4.594819,sad
-684.31573,62.340847,-8.324207,5.9357667,-1.9212883,-1.0301524,-10.189304,-1.967844,-11.886773,-8.71532,-5.9609404,-3.7124434,-6.0599976,sad
-702.70337,67.9131,-3.6298938,8.076855,-0.73930705,2.7110705,-8.9391775,-1.2227178,-11.854862,-6.6605196,-6.6040406,-2.7997153,-5.201832,sad
-688.776,60.152584,-4.9036407,7.6960406,-3.1103747,1.7679313,-8.346171,-2.3499694,-12.538821,-9.191037,-7.881257,-3.7299988,-7.1819487,sad
-687.3986,61.031883,-7.11638,8.069417,-3.8432615,2.7920036,-11.200945,-3.3254013,-13.323005,-7.9586997,-6.2958865,-1.9197618,-7.7417617,sad
-588.2537,59.247963,-8.007299,4.542206,-1.3240749,0.9731261,-9.401972,2.055399,-7.919817,-6.6781936,-1.9953741,-2.8655589,-2.086076,angry
-564.9818,62.465103,-14.487927,3.4400377,-1.1810225,0.26285583,-10.752198,2.646129,-10.449388,-5.05966,-0.90070343,-1.5124356,-1.1195512,angry
-602.7209,62.84519,-8.394002,6.589411,-4.3759093,1.4356266,-10.295984,3.8481052,-10.856516,-5.5122113,-4.1941566,-1.5423422,-4.7062216,angry
-590.8822,59.8463,-14.2538395,4.3443723,-5.5822906,-0.5592323,-13.923412,3.8070235,-11.936244,-6.5984015,-4.0506763,-2.3211436,-4.3040123,angry
-477.00308,51.98464,-22.436214,0.07966272,-4.303525,-6.375623,-13.338382,3.2944665,-10.27578,-8.972215,-0.73087966,-4.789858,-4.3287773,angry
-502.75406,55.81529,-22.514963,-0.38626748,-4.559094,-6.385681,-12.998574,5.385625,-8.096994,-8.746944,-1.6673539,-4.6842523,-4.3427157,angry
-437.46176,46.474915,-25.999445,-5.887986,-9.137497,-9.274363,-16.633015,1.2840623,-11.299039,-13.147175,-4.465234,-6.250961,-8.2641,angry
-453.88705,48.402576,-28.487484,-3.6462314,-8.611464,-9.896745,-16.036991,2.3280637,-11.231367,-12.242676,-3.3367684,-5.9945483,-8.363049,angry
-595.8171,59.382217,-25.655392,1.5161914,-4.867662,-1.9652696,-16.650066,0.6837833,-14.741965,-8.69511,-4.6204305,-6.8369813,-6.595382,fearful
-599.1613,56.84228,-22.899433,-1.210327,-5.610211,-1.7112187,-14.993201,1.2717696,-14.38086,-10.10225,-4.706261,-5.4223394,-6.8581696,fearful
-584.6368,53.946198,-23.683254,1.0352305,-6.6190166,0.15367803,-15.050793,-0.9471066,-15.154127,-9.587488,-3.8004522,-3.3235002,-8.445857,fearful
-590.8616,50.688057,-24.538645,-3.3477864,-7.2955213,0.35064098,-15.734378,-3.0930223,-17.794012,-10.360826,-3.7984352,-3.4389179,-9.616912,fearful
-535.523,44.54064,-30.301683,-4.141503,-7.739762,-6.3114443,-17.439528,-2.251262,-12.8389,-10.43201,-4.374937,-3.2262971,-8.528458,fearful
-519.63324,42.272,-30.099941,-3.093581,-8.013828,-4.3675427,-18.463741,-2.311752,-12.013569,-12.069893,-5.05816,-5.0358105,-9.207201,fearful
-515.9983,38.055786,-27.663738,-3.2252216,-11.4832535,-1.9800562,-17.871073,-2.427586,-12.107834,-9.330832,-5.2517323,-4.981838,-10.160074,fearful
-508.61215,42.668713,-26.237993,-3.011582,-10.191428,-2.5118136,-15.029951,-4.4171395,-14.136554,-11.3241625,-2.822758,-3.4599664,-8.981435,fearful
-666.80176,72.579124,-11.815957,6.9202304,-2.7584271,0.749238,-5.3767095,1.8880272,-13.4000025,-4.9366508,-2.646663,-0.7979515,-4.509567,disgust
-676.8212,79.525734,-12.700563,8.421185,-1.8144246,-0.3652036,-5.796458,1.6079459,-12.252425,-7.24475,-3.7815433,-0.11595069,-3.9112654,disgust
-648.5525,72.06284,-7.534307,7.6733623,-3.249207,2.9102335,-6.597658,0.034335416,-10.93742,-7.287062,-3.4088805,0.597124,-6.967582,disgust
-653.723,71.55224,-12.836388,6.1638565,-2.0914633,0.5635094,-8.865092,-0.9978097,-13.018609,-8.319363,-1.9783115,0.5650333,-8.12291,disgust
-610.62225,69.0307,-17.941748,7.085806,-4.9329934,-2.7218773,-9.898748,1.7689624,-12.767784,-8.337047,-3.3750827,-1.2256464,-5.9758835,disgust
-604.80096,67.3899,-13.988151,8.438961,-4.7205157,-2.0792239,-7.776218,2.8520653,-10.106051,-6.681344,-3.561178,0.10706904,-4.1022253,disgust
-578.7148,68.02484,-12.293321,3.3390753,-6.655988,-2.293285,-8.483037,-3.113781,-14.665143,-8.832307,-3.131414,-1.8985447,-9.200716,disgust
-587.31866,68.01829,-14.568759,4.6844726,-6.2608867,-1.0763564,-8.895314,-2.3191297,-12.355954,-7.5472345,-3.6468918,-0.093184195,-7.302063,disgust
-601.55707,56.22707,-14.788618,5.832396,-0.5447874,1.7596616,-13.9631815,3.9500954,-7.4126754,-1.8806309,-2.538129,-3.536913,-2.9707384,surprised
-628.42194,57.84643,-15.041886,1.5338743,-2.6143193,1.5111591,-12.51113,3.1742525,-7.906259,-3.803382,-4.8641777,-3.9710584,-5.7344947,surprised
-622.95514,55.443245,-11.811411,2.722286,-3.9047046,0.62918544,-12.626839,2.8669498,-9.456175,-4.943672,-3.3962893,-2.588792,-6.8830247,surprised
-615.47516,57.472298,-15.626009,3.1130269,-2.8661315,1.6390877,-15.600986,0.7807731,-11.471948,-5.5486,-5.0323143,-3.548146,-6.5748534,surprised
-564.7623,54.849766,-19.824144,4.487412,-4.223751,0.4460904,-12.74342,3.2136304,-8.929535,-4.848646,-3.440392,-3.9251094,-4.478769,surprised
-574.09515,56.993507,-20.57765,0.95600295,-4.247905,-1.0783085,-14.463271,3.3202925,-8.172607,-4.008372,-4.2820487,-3.434837,-4.926553,surprised
-558.19916,47.084106,-15.010587,2.2082467,-8.0792465,-1.2332699,-17.280085,1.9879117,-9.77147,-6.99983,-5.948878,-4.0063896,-6.202224,surprised
-551.6057,54.531498,-19.835558,0.4823169,-11.989706,-1.1963362,-16.381798,0.14939961,-12.804776,-7.4575467,-4.8875237,-4.6384563,-7.5270443,surprised
-650.82495,75.053345,-1.5596936,10.679241,3.452877,9.057185,-3.5068495,-5.2496476,-8.949531,-2.107145,-1.3579398,-7.448061,-1.8247751,neutral
-652.3244,82.7199,5.666817,16.565447,8.281691,14.928034,-0.48059675,-0.55506,-6.1648507,0.99932694,1.9675256,-3.9197764,0.4366534,neutral
-662.19574,81.63297,-3.5776656,16.832031,1.7413347,13.511324,-3.946744,-3.5146732,-10.031097,-0.40375623,-3.0484471,-6.706131,-0.13584141,neutral
-652.5885,77.51371,-1.5408561,17.84109,0.7131477,14.448554,-2.5529966,-4.6707406,-12.221157,-1.5976422,-3.854779,-7.1611824,-1.4848601,neutral
-671.14734,83.922676,4.4144216,18.822298,1.0988159,15.853525,-4.5814576,-1.1035548,-9.938231,2.6786118,-2.2649739,-4.625286,2.9222016,calm
-665.8279,84.23869,-1.4056453,15.918263,0.41480917,13.920028,-6.476468,-2.6288373,-10.275372,1.3067621,-1.827777,-4.7251716,2.3447976,calm
-670.2019,95.914825,-2.0398586,17.43807,-0.19794616,21.545874,-5.6796083,-7.8394375,-10.625422,7.422122,-4.197183,-6.7059283,5.1207113,calm
-575.3465,79.03594,-3.7180457,16.04399,-4.3957295,15.99411,-3.8400064,-4.4334903,-11.568269,2.914715,-3.6854777,-6.7109704,2.9588125,calm
-595.656,115.125786,-12.486445,9.778536,-4.4078407,11.404601,-7.63516,-6.1388936,-14.109396,3.5589497,-4.4130926,-8.857958,9.459617,calm
-558.1487,88.59589,-9.809089,9.89559,-0.15828928,14.887551,-6.977334,-2.4250047,-13.570071,-2.585515,-4.0768247,-5.4507413,2.417921,calm
-558.07135,89.91926,-4.5590396,15.62289,-1.6816986,17.939384,-4.411679,-2.5617187,-11.794612,4.9933753,-4.2477236,-4.8499327,7.1187406,calm
-563.3624,89.31719,-6.26043,16.353271,-4.8267765,15.496614,-3.8968604,-3.2850766,-14.188289,3.337929,-2.3596408,-5.4489956,6.167412,calm
-581.51776,86.49795,-7.0137944,6.6178164,-1.4996209,11.158793,-4.0651083,-3.0187302,-13.006205,-5.2034173,-6.950407,-7.873938,3.0678217,happy
-547.64355,79.97517,-9.052598,3.53782,-7.8603106,5.4312344,-4.5503254,-2.237038,-14.489897,-4.793423,-7.760324,-10.281886,1.072227,happy
-562.18933,67.71657,-7.029318,9.449414,-1.7910746,8.841335,-4.2650714,-6.7323656,-14.042651,-3.2341087,-5.817202,-10.919735,-1.24479,happy
-595.686,72.477,-3.5955465,10.491075,-4.5319443,7.739019,-0.56515515,-3.2722828,-14.578575,-1.1650196,-5.0173845,-9.092421,2.2382286,happy
-463.13293,70.86732,-11.192143,7.132051,-11.5031595,1.6838651,-4.482834,-5.5729303,-13.715826,-3.7343342,-6.7022767,-11.326709,0.6737863,happy
-435.09845,78.4659,-21.20514,8.521788,-12.405359,-0.9865324,-5.083646,-3.844443,-13.417733,-7.1885753,-8.733084,-13.107973,0.022042707,happy
-382.65955,63.63718,-11.786406,12.949072,-14.542373,3.1309745,-6.531923,0.37984094,-14.354539,-6.7774053,-8.539289,-13.847208,-5.326892,happy
-432.74744,68.68991,-11.238523,4.9798875,-11.661457,5.6240215,-2.328049,-4.7096977,-12.202044,-4.9536633,-7.0798354,-11.616607,1.0386739,happy
-691.92377,94.67122,0.47669712,12.343627,0.89914155,14.521013,-2.223003,-1.3594073,-9.2235,-0.8726237,-2.7871091,-6.337168,0.39842108,sad
-691.8411,90.92955,4.4404397,14.528288,1.777668,15.707141,-3.6934361,-0.79453623,-7.786258,0.72319657,-0.22709915,-4.7636943,-0.886442,sad
-631.7882,87.69928,-3.0539677,14.895871,4.1942005,14.2266035,-4.8836336,-2.648895,-10.967318,-1.8890902,-2.9453237,-6.6824527,1.1908921,sad
-645.2115,92.7884,0.58133006,20.256248,2.5060296,15.603405,-1.5338534,-3.1029832,-12.285685,1.080485,-2.1051993,-6.84799,1.3448062,sad
-557.013,76.07341,-4.727666,-0.7776746,-3.3681974,5.033892,-7.598637,-7.478506,-15.562574,-10.0099535,-12.766381,-15.619433,-5.438045,sad
-509.10004,70.206314,-8.00727,8.989733,-2.6881354,7.5382996,-7.016756,-3.4589763,-15.834296,-7.2725825,-8.42375,-10.813387,-3.9988852,sad
-454.31,71.67222,-8.020228,7.775586,1.7673954,12.760119,-3.6207776,-1.377639,-12.551631,-8.867118,-8.763046,-9.168039,-1.5708237,sad
-503.2616,75.795685,-5.742663,11.326399,1.0718489,10.99579,-2.8999624,-0.77290684,-10.083305,-5.3255816,-8.964861,-8.641292,-2.4564226,sad
-653.062,87.5561,-0.48392114,21.858515,4.6849985,17.147743,-7.514381,3.482068,-10.20092,-5.455109,-2.6334658,-4.095179,-2.13867,angry
-542.4271,79.08205,-9.687261,12.7139435,4.7941017,10.660156,-6.412248,-0.13605498,-9.137848,-7.085072,-2.828297,-6.242001,-6.024363,angry
-565.4901,86.78151,-12.565881,15.103841,2.804815,11.657201,-7.2918344,-1.3025218,-13.348261,-8.51801,-3.2220879,-5.785673,-4.285244,angry
-524.1814,85.32957,-12.332532,11.020672,-2.0355346,10.610243,-8.31675,-3.8895504,-14.1109,-7.234545,-6.419561,-7.038712,-4.957478,angry
-371.46576,70.171585,-23.333237,11.865147,-2.593794,-0.46233332,-8.77402,4.477863,-12.264639,-8.386244,-2.069359,-5.8663373,-6.640087,angry
-364.18478,67.36594,-19.308813,12.431146,-1.6103729,4.454058,-8.195003,1.2907875,-11.49661,-9.479123,-2.2458413,-4.919535,-5.0647078,angry
-385.5774,71.52516,-18.275528,11.232079,-5.084105,1.3441284,-9.877406,3.8137999,-11.285021,-9.970742,-4.3908176,-4.986711,-4.954866,angry
-354.46045,66.602356,-20.03985,13.610675,-5.9195127,0.00018700134,-10.763464,4.9986854,-10.845708,-7.561625,-6.7523456,-5.047124,-3.696024,angry
-614.97107,86.72635,-6.066335,17.970036,-1.0990669,14.759195,-5.1752563,-0.3026929,-15.730035,-7.23711,1.0268164,-5.4319572,-1.6544393,fearful
-558.6532,94.69803,-10.094575,15.966925,-0.9923767,14.507664,-9.333701,-4.5567164,-15.884416,-7.4666967,-0.9413525,-8.353817,-3.9953213,fearful
-557.5914,79.30087,-10.559692,17.806805,-2.841905,10.685294,-6.488109,-3.9426188,-13.416121,-7.913074,-4.1888647,-8.591356,-2.9286575,fearful
-577.4123,83.98748,-8.424987,9.811444,3.218545,11.16665,-4.1687164,-4.7221513,-13.760408,-6.826519,-3.5647807,-7.195362,1.0284113,fearful
-416.87708,93.55297,-13.417342,14.867507,2.4060755,17.462492,-2.8187327,4.168934,-6.8121843,1.1675432,-6.2637544,-6.447835,6.1810994,fearful
-368.60144,77.371704,-24.102606,6.453709,-7.0047226,7.090896,-7.226994,-0.72204924,-19.60551,-9.879688,-7.2351227,-14.060125,-0.73618054,fearful
-425.4289,71.385544,-13.045389,14.818954,-3.7614074,12.552749,-1.9730874,4.2654114,-14.234061,-6.522216,-6.463125,-9.7915325,-0.38614845,fearful
-384.39383,82.68547,-25.854326,5.1586366,-13.674616,6.1407557,-7.6037846,-3.9549258,-20.229721,-5.5298376,-11.622337,-15.883946,2.9951696,fearful
-573.58203,84.51253,-9.768135,10.765009,0.062492672,11.31847,-10.6947775,0.81419545,-9.129473,-3.4155073,-3.7065926,-1.5936695,3.0000846,disgust
-618.37427,83.00514,-1.6759187,12.043492,1.6131188,15.324558,-10.920174,2.0471966,-10.583956,-5.136905,-4.841039,-3.9477427,2.5303812,disgust
-612.5424,67.349144,-1.6704593,17.94051,1.5331881,14.715974,-10.138942,0.48823926,-14.177337,2.470496,-4.1733727,-0.7552409,1.29895,disgust
-538.495,77.0598,-9.714148,8.943498,-0.7551337,13.815857,-12.097764,-0.36313984,-14.6647415,-1.7315632,-6.4333634,-3.9928758,3.8885822,disgust
-584.6922,85.483604,-4.9282336,12.613634,4.452445,15.811362,-15.518514,0.8976673,-12.668603,2.2340963,-4.073238,-3.1329625,0.85615915,disgust
-559.0867,95.37837,-5.898038,18.884579,-3.155168,12.157999,-14.379378,3.9424574,-12.291295,4.836809,-5.3656974,-3.7733104,2.6006687,disgust
-533.6058,84.399216,0.16385566,15.755455,-6.3655634,8.379248,-11.798391,-0.8514792,-9.785819,4.5872726,-7.542075,-8.839756,-1.4748547,disgust
-482.8137,75.006676,-14.951169,13.023559,-8.709139,4.0918927,-11.123576,-0.10488376,-15.4456005,-1.0205048,-9.323098,-6.5928116,-3.4717774,disgust
-595.92633,78.553444,-12.423607,3.734453,-5.9745574,3.3046634,-7.769447,-2.8236904,-16.835426,-5.3281097,-5.7895026,-8.341511,-2.3362741,surprised
-589.1672,71.2543,-6.495868,10.41487,0.64617854,12.101652,-5.7627687,1.2785264,-9.00635,0.6122378,-0.48744762,-3.2950625,-0.63977903,surprised
-621.9849,74.44959,-7.0384088,8.357906,-1.7497483,3.8079586,-3.6040606,-0.77025646,-12.946666,-3.0478942,-4.996516,-7.2104177,-1.4043933,surprised
-562.65875,77.10038,-12.401532,4.3535366,0.7815574,6.8524137,-9.1830845,-1.5145053,-12.494552,-0.7134586,-3.0537114,-6.718882,0.5591498,surprised
-537.3081,77.16358,-12.277404,5.073211,-3.1345873,3.6008234,-12.94011,-0.37930575,-12.017874,-5.127751,-3.882438,-10.08286,-4.742926,surprised
-494.06683,65.62787,-12.414146,9.383932,-1.4355838,5.369411,-10.157308,-0.27452686,-8.827606,-3.3821318,0.7386322,-6.4948516,-3.4393885,surprised
-483.54678,67.151924,-13.673473,5.6029096,-12.103259,2.9423373,-5.771639,-3.8491218,-15.959561,-2.904177,-2.155765,-9.590043,-1.974652,surprised
-573.8235,70.378456,-8.123537,7.177564,-4.3597097,5.5049686,-8.065356,-1.3889923,-10.782379,-1.863937,-5.1602287,-6.223037,-2.8735166,surprised
-718.60034,60.42958,-7.504327,8.469443,0.09844026,2.2735035,-9.096851,1.3273765,-10.595312,-6.9613595,-5.2387695,-2.8739552,-2.8553789,neutral
-728.37726,63.84737,-6.796702,8.697398,-2.7388816,0.3490504,-11.369044,0.18607746,-11.621506,-8.651811,-7.3516264,-3.9598064,-3.447582,neutral
-736.3026,60.053993,-3.5667987,5.5998893,-4.1997547,1.9165616,-8.695418,0.4469699,-13.65015,-6.8596015,-7.6893945,-4.0506606,-5.079769,neutral
-757.0034,64.36532,-3.909104,9.784699,-5.917267,3.065989,-9.173676,0.69907093,-11.8528185,-7.5447927,-6.88173,-4.3182592,-4.1394057,neutral
-685.4222,69.444305,-6.9250383,5.362705,-4.171222,-1.524372,-10.922849,-0.36459243,-12.17426,-8.349275,-8.175558,-3.344232,-3.674832,calm
-698.5949,80.241234,-13.513393,3.7782686,-2.8895528,1.0406879,-10.54268,-1.141015,-12.096688,-7.650936,-6.0217,-2.9276996,-3.198227,calm
-680.5748,71.79892,-4.879463,10.461559,-3.7088153,1.5598109,-9.661984,1.6067384,-13.271084,-6.7645698,-7.330808,-3.6532454,-2.5148883,calm
-691.213,76.85234,-8.413982,5.3902197,-7.7496276,2.7153418,-10.416018,-0.14037195,-17.64224,-12.021615,-5.515571,-3.7796504,-5.325855,calm
-695.99194,73.90499,-10.055801,7.9084697,-6.483527,0.5934052,-8.80184,-1.3699083,-12.135429,-8.555506,-6.1151285,-4.8645525,-2.0286145,calm
-674.8306,83.46281,-12.224373,2.2881222,-3.3299243,3.2708743,-11.137131,-1.9810601,-18.391438,-12.464378,-6.385827,-3.9746675,-3.486722,calm
-646.1311,80.77061,-12.63646,7.5358334,-5.4200916,1.6830783,-10.523615,0.1580754,-18.250381,-10.05566,-4.0237827,-3.3433537,-4.7869153,calm
-689.02014,66.76831,-6.465399,9.377973,-6.6489534,0.021086922,-9.140353,-4.015862,-14.316765,-7.523605,-7.248642,-3.390996,-6.410165,calm
-676.85077,66.87937,-13.539673,3.8077118,-0.41860303,-0.7348262,-11.490604,-0.45724094,-10.418559,-8.775729,-5.1794977,-3.077179,-6.219844,happy
-631.01654,62.360752,-19.46983,2.6381454,-0.8869102,0.57516956,-14.138815,-0.24576555,-8.771269,-11.777573,-4.838445,-2.59896,-6.5377617,happy
-640.97064,62.684853,-11.8653755,6.1675615,1.3207414,1.7006408,-11.425717,2.181516,-7.7793756,-8.224621,-4.4529314,-4.7077317,-4.423876,happy
-637.1911,63.099228,-12.593862,3.626771,-0.36838138,1.6646338,-13.0044,-0.61162084,-9.141922,-10.140823,-2.6632621,-3.6062386,-5.5114355,happy
-523.0175,56.362156,-22.982,0.31011173,-4.1651754,1.451715,-12.951427,0.7304489,-10.07469,-12.044542,-4.1414313,-0.47184598,-3.4934149,happy
-525.6905,41.877106,-21.617651,0.4474613,-4.3482013,-1.4162753,-15.332189,2.1437087,-8.584178,-9.478489,-3.330712,-2.7857943,-7.39597,happy
-540.2644,43.22235,-17.589552,1.167436,-4.4971485,-2.3227499,-14.634726,-1.7894887,-10.922587,-10.481071,-5.681403,-3.5488997,-8.019908,happy
-481.32968,45.330578,-25.77842,-1.0444739,-6.865455,-1.4418141,-16.78976,-3.2724988,-14.649792,-11.086796,-3.743202,-4.3522882,-9.171733,happy
-714.926,58.92017,-2.2613804,10.7485695,0.063996665,4.058053,-10.326864,3.746149,-9.372711,-5.7699003,-7.4116015,-5.204499,-3.6649158,sad
-620.8028,50.96894,-11.089162,6.051006,-6.11395,0.4184348,-11.886858,0.075231746,-9.171984,-11.411818,-5.850647,-3.6563659,-5.5421333,sad
-620.6483,51.693184,-13.691478,9.1694145,-7.7159405,3.3060734,-16.740505,-0.47793278,-10.380008,-12.447655,-6.0122275,-6.0219464,-7.287868,sad
-626.03076,40.31365,-14.831151,6.110169,-10.760503,1.0036303,-18.530842,-1.6004074,-9.732136,-13.919212,-5.187503,-4.8113027,-7.581248,sad
-565.69745,46.103344,-24.922596,1.46014,-7.8693585,-0.3392649,-17.838968,-4.9960194,-11.284072,-13.911072,-5.638132,-1.6299545,-6.68796,sad
-525.3172,37.81082,-19.1767,2.4001231,-9.788606,-3.3128777,-13.756036,-1.5912617,-6.910181,-10.687584,-4.789828,-0.9323876,-2.8365777,sad
-479.5994,31.606533,-34.470085,-2.649624,-14.19438,-5.0190835,-21.579617,-9.044331,-14.25628,-16.108362,-5.293347,-4.50399,-6.3209643,sad
-506.00177,37.360924,-30.697752,1.15774,-10.724967,-0.73509955,-21.256823,-4.7944293,-11.756956,-14.0519285,-5.895701,-6.4499445,-8.037617,sad
-585.7502,52.763435,-10.848471,5.0388374,-3.4996078,-2.7646472,-9.978086,-1.51359,-9.520383,-9.057546,-5.041693,-4.515839,-3.724873,angry
-561.96045,47.473927,-13.251722,4.4711323,-4.5030093,-4.604955,-10.232055,0.18582244,-8.08424,-9.680566,-3.9618137,-3.303894,-4.0507364,angry
-581.2424,45.47343,-13.178677,4.51052,-7.382491,-1.8964874,-13.71788,-0.9018183,-11.908792,-10.635848,-6.4171185,-4.595913,-6.1112204,angry
-605.2989,54.979652,-13.335759,6.3971453,-6.1841564,-2.4634278,-11.923446,-0.29316252,-12.15719,-9.66214,-5.599291,-3.4929156,-3.3241642,angry
-434.078,36.961742,-23.049946,3.0066395,-9.176474,-5.653897,-12.089823,4.5838404,-11.562513,-8.591844,-2.254698,-5.7823358,-5.214154,angry
-458.08084,40.76658,-21.140192,4.420616,-9.136565,-6.276565,-12.101268,1.5584242,-11.671695,-10.561809,-2.9004,-3.528738,-5.1100135,angry
-423.49173,31.004133,-22.148771,3.4257364,-9.467512,-3.3779647,-17.521366,1.2703159,-14.576901,-11.1318,-2.0783727,-4.4621325,-4.3308268,angry
-477.797,31.894796,-23.476091,2.0521407,-16.8929,-7.158306,-16.534233,2.093184,-16.666027,-9.390957,-4.582633,-6.798019,-5.869928,angry
-589.78467,48.458622,-17.03529,3.6782794,-7.4377565,-0.882383,-10.65313,0.33379272,-10.826944,-13.163971,-6.807017,-2.859561,-5.5852356,fearful
-572.09424,50.042564,-21.697388,4.18329,-5.0425167,-0.8314681,-14.074547,-0.050433308,-10.486915,-10.856222,-6.2900615,-3.3590667,-6.9415164,fearful
-584.62537,47.72827,-14.669302,4.1121936,-5.6083713,1.6194793,-12.514425,-1.5982171,-11.525729,-12.2675495,-6.1141267,-2.2879748,-7.767298,fearful
-578.8705,45.900986,-12.976329,3.769631,-7.435761,0.31070632,-11.26998,-0.6254529,-9.921249,-11.898968,-7.7918725,-3.5014262,-6.5017447,fearful
-442.46124,33.120922,-29.705448,7.6972427,-11.136109,3.3971586,-10.724293,0.6040794,-12.326486,-12.598688,-3.2374501,0.54230213,-2.5151794,fearful
-466.4921,36.0915,-21.330093,1.4909928,-10.0976,-2.3705316,-11.139613,0.04056835,-9.778443,-10.375284,-7.6365724,-4.51074,-6.1518855,fearful
-456.83792,35.915585,-20.035975,0.9602468,-14.24059,-4.8589487,-13.391955,-2.4712825,-13.753416,-9.989329,-6.6431155,-5.802396,-7.1988344,fearful
-454.50644,32.319195,-18.824198,-0.7997932,-14.787984,-2.805204,-15.612923,-2.1631312,-11.931266,-9.572286,-5.633501,-4.569239,-6.541347,fearful
-628.2414,59.146286,-3.4290042,7.125199,-4.969314,2.9737246,-8.271731,1.3791871,-6.1414022,-5.632515,-8.136983,-2.4559796,-3.0034993,disgust
-623.5349,62.788006,-7.899061,6.872773,-4.465645,0.6549191,-9.667309,-4.9473457,-10.507124,-8.48374,-7.2640786,-1.1004088,-4.9298124,disgust
-607.0526,47.369076,-5.2597456,2.3479323,-6.7923193,3.1112688,-12.387634,-1.5565336,-10.128782,-9.2807665,-5.2952495,-3.558451,-4.9606423,disgust
-582.59906,40.56071,-6.2352,4.637279,-4.030807,6.2687993,-11.810603,-0.6322427,-7.755147,-6.4656105,-2.3125734,-0.83323467,-4.8807116,disgust
-525.27374,43.546585,-10.552707,7.84151,-4.056154,0.19931786,-9.377732,0.2935078,-8.576916,-9.400686,-5.53306,-3.920709,-4.088529,disgust
-554.0527,47.178516,-11.127878,6.675734,-6.217259,-0.6855663,-8.4404335,-1.3440255,-6.809578,-7.748882,-8.001543,-3.0150523,-5.0041137,disgust
-576.42413,47.466667,-10.136213,3.4668012,-8.102889,1.3025728,-12.188063,-3.6243463,-11.2244005,-13.746991,-9.409172,-3.2289066,-5.5875363,disgust
-552.21106,44.343517,-10.9074745,3.767647,-11.894563,-1.5275773,-12.239072,-3.3832269,-13.124718,-11.654501,-9.218627,-2.839418,-7.54649,disgust
-632.14813,55.13037,-11.448425,2.8375683,-4.156297,-0.56297255,-12.387322,-0.9419133,-9.6177,-9.696001,-5.886963,-4.1076922,-5.8245463,surprised
-616.6903,53.155014,-13.383676,3.1072385,-4.9707093,-2.1606867,-12.975248,-0.4767677,-10.4039955,-10.607459,-5.9552855,-2.8042028,-7.1143575,surprised
-586.83923,52.020916,-8.250874,4.104121,-8.962163,-0.16708848,-15.317615,-1.7943237,-13.023827,-10.802557,-5.9426174,-3.767671,-7.8844404,surprised
-584.8598,51.7918,-13.968862,2.58043,-10.106236,-2.3737288,-14.875517,-0.8849597,-12.832587,-12.883438,-5.811565,-2.6960545,-8.05152,surprised
-514.4334,46.786995,-20.912458,0.3645039,-9.637873,-4.2173777,-15.6945,0.6441528,-11.531986,-13.113554,-4.4939137,-1.5545621,-6.7152343,surprised
-521.4643,40.111767,-17.088331,-0.1545687,-9.875235,-3.5395157,-14.183048,-2.2638743,-13.793419,-12.599933,-2.83697,-1.6027918,-3.7747252,surprised
-525.2512,43.674725,-15.526361,1.909097,-9.6181,-1.7924355,-14.234855,-2.737251,-12.660791,-9.056192,-3.7469487,-2.885585,-6.650779,surprised
-510.62125,43.665714,-17.165808,2.9127667,-13.560441,-2.3012664,-15.39314,-1.7677385,-15.824569,-11.702564,-4.9234595,-5.313554,-9.497405,surprised
-745.62787,79.435814,11.096165,14.474286,7.888728,15.525535,-2.4213848,4.975185,-0.916488,-1.1385552,1.285164,1.0312934,2.5144024,neutral
-770.86664,85.491714,6.573692,15.811795,10.540722,16.954483,-0.7035442,7.914267,-1.6544687,-1.4567353,2.8554602,3.303988,4.837098,neutral
-717.5823,78.185074,5.8663735,13.899031,9.541054,13.190982,-4.5445065,6.119659,-1.2851963,-4.528586,-3.6096153,2.6806617,2.2844653,neutral
-743.37396,79.36496,9.5264225,17.085663,7.9080863,13.541262,-3.4233587,6.993732,-2.1070848,-4.7845626,-0.54506844,2.7404082,1.372921,neutral
-771.8971,89.86551,9.974906,20.97704,9.715436,10.3552685,-0.349787,3.5301304,0.4618424,0.77888656,2.690211,1.9315163,3.5646236,calm
-804.9232,80.672035,11.463866,24.3296,12.855053,9.199524,1.4415293,4.7873425,1.5345402,0.30472475,5.752466,2.2068622,2.323348,calm
-779.2038,86.27436,9.48881,24.385427,7.622753,9.100188,0.6717529,4.375345,-0.6787247,-2.711605,2.4223843,3.5341513,4.808419,calm
-739.96356,85.02769,7.8096256,24.409292,1.8952535,8.188356,0.5513839,3.2693956,-2.0227065,-1.5710258,0.83524173,3.127672,4.2859507,calm
-760.5218,82.40443,6.1907973,22.071682,9.353237,12.615443,-0.5623711,5.5802655,-0.7639396,2.9593804,2.5859995,3.6632988,4.0792813,calm
-818.1124,69.37383,11.634334,22.768675,11.425703,10.675944,3.4388795,3.3643246,1.1843287,0.38709477,5.925577,5.276464,5.5398927,calm
-791.41437,78.845634,9.958046,29.421923,8.649224,9.487894,-1.8774338,4.2423434,0.9241691,-1.5308381,4.2767177,5.5863986,3.970733,calm
-807.4257,73.703896,13.295908,29.378805,11.626424,12.725355,0.7406576,5.2077723,0.11511185,-3.2490222,6.3512106,5.512262,4.6029315,calm
-714.2118,83.85258,4.0629964,17.653406,6.317357,14.02469,-1.367708,3.2249463,0.13680884,-1.5748109,-7.5801845,-2.1825895,4.7174673,happy
-690.7287,77.73015,2.730664,11.091739,8.788775,13.939948,-1.7518771,2.3258402,0.910495,0.23204422,-3.4204137,0.40626234,3.685342,happy
-705.6408,67.12863,5.3879642,16.698217,5.6570563,12.044302,-2.9805415,3.4887762,-1.4503423,-2.4397235,-1.5370629,0.018558696,1.7478687,happy
-632.35693,82.63757,2.668416,12.087468,4.4029384,7.6572347,-4.7660136,0.3008073,-2.7310128,-4.6293035,-5.351835,-0.6607264,2.8053591,happy
-654.8162,70.19015,2.0936165,14.880124,-1.5901055,5.2150106,-4.647345,0.45621458,-5.282748,-2.4086297,-8.816509,-5.3364472,0.96770114,happy
-586.4469,78.43536,-7.0535927,4.401645,-2.3162043,8.728765,-5.473476,-2.745218,-4.8881197,-1.6251888,-10.706304,-4.8901553,3.2905896,happy
-583.29614,76.37156,-1.4949576,10.523987,0.7835962,8.559765,-4.559662,-3.3534722,-4.3829613,-7.1172166,-12.456309,-4.484814,2.290599,happy
-581.93896,57.64692,-1.0170158,10.131009,-1.6710632,6.6569147,-3.9997993,-0.5909109,-4.1202464,-2.979383,-7.823537,-7.3153963,0.8450422,happy
-807.9156,78.80208,18.301233,20.22539,12.266488,15.055645,0.37127507,7.652366,-1.1482174,-2.4365408,3.881323,3.410954,1.1622692,sad
-787.7235,86.2447,9.011122,18.975998,10.758525,14.432211,-1.9265211,5.2886224,-1.0911802,-3.5004325,2.3677983,4.0089946,3.2417512,sad
-806.65906,73.12427,13.3854065,19.376148,8.624548,16.145151,1.4619992,6.499918,-1.3463495,-3.577196,-0.24339509,5.009816,3.4874496,sad
-777.7711,83.46096,16.423904,23.009153,9.652596,14.920284,-2.115239,7.3887377,-1.0237086,-3.1468568,2.0324345,5.7039247,3.4100251,sad
-774.4121,79.73259,13.315589,20.63134,9.764149,14.491449,-2.628854,5.5204315,-2.5079188,0.9942371,0.12339967,0.6459771,1.4845028,sad
-790.59973,81.00657,9.106668,17.74947,14.382375,17.070662,0.79103196,3.4602296,-3.4732122,1.5508635,0.6458633,0.10719394,4.09367,sad
-738.37933,64.149254,5.344612,17.254885,9.875319,10.171444,-1.5616273,2.9478457,-2.6297617,-1.0007085,0.34376913,-0.5584886,2.6812787,sad
-768.28424,75.991165,5.6833153,13.939804,9.684701,13.050103,0.04128604,2.1897538,-0.8372332,-2.1460805,-1.6406525,0.07493007,3.9798775,sad
-567.54004,77.56695,-8.457943,3.920734,1.9460759,11.819979,-14.057415,-2.265314,-1.5817612,-2.4103527,-5.664477,-3.5412087,0.5504964,angry
-583.9638,73.541756,-4.8610735,13.352509,5.8811965,13.631638,-11.971298,-0.0745821,-0.5113357,1.731417,-2.8484917,-1.6721636,1.4208887,angry
-658.3985,92.25712,10.439391,15.382305,1.1310185,17.144245,-11.963671,5.0916057,-2.6617105,-4.4118814,-2.721963,0.91068065,4.2951636,angry
-617.5812,86.21082,1.0662209,14.839282,3.6984608,12.383148,-13.410375,4.534248,-1.8325533,-4.6551275,-2.5967085,-1.2582726,0.43521154,angry
-410.08502,53.68095,-17.276892,0.9002446,-3.7101836,5.73275,-12.284323,-6.4308867,-6.3808928,-0.5300134,-9.137878,-4.2107553,0.5410031,angry
-443.39395,57.006424,-11.7556,7.276813,-2.541634,7.9296765,-12.702968,-2.009066,-6.871614,0.37461388,-6.7978516,-3.8408446,0.28460002,angry
-378.97305,46.19807,-11.885606,2.7652798,-7.97421,6.9928646,-11.228325,-8.709319,-6.546465,-0.9612977,-9.294931,-6.717619,2.6781518,angry
-375.92233,48.67503,-15.678991,0.9130914,-9.62566,6.138091,-12.655765,-6.9641724,-6.01877,0.40665245,-11.7507,-9.210701,3.0688975,angry
-679.86957,67.4138,0.6443341,14.287672,1.3319824,9.708746,-7.92942,0.34221563,-3.1056933,0.2781311,-0.40730554,-0.94388986,-0.853048,fearful
-683.11664,64.314705,2.5644445,13.713731,4.293927,11.677069,-6.6618986,1.3347564,-3.0110304,-1.6245217,-1.3743638,-0.65132004,-0.33572224,fearful
-735.6164,74.10585,5.410368,17.390242,6.5559363,12.561914,-3.631566,3.4709134,-1.7304357,-0.34628803,-0.886611,3.3862295,1.3162736,fearful
-639.7596,65.10845,2.5356524,9.924289,3.7262785,8.331626,-8.568151,0.099396914,-4.1446877,-1.7943085,-3.7831912,-1.7559727,-0.7657043,fearful
-494.5333,52.20041,-13.822655,1.4291772,-6.267287,5.561171,-10.054079,-4.2174177,-10.804308,-3.0954976,-6.6993117,-5.426561,-2.0620782,fearful
-487.92834,72.33608,-20.228128,3.4798777,-5.387781,5.915009,-11.829039,-4.924957,-15.595353,-5.6148868,-8.889962,-6.468467,-0.03904337,fearful
-503.2778,49.311733,-10.858417,7.091203,-2.227603,7.33086,-9.972189,-3.3602614,-5.889543,-3.2389328,-9.900846,-7.267537,0.07608168,fearful
-494.52658,62.234695,-13.827054,4.022485,-5.873456,5.2173634,-10.575431,-3.9609723,-12.859762,-5.5710487,-8.6237545,-10.310333,-2.3601134,fearful
-758.5461,69.87072,5.249477,22.440687,6.83653,10.896713,-3.1182969,4.9660892,0.8583696,0.23329887,3.3944948,2.122541,5.839977,disgust
-694.624,61.53536,0.7714964,19.819183,3.4739587,8.116658,-6.211774,2.5990348,1.2059218,1.8568199,2.3991847,1.9591492,5.469426,disgust
-745.0414,74.68063,2.9166036,24.985044,-0.7815652,13.4194565,-4.9082327,7.9895205,0.58247715,-3.9836006,1.5053064,1.0048107,6.48243,disgust
-683.0968,60.523193,6.5681815,18.146255,1.6740507,7.8042374,-4.170031,4.721233,-1.456921,-3.6950996,-0.5599991,0.21939418,2.9029307,disgust
-699.59015,72.308266,5.6202145,19.47585,4.63601,7.8679647,-11.673281,5.971952,-5.4705286,0.5809957,-0.4999265,-1.9358522,0.7753355,disgust
-622.9234,65.84624,0.86262786,15.21992,3.321306,5.6528516,-11.741512,0.46349126,-4.1002045,-1.4250213,-2.6941624,-2.9560647,-3.217234,disgust
-615.2668,68.453636,3.2453578,15.10863,-3.665051,7.4217124,-9.700256,-1.7449671,-9.193847,-6.184594,-3.6485453,-3.9422462,-2.890904,disgust
-662.8744,103.94456,5.9789705,25.181475,-2.6262097,5.326764,-12.232278,1.7989259,-3.0362077,-1.6805546,-0.28292423,-2.1807954,-3.3785346,disgust
-658.2851,69.19514,1.9624767,14.425354,2.3983486,9.600539,-6.348393,0.5347501,-2.5102575,-1.2904505,-2.283602,-2.462925,-0.08590077,surprised
-646.34155,74.12912,-1.6168959,10.048206,2.140601,8.542957,-11.360659,-0.8596175,-2.2113142,-3.2036679,-4.4763355,-4.226305,-0.80088776,surprised
-688.12317,70.1468,-2.9030228,5.632284,3.1993637,9.514027,-11.829024,1.7929635,-1.9158647,-5.4103394,-5.6767635,-1.0669152,-1.430518,surprised
-633.0782,69.727844,4.185075,13.3742285,3.630677,9.555896,-6.489276,1.1586784,-5.136414,-5.1565523,-4.516792,-2.888665,-0.74152243,surprised
-633.66455,58.254837,-1.096031,21.999395,-2.7220535,8.565698,-8.440319,4.7220063,-6.540898,-1.7313105,-3.8496182,-3.3014972,-0.34174103,surprised
-605.8551,68.6233,-0.2138545,15.73917,-5.427988,5.890583,-10.449751,2.4604182,-5.55246,0.3309797,-6.9227567,-4.0636144,1.0659692,surprised
-589.54834,58.11989,-3.6030607,9.387148,-3.2152383,5.0621853,-9.304837,-0.65498435,-6.680671,-4.5606112,-6.979706,-4.666886,1.3564453,surprised
-621.5712,67.74282,2.3976157,13.145085,-2.8208644,8.465307,-10.479221,2.815673,-5.4487224,-3.7028115,-7.617901,-5.23445,-0.93262887,surprised
-767.4759,73.5274,-14.756846,3.7603445,2.1794364,7.1440024,-11.641492,-3.9296544,-6.3410864,-7.774187,-2.549265,-1.2185841,-3.3801289,neutral
-727.09766,79.94852,-17.029322,7.2597513,4.871838,7.3673596,-14.306727,-4.3764863,-6.887235,-6.512152,-0.04131141,0.5865182,-3.106719,neutral
-732.2728,74.715416,-11.193757,9.882124,1.4883373,8.246992,-9.908221,-4.1388254,-6.7703857,-6.9630594,-0.82841,-0.029410506,-2.3578668,neutral
-739.9889,78.82425,-13.175588,7.84388,1.1601878,7.9514666,-11.558872,-4.7770457,-7.6044974,-7.612889,-1.462203,-0.69141465,-4.291258,neutral
-760.0963,70.38165,-7.0369244,14.895753,1.5187687,12.564792,-9.262008,-9.043738,-9.607507,-5.015429,0.31003782,-1.3192326,-3.5726733,calm
-752.2438,79.83723,-6.42213,14.22143,1.2245241,14.126369,-9.305338,-9.426623,-12.13879,-7.8767815,2.4101808,-0.3793958,-2.7276566,calm
-731.6196,91.31346,-4.1083093,13.896773,-4.15542,14.478597,-9.02882,-9.328955,-12.819087,-7.841082,1.4780833,2.0386918,-1.7077609,calm
-713.6052,91.171875,-7.003136,10.2425,-4.775912,14.227138,-12.581234,-11.554876,-14.503422,-4.8884044,3.0239637,0.71669614,-5.1817756,calm
-732.1636,79.045334,-10.74372,12.762476,4.1499114,11.836023,-11.580831,-7.697507,-10.697311,-4.504571,1.3837156,-0.97065556,-4.725746,calm
-741.6592,78.75681,-7.444064,15.780491,-0.22835413,11.3930235,-11.2624655,-5.226492,-10.305707,-5.2053156,2.5254238,-2.4537706,-2.6842628,calm
-735.5878,79.41244,0.60509384,14.837402,-8.089906,12.08187,-11.700296,-7.775462,-14.775683,-9.437133,0.17559117,-2.4581497,-5.1432524,calm
-755.84753,84.86619,3.9826868,14.217865,-4.377262,12.027837,-8.769316,-4.0765033,-9.268899,-6.663219,-0.3563892,-0.66747147,0.64081603,calm
-652.02704,94.69933,-29.828405,-4.8826027,13.840915,5.2129054,-20.845322,-12.188813,-10.927518,-9.06096,-0.98933744,0.9480405,-10.48848,happy
-608.05676,79.35598,-42.20317,-10.743568,5.452472,2.8259382,-22.118572,-11.73423,-10.78048,-14.367832,-5.315158,4.8594413,-10.820103,happy
-676.9961,73.689415,-26.894987,-1.8294779,2.815586,2.6750963,-17.42479,-7.633116,-11.001441,-11.814997,-1.7620538,0.60113096,-10.357549,happy
-641.2782,64.531006,-21.573975,-5.8818607,7.13482,3.4226034,-17.3173,-7.9399815,-9.006384,-11.929434,-2.36287,3.054592,-7.6307354,happy
-458.94272,44.012955,-45.58838,-16.589989,-6.329837,3.9651985,-18.925444,-15.704324,-13.868009,-7.1733146,-10.793342,9.323428,4.180902,happy
-485.51123,42.387985,-45.32649,-14.4224,-9.234356,1.087739,-19.549278,-11.127477,-11.445007,-9.855343,-12.610653,1.9391221,-5.567971,happy
-484.18665,40.23873,-47.015965,-13.493349,-8.785811,1.4309944,-23.656483,-11.573657,-12.019522,-11.572693,-8.228212,3.106581,-7.728936,happy
-469.18704,47.72425,-40.387558,-15.152858,-4.8166256,1.3948017,-22.896873,-15.089243,-10.314307,-10.407693,-6.202414,3.1687143,-7.077639,happy
-781.7784,76.38863,-5.567322,16.752487,0.089470066,11.960409,-7.5350847,-4.4526343,-7.23544,-6.6756196,0.93023354,-2.8291128,0.22928886,sad
-760.2038,82.78668,-12.983112,13.90902,4.607139,11.596461,-11.681245,-7.079911,-8.173424,-8.096255,2.2099779,-2.6249802,-3.0217106,sad
-739.06885,68.97819,-3.521415,8.448589,-5.7618003,7.108215,-12.136314,-6.158264,-10.154979,-10.241537,-1.7823108,-3.812592,-3.4111238,sad
-772.6052,74.988365,-2.319596,10.768792,-5.3147073,10.790869,-11.333268,-6.382632,-9.749052,-8.5212345,-0.8131559,-2.3640933,-2.6014967,sad
-538.00366,48.87625,-42.743336,-2.7120426,-3.0545266,5.1465025,-22.605494,-3.842747,-3.8082068,-14.554675,-2.2159712,3.6610348,-7.4154654,sad
-728.8901,59.39587,-20.916838,8.074091,-6.164287,4.6396756,-17.723711,-4.867445,-7.6284385,-11.7288475,0.1415838,2.0757425,-2.0905976,sad
-539.8534,50.83616,-25.744158,3.211646,-11.660536,2.1852999,-18.576763,-4.154043,-6.56839,-11.744352,-2.22522,-0.38392958,-8.800098,sad
-601.22845,67.22256,-43.22933,6.640947,-10.576336,7.2271523,-29.964558,-9.75127,-12.751556,-18.716078,-3.6401722,3.8949444,-8.069677,sad
-648.0217,63.34721,-16.731077,3.6040108,1.2166498,3.2086396,-13.740052,-3.57434,-8.288426,-6.9835887,-2.4755273,-2.0340204,-3.5617228,angry
-647.54266,77.7722,-11.207561,12.850751,3.874683,7.23199,-13.245911,-0.64404523,-7.0401073,-6.635784,-2.0067537,0.011814966,-0.017089762,angry
-604.39777,65.40564,-19.0879,2.2016296,-3.8812475,0.50134,-21.305948,-4.804779,-9.561754,-12.292964,-3.3509321,-1.1010501,-4.096262,angry
-573.6514,55.04719,-16.191498,3.3417962,-3.8714046,0.09816538,-16.442095,-5.7413125,-5.5722895,-9.8566065,-4.522477,-1.0006738,-2.6680763,angry
-374.82858,45.08974,-35.61872,-16.695122,-11.255357,-4.590291,-20.95162,-5.1012225,-8.588925,-10.689441,-3.8886225,2.3984988,0.39810815,angry
-389.973,45.46704,-36.46586,-13.050208,-10.678765,-2.5088704,-21.19824,-4.1147485,-8.531493,-7.584085,-4.4957457,0.6046416,-0.34129253,angry
-394.4819,40.03071,-29.224438,-12.893313,-14.664667,-3.3436122,-24.441795,-2.5518978,-7.242924,-11.303535,-6.244759,0.34570727,-7.217691,angry
-412.8523,41.163254,-32.127094,-10.742178,-10.059185,-2.6104815,-22.063776,0.18856223,-7.0065203,-12.419466,-6.1815395,-1.8752118,-6.7860084,angry
-706.16113,69.24902,-12.193131,7.8442526,-4.807556,12.632401,-13.430633,-2.1288419,-8.727879,-6.395971,-0.68556887,-0.6570877,-4.539715,fearful
-689.3041,78.4527,-22.808409,5.914672,2.194606,11.987536,-14.404403,-3.0464222,-9.567472,-10.421532,1.6596723,2.465826,-5.3814692,fearful
-676.7442,70.20417,-12.805855,2.2184446,-5.0519023,7.8292093,-19.823072,-6.7644124,-12.74171,-12.5507765,-2.5946822,-0.43780792,-7.3700385,fearful
-675.3297,63.21178,-11.654977,9.173196,-3.2936656,12.814124,-14.673178,-5.1945376,-8.607683,-7.6521463,0.06305294,-1.400824,-4.4405475,fearful
-405.236,42.63794,-51.957912,-17.508692,-15.064602,-4.9716225,-19.916105,-16.536037,-16.146717,-5.348471,-3.4939706,12.639794,10.506026,fearful
-407.7009,36.308372,-48.177834,-16.509857,-15.522624,-6.4527416,-23.39292,-14.367491,-9.536464,-2.3708944,-0.84886867,15.74098,12.900077,fearful
-427.01346,41.47662,-47.299862,-10.3636055,-18.520557,-2.2371206,-24.6353,-16.975168,-11.929381,-9.798536,-5.392827,9.718987,4.5178256,fearful
-368.05917,39.131107,-46.64387,-17.280827,-22.566322,-0.989352,-22.741255,-13.1342535,-7.591075,0.27452552,2.818435,18.046015,13.240598,fearful
-718.33795,83.775734,-10.532091,14.579582,-8.153665,7.6110387,-13.185247,-5.073295,-12.631404,-7.4369893,-3.287561,-3.2462053,-3.6715481,disgust
-746.84735,66.07601,-7.9269695,16.191668,-1.1958228,8.4654875,-9.016899,0.33046508,-11.256493,-3.0241997,-1.1394885,1.9444678,-3.1940053,disgust
-787.4723,58.103172,4.6398044,14.107577,-11.283278,7.531764,-6.7445197,-5.9489746,-12.463589,-3.11031,-2.7152522,-2.8157108,-3.2317882,disgust
-745.98395,60.662273,-2.9393277,11.873779,-10.64839,10.891391,-11.088223,-7.028767,-13.442156,-4.699273,-0.6339442,-4.0726924,-7.0729966,disgust
-586.4936,50.82391,-20.859858,3.5630875,-6.3549786,-1.5031474,-21.45965,-5.897205,-10.310334,-5.7842603,-6.885939,-1.4328072,-5.0612974,disgust
-687.5083,66.78211,-18.883026,-0.4805814,-4.8789,-3.2152932,-15.660713,-7.3110166,-9.110935,-7.2761707,-3.981827,-1.9911081,-5.830417,disgust
-629.46295,66.98709,-10.120667,2.2578092,-3.9102123,4.96349,-15.361145,-9.032662,-9.719402,-3.5475385,-3.6072872,-2.1067884,-6.891881,disgust
-673.5971,66.37311,2.418327,11.185238,-3.2442987,5.791528,-7.7468686,-3.5326233,-3.6031153,-0.48248437,-0.2268842,1.9832561,1.1216587,disgust
-763.42786,73.529305,-6.8283434,5.0051713,-3.3933992,7.140934,-11.051926,-2.5068452,-8.445263,-5.621273,-0.9042172,-1.5756576,-3.4416962,surprised
-722.79346,64.21685,-9.025169,0.8867537,-2.9964635,4.025441,-12.680366,-3.5293932,-9.380221,-9.209736,-0.5865555,-2.5455966,-5.158428,surprised
-702.38635,58.243023,-5.4226384,1.9346088,-6.2564692,4.6922464,-13.596423,-4.7090716,-10.352064,-7.049742,-0.86484325,-1.2889206,-5.4154205,surprised
-708.7773,73.450836,-3.2192984,9.616068,-1.2912333,10.986929,-13.941433,-5.2214346,-10.556053,-5.04459,2.8956165,1.0174404,-3.4875224,surprised
-717.5757,79.602974,-13.107271,7.6213474,0.22719494,9.038008,-18.661291,-3.940175,-11.512816,-5.4177423,3.147604,-2.6033888,-5.2764373,surprised
-605.0874,55.275497,-23.393785,-7.995293,-6.9491367,-2.1199071,-17.265993,-5.1109557,-10.836965,-10.59833,-4.4940248,-0.45501125,-4.9166675,surprised
-610.2141,51.69551,-21.12021,-3.095409,-5.5816274,3.3488526,-18.5954,-6.7456236,-13.261194,-11.246963,-1.9342049,0.09000776,-8.470365,surprised
-608.8314,50.989857,-16.87635,-6.3927217,-10.912248,3.7400644,-19.679558,-5.2548885,-13.089554,-13.068455,-2.8921685,1.2514362,-6.6063004,surprised
-685.1911,91.44493,6.7003827,19.388222,8.06428,17.239891,-7.0186505,2.3264654,-8.858726,-1.7122339,2.0464091,-2.941984,-3.6179066,neutral
-682.37585,94.25595,8.088109,20.869526,7.556281,18.462164,-7.737593,3.6498573,-9.894824,-0.8045711,3.1283548,-1.6335583,-2.6802008,neutral
-670.8587,76.79632,11.147035,15.564753,5.95075,17.093586,-6.5601497,0.97778785,-11.249627,-3.3218868,-0.97752696,-3.03093,-4.4691815,neutral
-682.14435,90.102974,12.780686,22.22966,5.2732944,17.1316,-6.8241796,3.4352596,-10.751446,0.38751316,3.329706,-4.0515714,-3.0682955,neutral
-723.5354,91.70691,10.917064,14.811353,5.649635,19.646393,-5.7743382,1.5954498,-5.906316,-2.3711736,4.501402,-2.2118204,-1.8213048,calm
-738.5714,98.130775,7.3637176,12.641453,4.1095085,17.988504,-6.0968604,1.7653868,-6.673278,-2.1309683,4.278433,-1.4487147,-2.1509602,calm
-721.6017,99.201096,13.109674,23.732002,7.0613513,23.371855,1.5737796,7.4987636,-4.482366,-0.14401774,4.4698014,1.7516934,0.23722686,calm
-720.1585,98.58431,4.9210544,15.639675,4.472946,19.3,-4.1599026,4.3577867,-8.172111,-5.401268,2.5868928,-1.6316074,-3.1975546,calm
-664.9177,92.84802,-3.6773832,25.765017,7.134531,27.950075,-10.749874,-0.07582867,-14.0831375,1.4403571,6.190103,-3.4484394,0.2231223,calm
-689.03253,94.663246,-4.526793,24.745512,4.9283867,18.276054,-7.894153,3.9149475,-12.346135,-8.685496,2.170455,-3.3549225,-3.5423625,calm
-672.8893,94.30765,4.719887,27.00029,5.0508075,22.288437,-6.3512583,1.9591646,-10.226255,-4.7528973,0.04233374,-2.7284856,-3.3234515,calm
-700.043,108.81173,10.519987,19.894226,6.4233475,20.240381,-9.258765,1.6630961,-12.542186,-3.9181664,5.31185,-0.35931936,0.39507225,calm
-690.8388,97.60097,-4.8136754,17.438318,10.129062,19.369835,-4.1547446,5.2636385,-6.2675486,-2.6730418,3.817072,2.834687,0.34836975,happy
-672.12463,95.8703,0.99978167,9.010865,9.643557,12.556572,-7.5497193,-1.7909493,-8.257576,-3.4055538,1.7168201,1.2082635,-5.821294,happy
-648.88885,93.78957,-5.750032,11.752817,6.6184034,14.632291,-5.867281,-0.84166086,-10.115384,-5.070194,2.3150811,0.74289924,-3.6212883,happy
-648.88885,93.78957,-5.750032,11.752817,6.6184034,14.632291,-5.867281,-0.84166086,-10.115384,-5.070194,2.3150811,0.74289924,-3.6212883,happy
-512.1969,86.0672,-7.3359504,8.854346,2.6489406,15.201008,-13.776928,-6.245088,-6.9126635,-6.03758,-6.650435,2.464894,-2.5476649,happy
-469.40402,72.412445,-14.685673,11.758047,2.7314086,12.90853,-15.329283,-5.5797715,-9.356756,-3.313785,-5.561155,0.23645245,-3.3300793,happy
-525.0778,91.01579,-13.522921,5.6760387,3.8942118,14.811387,-18.78126,-4.965507,-6.936727,-9.46572,-6.834322,3.474491,-6.488342,happy
-485.2619,70.141365,-8.326092,5.9631495,1.4007695,15.818752,-11.914036,-8.521184,-9.074766,-0.017516147,-7.5997043,1.8971361,-2.9053352,happy
-755.40985,87.45532,5.782381,13.41448,3.6879442,13.727745,-5.1937156,1.3381411,-6.324772,-7.3969316,-2.3823295,-1.8764329,-2.8198495,sad
-730.02045,95.807076,12.3033285,16.089125,9.707285,19.362137,-5.149747,4.988009,-4.53109,-7.2329974,-0.5048348,0.19100754,-1.3840377,sad
-739.68524,87.9206,12.172471,17.540768,1.3879102,15.421913,-5.5896606,4.0069685,-7.7555585,-7.3176165,-2.3549864,-1.4693485,-3.1007814,sad
-658.00586,94.38582,0.06499353,14.858917,6.3506913,14.752876,-11.687055,-0.38070047,-6.819074,-10.327941,-4.7720175,-0.6235122,-5.5890946,sad
-633.6809,94.717926,-5.434954,11.03422,6.998949,20.168148,-11.770556,-9.371553,-8.13206,-7.7728925,-11.795867,-8.572509,-6.093226,sad
-635.9413,75.94277,5.589508,13.226606,7.2068524,17.061924,-9.983245,-3.5265985,-3.3042383,-2.935399,-6.090469,-1.0889865,-1.5229537,sad
-592.1257,69.157936,1.7986248,15.329565,2.400572,15.389956,-4.3150916,-4.7667603,-8.977144,-4.756286,-6.3082514,-5.084374,-4.416496,sad
-616.4188,69.513985,2.4691534,13.518837,5.353673,16.909077,-8.667481,-8.921057,-5.704484,-6.543907,-10.842329,-4.1780553,-3.427842,sad
-544.7713,73.16177,-10.358592,13.33844,4.810055,15.029965,-13.3049135,6.249743,-5.0035567,-7.4147716,-1.2825496,2.6496706,1.619419,angry
-458.93402,61.729923,-11.86241,9.636173,3.7703946,11.24039,-15.426912,1.2915667,-2.0289,-4.6397867,-2.0542307,1.9982165,-0.9243732,angry
-625.76447,74.51775,3.4087174,19.435621,5.9884806,14.310299,-8.246129,3.6989021,-4.829188,-6.985098,-1.7010751,-0.23504616,-1.018587,angry
-543.35187,67.59553,-4.3970594,16.146328,3.479627,9.014055,-12.870681,1.0161595,-6.158005,-7.485533,-0.7225876,-0.97106487,-2.274447,angry
-451.0677,59.39181,-6.2777314,11.081311,7.4657464,14.533327,-10.614185,-1.9838299,-0.2860958,-1.3567564,-3.121423,3.996511,1.0603617,angry
-390.2718,51.95064,-13.199333,8.289696,6.2049513,11.455559,-14.3901415,-2.3950167,1.2023746,-0.6362697,-4.5785875,3.2610638,-0.6927104,angry
-373.48856,43.320103,-23.760143,2.1682,-4.434816,6.8627806,-19.870396,-2.7718577,-4.9798427,-10.118385,-8.905963,1.094752,-2.6953123,angry
-394.6726,50.606495,-19.806034,7.1794224,0.48968115,11.269997,-16.017725,-1.3698667,-2.678834,-7.0616603,-9.979268,3.9967027,-1.0736018,angry
-682.5831,80.96609,-1.944016,17.106361,4.744398,16.50449,-8.158102,0.49049896,-7.9564342,-8.35938,-2.6578085,0.50506467,0.15806499,fearful
-666.31006,77.826775,-6.2345257,11.061894,1.8930616,13.460344,-10.770214,-5.606112,-9.452147,-9.306153,-5.7762713,-1.3667862,-1.9807466,fearful
-680.71045,68.62199,0.72880244,14.265648,3.7119632,13.285194,-9.092105,-4.579479,-8.964406,-5.5340424,-5.180951,-4.05171,-1.0777074,fearful
-668.09564,60.92727,0.72272885,13.420864,-0.101740055,9.842351,-10.222768,-5.575291,-10.726356,-9.328766,-4.7444983,-5.2158113,-6.1112704,fearful
-499.42136,55.029373,-17.23886,3.335398,-5.3892903,8.037549,-18.651106,-6.7728834,-10.586461,-10.385616,-7.906575,-7.0368514,-6.808771,fearful
-547.91174,52.481342,-12.485001,5.7450953,-4.023797,6.554358,-19.839005,-5.646112,-6.016216,-4.6249747,-8.0011635,-6.1411023,-2.7891903,fearful
-462.9533,45.73113,-22.421932,6.2853556,-8.094124,9.149704,-21.062582,-8.943297,-11.324056,-12.091948,-7.0072403,-6.466037,-7.65359,fearful
-474.66946,45.231026,-18.042658,4.273756,-8.425743,4.389859,-18.731024,-5.8153377,-9.747096,-10.960723,-5.4074216,-3.7505825,-5.615645,fearful
-721.46344,68.96521,2.163214,19.849573,1.6471117,12.879541,-11.429649,-0.7940904,-4.78458,-1.3390468,-0.10191651,-3.0055697,-0.73101383,disgust
-691.84064,76.6491,4.1484766,15.059004,4.415301,11.945502,-12.732775,-1.3045107,-6.577256,0.5656574,-0.30837846,-2.4009817,-0.030777117,disgust
-747.5718,75.8435,13.432491,21.44305,3.3708265,18.788002,-4.668682,3.0660918,-6.763699,2.6156259,2.20392,0.8472361,0.40522492,disgust
-698.91364,67.23646,6.175064,21.191086,2.8763888,15.74372,-14.501318,1.3329839,-5.1051245,1.124434,-3.1243463,-3.663961,-1.7426924,disgust
-561.69666,66.061844,-0.76260877,19.809284,5.9594355,8.413821,-16.410505,0.61695564,1.2869052,-1.9939556,-6.198728,-2.971222,-0.3752534,disgust
-612.7453,72.11917,4.390731,24.674278,8.5527525,13.575851,-10.706611,-0.079563685,0.04544193,2.4189112,-3.445172,-1.5923555,2.4489448,disgust
-611.15546,72.80772,7.5252447,27.887709,7.331596,14.004911,-10.3113,-0.39940038,-1.056008,1.3321077,-2.7885478,-4.4365306,0.4804065,disgust
-610.02893,67.16418,7.213645,29.855272,1.011643,14.8390875,-13.544244,0.19634011,-1.4775399,-0.47852877,-5.8871183,-5.527038,-0.9474312,disgust
-663.73065,79.73736,6.132358,16.629654,3.5607207,13.981419,-11.292764,1.5988294,-7.3753266,-4.639025,-0.11865639,-1.0928252,-5.134788,surprised
-643.116,74.25263,5.7097435,19.294641,2.9605572,13.386591,-12.936573,0.40643635,-5.831004,-1.6517537,-0.9465893,-2.7198567,-3.6315954,surprised
-666.7544,81.005875,9.412706,20.818691,2.467875,15.377818,-11.241872,2.0945663,-5.6508775,-2.4866955,1.1019539,-2.0797029,-4.054178,surprised
-657.79675,79.70089,7.9413238,19.277292,5.706423,15.907753,-11.701764,2.6415145,-5.000104,-4.8821087,0.4393439,-2.352606,-5.1961184,surprised
-522.09204,69.305,-3.8338795,17.697077,-0.5418765,8.605195,-10.912233,-4.0253987,-7.1844654,-6.294817,-4.817645,-3.3349993,-4.0313044,surprised
-610.06555,64.37167,1.7510109,19.925608,2.1790502,14.261856,-12.798636,-1.1385704,-5.750867,-4.009406,-2.5531626,-4.2642813,-4.209443,surprised
-544.6024,59.524452,-4.9843564,14.8963585,-0.7195281,9.685143,-12.071995,-4.671689,-9.281243,-7.182359,-3.514343,-3.2812605,-6.6773343,surprised
-597.75604,63.733124,-0.4394254,19.118214,1.0428809,11.306883,-11.958356,-2.7801764,-5.4922724,-5.0113626,-1.6239886,-3.3878596,-5.8471375,surprised
-724.56476,79.07821,8.611061,21.369987,9.2174425,15.374386,-6.712665,13.984431,-6.3313217,-2.7364106,4.1792,-2.754071,2.2542312,neutral
-713.52106,81.572136,10.422806,19.672953,10.870365,14.779566,-7.505935,13.92227,-5.167852,-1.9298285,2.41937,-2.472002,1.2329038,neutral
-712.07556,76.01943,12.366279,21.779139,8.561011,15.253534,-6.7557926,12.9458065,-7.8019505,-2.1838298,-0.11524872,-2.7567084,0.2629502,neutral
-707.11816,78.951454,9.952194,20.884295,9.219158,13.815606,-3.8895664,12.485267,-5.8106246,-1.650964,-0.046970725,-1.0281692,2.5656004,neutral
-738.0594,82.47542,17.920815,19.800371,11.05121,16.203539,-6.047359,15.335152,-6.8628674,-0.20040902,-0.8113584,-0.95714486,1.6784493,calm
-751.6501,79.0511,14.257443,23.402027,9.972133,14.853502,-2.5346231,13.012793,-6.0469337,0.34785253,-0.6599209,-0.7449381,1.2615848,calm
-734.58673,76.02552,18.408405,27.65915,8.235409,18.009077,-2.1107478,15.266913,-5.8784995,-0.98352414,1.0556163,-0.21209408,1.3765119,calm
-749.5714,80.20373,15.098431,23.601667,11.268713,18.50822,-3.0873,14.3216505,-5.0389414,-2.5427527,0.9421838,-2.6905234,1.8892622,calm
-739.93256,78.968544,12.634917,22.879969,10.848471,15.267878,-5.751885,15.464789,-3.848919,0.80433846,-1.0269958,-1.7512646,2.7819445,calm
-745.79755,80.0959,14.088288,23.498203,8.414594,15.66805,-4.3374863,16.080757,-3.4792686,0.05971412,0.74232,-1.8944675,0.8141544,calm
-740.8795,75.02702,15.722651,25.33917,7.6566496,16.88337,-1.768054,15.706873,-3.8716726,-0.05128625,-1.360598,-1.504559,1.096425,calm
-741.57135,78.062775,13.605332,24.908443,8.786871,15.43477,-3.3599515,13.845227,-6.236078,-0.17710094,1.3940274,-2.6355605,0.9180983,calm
-680.248,80.759995,-2.6151357,10.746902,11.002704,12.974257,-5.2417603,8.461748,-5.499209,-1.4153496,2.758783,-1.734185,-0.37492588,happy
-671.64575,76.22051,-5.0666475,12.957191,13.695049,11.643517,-6.815738,6.645009,-3.8864179,-2.5205948,1.878753,-1.7442207,0.27202886,happy
-689.87415,75.23065,2.456315,15.774593,10.91035,15.331782,-5.904238,7.7073565,-3.9542806,-3.3261914,3.2548723,-2.0291884,-1.1960236,happy
-657.70416,71.03656,-4.3567715,9.794089,8.801399,13.087369,-6.201259,2.8914225,-5.820916,-5.526744,2.053065,-3.2496364,-2.2880564,happy
-573.8005,74.897675,-13.586638,1.7171093,6.930485,8.643815,-11.512801,4.1588473,-4.778054,-7.124047,2.0131142,-1.9298193,-5.823857,happy
-573.10315,71.586334,-15.409598,5.6119814,11.04418,8.164157,-8.634753,5.800166,-0.60476166,-2.6669319,2.5430334,-1.1637816,-4.1334815,happy
-547.67664,67.31983,-16.447685,4.0809746,7.404388,8.380779,-11.701619,1.1645885,-5.455678,-8.660601,0.4752672,-3.5810838,-7.9081883,happy
-576.72675,75.47739,-17.455122,2.709566,5.7126846,7.6499896,-12.940028,0.7955644,-5.9988585,-9.920557,0.17967793,-2.3339798,-7.7428374,happy
-752.6742,71.02371,17.396671,21.823,9.684851,20.47241,-1.4175568,12.607273,-4.493764,1.0431207,0.07177008,-1.1728071,1.800034,sad
-763.1553,81.491425,14.177751,21.60927,11.740057,15.128365,-3.4880002,12.748921,-3.749606,0.5241134,1.8428491,-2.761961,0.8670603,sad
-761.48303,71.77338,14.63363,23.550846,8.441535,18.252174,0.082436815,11.601342,-4.0753775,-4.015073,0.15829176,0.43211883,1.0884382,sad
-750.23004,78.00762,18.142235,20.196814,8.863704,18.825556,-1.588972,11.107013,-8.741,-2.4979157,-1.4644737,1.0835046,4.38955,sad
-672.263,81.34509,-1.6024891,7.8976336,12.350101,13.619333,-6.2543283,1.6281979,-10.51683,-11.310379,2.2848275,2.657166,-5.2193604,sad
-667.4974,75.98007,-1.1553489,11.72173,10.113526,13.819391,-6.0249166,4.5952516,-8.358834,-11.790726,-1.2405605,1.8800522,-2.7367866,sad
-693.51385,76.252785,0.19576876,13.265514,9.592599,13.882136,-3.6745138,4.917798,-3.6443472,-9.518985,0.77779514,4.5056705,-4.83998,sad
-667.7666,88.06519,-0.20923834,15.459056,9.9412565,15.146427,-2.4944248,4.3425765,-9.931569,-16.242912,-0.22210641,6.405866,-4.187488,sad
-590.5436,67.69341,-2.131812,9.23549,4.092191,6.9172754,-7.9933214,10.75549,-3.011429,-4.38023,0.66879064,-2.60176,-1.1368266,angry
-563.1117,60.14698,0.49472135,13.174311,3.6939774,1.6408786,-8.199457,10.116116,-0.26296762,-3.105442,-0.53386754,-4.308655,-0.044127423,angry
-615.93634,56.863453,6.5108356,16.81343,1.4356965,6.8695664,-6.7518487,11.228787,-1.2423972,-4.2991276,-1.1952131,-3.5644991,-1.2349874,angry
-616.5013,60.57787,6.2622404,18.998875,2.2578604,6.9956326,-7.732967,10.039289,-0.6213268,-5.022889,-2.2598693,-2.6442676,-2.6676192,angry
-497.90558,65.29833,-11.077437,5.135659,-3.5838757,-2.2700012,-13.080158,11.33167,-1.729251,-7.120029,-2.7146888,-2.91602,-0.3607541,angry
-408.2311,47.0189,-18.03269,1.957992,-0.0039990097,-4.4925556,-13.249787,6.8105454,-1.0759634,-5.3663344,-2.4399314,-2.9037335,-3.414387,angry
-509.6059,45.79214,-6.162908,8.651158,-4.831096,-0.030923154,-12.48243,9.538957,-5.068142,-8.011456,-1.5563583,-4.365634,-3.4668663,angry
-496.92203,49.02907,-7.7851806,7.83199,-1.9128767,-0.39858902,-14.291061,9.964621,-4.352246,-8.533032,-2.2001374,-5.068646,-3.4936237,angry
-564.7043,66.44487,-15.156415,-0.37144262,3.278944,8.824377,-13.074861,5.59104,-11.038133,-11.045896,-0.8757748,-3.078941,-6.3938284,fearful
-578.7491,77.713196,-7.886115,6.4203253,6.1790733,11.582044,-6.7127166,11.458735,-4.745237,-7.660063,0.61240226,2.0053778,-1.5718396,fearful
-559.1436,73.91423,-10.133403,0.0009896661,-2.1637888,10.200247,-9.610006,3.4559615,-12.340852,-14.598627,0.91852856,0.84702003,-5.7449827,fearful
-603.7793,64.6044,-6.5783005,7.7807336,0.40321928,11.610985,-9.78573,7.4725447,-5.785016,-11.302113,-0.23333439,0.3497755,-8.050129,fearful
-456.71066,38.930515,-18.339876,1.4907622,2.0190573,0.107170045,-10.820808,3.382612,-5.432341,-8.170106,-1.3711201,-0.94340926,-2.4659653,fearful
-478.3167,43.46618,-21.455143,1.4111396,1.1486086,1.1120379,-15.069955,5.2670174,-7.6467657,-9.6517515,0.41652074,1.7362399,-3.242529,fearful
-490.92932,40.064003,-13.0052395,-0.9589418,-5.936728,1.5594661,-12.899522,5.3264556,-8.466018,-9.615185,-5.755553,-1.0977768,-3.97657,fearful
-480.16528,42.46245,-14.77758,3.9738295,-3.056888,4.1650333,-15.0421295,9.742045,-7.471276,-10.203081,-1.6924112,1.5132855,-3.7068233,fearful
-713.2265,75.70802,13.946222,18.867203,6.8324356,13.979442,-1.75986,11.598976,-4.0447874,-0.80289894,-0.10143426,1.7402614,1.7817883,disgust
-718.5485,86.36029,11.85385,17.63505,5.865285,11.1290655,-3.1403136,8.56189,-6.6018815,-2.4473488,-1.3963547,0.84758127,0.32368216,disgust
-700.8483,73.97922,13.752046,24.008165,2.6427054,15.74782,-3.2453492,6.6408463,-6.408341,-4.687808,-0.68404746,2.4558165,-2.9643462,disgust
-713.86414,66.1257,15.227442,21.168427,5.660247,15.869121,-3.1656227,7.9530993,-2.7597554,-3.6840506,-1.3869962,2.3718946,-0.93604916,disgust
-638.72363,66.814674,5.8330154,16.455235,3.7717867,11.230489,-6.3240304,7.089318,-10.032094,-7.123924,0.19448788,1.5221838,-0.5090104,disgust
-682.0469,85.51465,11.570074,13.146573,8.888207,10.2969265,-8.16215,2.390495,-7.4307275,-0.69006914,0.049322873,-1.5543149,-1.1764765,disgust
-682.11255,66.412796,11.97867,20.292315,5.122791,13.1235285,-6.246447,4.137274,-5.933222,-3.902303,-1.0801928,-2.5178928,-4.898322,disgust
-661.7349,61.95157,9.833343,19.527044,4.5423346,11.088471,-6.52652,1.5998114,-5.236032,-2.7234254,-0.038846355,0.4409526,-4.0637,disgust
-646.0458,62.353695,2.8754468,12.085875,4.534707,12.167144,-2.9285216,9.685594,-7.894397,-6.0491753,2.9983773,1.055013,0.70359653,surprised
-646.91315,64.79808,1.8552997,11.193873,1.9319556,9.161091,-5.5480227,10.237468,-7.8167024,-6.40926,2.7511635,-2.9373195,-0.4711521,surprised
-613.01984,55.149414,3.1949236,12.161334,0.87981325,11.947279,-5.5443945,9.2991085,-8.140087,-5.988984,1.8149217,-1.1900929,-1.6734898,surprised
-650.5581,62.038345,8.731861,15.758364,3.2302122,11.115848,-7.1421156,11.02891,-5.964324,-5.0820327,-0.06770196,-2.1671624,-0.68631995,surprised
-587.63367,64.97155,-6.8798122,8.017025,0.8175458,8.49184,-7.399456,9.058397,-9.939093,-7.883545,-0.051321495,0.9610316,-1.5578569,surprised
-583.58875,64.018776,-2.285424,8.20616,-0.12553993,7.133336,-7.4472027,8.925392,-8.326935,-8.810607,1.2589017,-0.7234292,-1.5156876,surprised
-592.37866,54.34656,-0.35552037,7.277545,-4.4156184,5.5840793,-9.459206,10.641981,-6.8839436,-6.393493,-1.8503135,-3.0424914,-0.20122436,surprised
-586.86536,52.14702,1.7075881,9.61272,-3.1205516,8.212399,-7.3695073,9.680877,-9.424283,-9.235979,-1.5394739,-4.1279607,-1.4502339,surprised
-771.5905,100.49775,22.603916,28.222462,20.75665,24.176329,5.546236,8.003059,4.282117,4.4004383,7.340108,4.594511,1.8255421,neutral
-804.2408,87.265015,15.950047,20.883507,11.536417,16.146484,1.4695983,4.7994595,-0.26299906,-0.12396544,5.91643,1.6510326,-3.3918803,neutral
-794.5776,78.50654,11.63548,24.444126,9.2387905,17.8448,2.876209,5.36347,-1.5300016,-2.4725573,2.5964527,2.0632522,-2.556126,neutral
-786.6148,82.17687,11.750974,21.509884,11.027834,15.774215,0.9615348,4.918613,-0.84726673,-2.5568788,1.9989249,1.6798426,-2.8888485,neutral
-792.878,84.40292,11.711248,22.659185,10.396309,20.110916,3.0317125,2.0337048,-2.0643637,-0.72472495,5.1504865,1.3622676,-1.8162388,calm
-748.0795,88.041374,-5.0058846,24.20742,15.657138,19.641262,-1.9607716,-0.58038354,-5.164155,-1.7119659,7.145405,3.7931056,-3.8685517,calm
-707.94806,87.46981,0.07352939,27.07075,7.478424,16.719027,-6.0988207,2.3026304,-1.7294663,-1.3146081,2.9656425,2.4015594,-2.9335027,calm
-778.4702,86.27202,11.932851,27.689022,10.715957,20.678667,5.5093546,5.1907487,-0.83649594,-2.7420046,4.7898045,4.64159,-0.020634165,calm
-830.0441,70.96747,16.022293,25.754526,11.738506,18.585415,6.715222,4.0248013,-2.0392466,-0.8188071,9.350846,3.872114,0.5784627,calm
-806.15894,88.302795,21.558975,32.5593,21.130018,23.172146,9.770877,5.0304275,-0.9769497,-0.06523865,8.438056,1.2884731,-0.42046496,calm
-740.17645,103.091484,9.369387,30.884558,17.233189,22.836563,1.9232925,3.1272452,-2.7031004,-1.9183567,5.451071,5.070609,-1.9334942,calm
-786.0075,88.12206,12.140054,25.658705,9.477612,17.079185,5.8761315,3.1438367,-2.0430398,-2.7043834,2.2366574,2.6261194,-5.0437884,calm
-744.04865,110.98149,14.427489,20.26433,11.643726,22.722557,3.756552,-0.20558679,-1.0587759,-6.2092915,-5.4843354,-1.4126265,-0.32096672,happy
-706.43005,95.19896,4.8495064,12.3258295,11.46919,20.62806,-0.0710156,-1.0984094,-1.4116838,-3.3764505,-0.6458125,3.6381857,-1.3834313,happy
-739.79645,85.127625,4.527689,17.342657,7.05217,20.471792,1.9207075,0.16811956,-2.7770493,-3.6245167,-0.6334817,2.9498897,-3.2186477,happy
-686.3137,87.54293,-0.9497287,10.884496,10.358189,16.295143,0.44240734,-0.5529381,-4.8674116,-9.224182,-3.4825099,3.8011088,-1.9972246,happy
-513.2139,77.748436,-9.6038685,-1.04548,2.2851644,11.323059,-10.479511,-11.735534,-6.7239356,-8.394719,-10.070301,-1.7504987,-0.08048878,happy
-520.7686,97.80062,-4.670929,-2.2087877,5.0271845,12.694645,-12.967272,-13.053026,-6.7100525,-7.83524,-13.761657,-4.2174187,-0.4825567,happy
-498.84366,60.077618,-13.457317,5.9213457,0.97223336,14.555322,-8.644185,-5.4394503,-5.4151745,-5.7204165,-10.8357935,0.5122413,-3.4320219,happy
-535.40607,76.763855,-2.8835275,4.621793,4.2818875,13.343359,-4.2245407,-5.800919,-6.062205,-10.833878,-9.805347,-1.5630763,-1.9201146,happy
-833.1103,75.954056,17.767277,17.619589,15.692232,21.089626,5.650587,8.639272,-4.7371902,-3.8014832,1.7416662,1.497454,3.1815734,sad
-846.89026,62.25801,9.305574,16.331127,10.4107485,14.865271,4.8120904,3.2966888,-5.206042,-2.7848752,1.7032714,-0.3520114,1.2816538,sad
-819.2772,63.17293,8.697166,21.44213,7.31605,16.75701,4.9297185,8.851721,-5.159259,-3.86771,0.21762256,0.50352037,1.6569961,sad
-843.609,69.014694,19.271357,26.026855,13.544138,19.910967,7.492044,10.563536,-2.974152,-3.3435502,3.6024342,3.8830476,3.6513124,sad
-749.0336,101.30604,5.393279,22.51313,12.124168,22.545036,1.6236635,-0.35847688,-6.050264,-6.767978,-4.1160235,-3.505361,3.0343502,sad
-732.14703,88.472305,-0.7468742,19.823257,12.085446,24.854338,-0.50841343,-0.62972724,-8.034478,-2.306292,-3.4337518,-2.326408,0.40814042,sad
-742.97876,88.85757,1.4107476,22.267487,9.935181,22.045414,0.4300163,0.84872735,-8.388711,-5.4616857,-4.1307583,-1.4386042,1.2901171,sad
-736.28687,93.6069,6.6209135,24.096865,15.632917,22.217258,2.391218,3.6043618,-6.3431287,-5.898136,-4.742833,-0.2322055,1.1327465,sad
-746.457,86.925804,3.571607,15.467492,11.325593,24.662954,-1.481607,3.1364388,-3.275879,-2.1990364,-2.6134226,0.80919856,3.0865297,angry
-706.47125,82.020454,4.6318946,13.913571,12.063453,22.864555,1.0376799,3.6893022,-3.2020938,-1.9987652,-1.2489327,1.399234,1.5463247,angry
-621.83234,82.457634,-4.856926,8.79317,9.40036,21.183865,-2.586216,-0.28825408,-0.37769443,-7.8018064,-7.604285,0.25195286,1.6407535,angry
-673.2418,84.008514,-0.74129516,12.946439,11.025363,23.535898,-2.479437,2.1982234,-2.0174427,-4.689605,-5.9075084,2.692625,-0.76747847,angry
-399.54877,67.49266,-13.572152,1.2879984,-0.9436094,11.64477,-13.362787,-0.81568384,-6.428547,0.06532574,-4.721436,0.55930644,1.3103422,angry
-400.9085,70.01186,-15.256239,-0.68578535,-1.7376443,9.108093,-13.3830385,-1.5339918,-6.3704853,-3.9253163,-5.1817007,-1.2224289,0.014426539,angry
-374.67752,62.34436,-14.717811,2.6255622,-5.2457614,8.565713,-14.848738,-3.3576074,-9.407193,-0.94936466,-3.5787697,-4.34665,-0.5560464,angry
-388.88422,62.739193,-15.482232,0.4680539,-6.5064316,7.696175,-13.269678,1.8480194,-8.49275,-1.6862711,-1.2939726,-1.4734181,-0.117926545,angry
-830.15466,65.553635,8.614589,18.598824,9.240534,19.702559,0.17140433,7.2024517,-2.541711,1.151043,4.8310575,0.2735285,0.9447372,fearful
-797.9074,66.312195,8.155643,20.696667,11.643408,18.705593,1.0999451,5.933385,-3.9448733,-0.62895876,3.0434427,2.9750714,0.6768924,fearful
-794.6928,68.686356,13.798,25.34966,11.023882,21.045525,4.947568,9.988978,-1.2857411,0.65190107,6.042357,4.8131166,1.9056433,fearful
-824.50305,64.43211,7.442528,26.1101,10.378474,16.509895,1.9762306,6.495816,-1.9610633,-3.606118,2.995768,1.6566997,1.3758776,fearful
-625.4124,89.34572,2.3605025,14.402074,15.371239,23.466175,-5.4004145,-2.7349796,-2.4098306,2.8678443,-4.8571386,-3.0337396,0.9715289,fearful
-722.7524,70.37574,-0.45693144,21.64806,10.698453,23.90074,-3.5557754,5.2706733,-3.2625847,4.5330815,-0.73915935,-0.5237588,0.4545565,fearful
-590.84784,63.92951,-0.20305634,12.907093,5.051848,15.743986,-7.3245897,-1.9383252,-3.8757164,1.127293,-7.9485145,-3.9707553,-0.17498057,fearful
-548.77136,66.97168,2.5110023,11.2334585,6.497959,17.236658,-5.9687996,-1.3964244,-2.8320863,-1.040355,-7.437386,-3.289478,2.4086933,fearful
-759.09924,95.37824,4.398301,8.495858,12.264965,15.748286,-3.0453792,0.69004226,-8.448871,-1.7203872,1.7873199,-0.92757016,-0.9265833,disgust
-763.85223,90.35125,1.3556038,9.936077,12.82099,16.637604,-5.663872,-0.55181533,-6.867971,-2.5168064,1.445957,0.11520488,-0.5248183,disgust
-788.92346,78.24274,8.959163,18.795086,13.454979,17.358524,-2.4571955,7.0099034,-4.500436,-0.12002657,-1.2853688,-2.626377,2.3559697,disgust
-715.6486,90.17246,-1.5214837,19.32875,16.847553,17.406622,-2.6491976,2.4283986,-11.832019,-4.847843,4.999734,-0.99513257,-0.90078914,disgust
-731.93427,84.93627,7.4826317,12.743996,10.170668,15.557388,-7.993048,4.465274,-3.343207,0.69859177,-1.6128386,-4.0052896,-3.413181,disgust
-698.40314,90.15875,2.951091,14.607257,12.337191,16.08213,-6.775425,2.0506058,-1.7485101,1.0701942,-2.8971152,-2.823257,-2.2045693,disgust
-683.97955,89.55301,1.0026097,12.814185,13.847642,15.458847,-5.6366916,4.8592043,-2.277772,-2.5270846,-1.6911,-2.6375418,-0.4646322,disgust
-677.3322,103.013565,4.941694,6.229761,14.362885,14.914571,-5.6324153,0.36417222,-0.44860685,-3.2079859,-3.3756263,-0.9201572,1.3112893,disgust
-791.64734,85.73398,17.1845,21.360312,12.790649,20.197716,5.1101446,6.271457,1.861642,1.7826432,5.337021,2.651128,0.42516634,surprised
-800.434,83.26973,10.438977,16.346899,11.467578,17.064434,-2.4187145,2.1261895,-1.7168413,-1.5840585,3.635866,-0.79837096,-3.0067518,surprised
-759.8757,91.138275,12.346633,23.812124,14.40076,20.983604,1.9275002,7.130632,0.35729554,0.8279109,4.6098757,1.9644927,-2.1764402,surprised
-779.5073,86.03685,7.4223022,18.159237,9.4910145,16.713518,-2.2024567,2.0485103,-2.746372,-3.55787,-1.1033887,-0.24700205,-3.3189058,surprised
-656.88727,60.64273,5.7021036,10.648007,8.580759,10.174667,-4.102378,-0.42305475,-2.0111258,-2.1265488,-0.8857845,-2.1194057,-3.6443548,surprised
-734.0454,85.08358,15.516115,20.813972,15.595805,19.558165,-0.24271087,3.4979248,-0.8173965,1.5834929,3.8114944,1.2003844,-1.0858479,surprised
-751.9646,76.017136,10.174408,21.782381,8.567366,16.729588,-0.15796661,4.6586313,-2.6025584,0.2695206,-0.40571278,-2.8928747,-3.0875595,surprised
-743.5969,79.10719,6.510736,20.560448,10.9146,17.416252,-3.3495798,3.9741216,-2.1207461,-0.39205995,-0.75300455,-0.9858629,-3.7914503,surprised
-596.9454,64.63007,6.648077,8.077851,-0.23067428,11.433213,-8.115619,0.8882916,-8.19381,-3.273792,-2.920718,-1.6070095,-3.1588488,neutral
-578.1701,73.206566,2.0347974,14.9115305,-0.5970043,8.493226,-12.140992,-1.3571067,-11.369603,-6.9111547,-3.326637,-0.8523188,-2.8861938,neutral
-566.4882,66.1096,3.7538123,7.080296,-0.90836763,11.579635,-11.926803,-1.9896832,-14.338025,-9.761962,-2.648264,0.051392905,-3.275125,neutral
-618.22595,64.04152,9.29801,18.992546,2.3333464,13.190053,-6.9062486,4.8707886,-8.8215475,-3.6123178,-2.2860518,-0.78382957,-1.8436751,neutral
-563.8482,79.28924,-8.369286,14.4295,3.5074437,7.5667872,-16.690989,2.3697815,-13.943831,-11.143151,-5.2998753,-6.1051035,3.7261317,calm
-604.18646,74.32354,0.17630854,11.393934,2.2746482,11.601082,-10.305856,4.1613684,-10.589807,-3.807657,0.19454983,-1.6261134,-2.9923494,calm
-557.1139,61.53977,-1.3741652,12.489706,2.005976,8.978362,-18.886354,8.524689,-16.038456,-11.179732,-3.6539905,-3.9874501,-2.3584929,calm
-559.7589,64.457634,3.5966105,10.952442,1.1674403,9.388881,-18.542377,1.509217,-12.442172,-9.902979,-2.6637545,-2.533957,-3.5987625,calm
-584.09845,74.61062,-0.5562803,5.7222786,1.1550863,13.801443,-12.21127,-1.4731793,-17.286146,-10.782848,-2.6320286,-0.26959682,-1.9759916,calm
-582.3269,73.66345,3.5461707,6.040065,-3.9498866,10.24262,-9.203853,-2.0130832,-13.870252,-11.930876,-3.2548766,-1.1376237,1.1699817,calm
-590.4057,71.67921,2.7852144,11.256137,3.1456077,10.231235,-12.192984,2.5936055,-10.011454,-10.451084,-1.0408258,-3.6297672,-2.7112553,calm
-631.78436,74.591446,9.421776,15.847111,1.842416,15.649767,-7.3110404,6.318061,-8.644055,-3.6783197,-0.78838825,-2.4813354,-1.811815,calm
-518.85535,58.90859,-3.3557403,-0.724691,2.358441,6.758806,-9.757605,-1.1889898,-8.046124,-10.20984,-3.723081,-2.2465975,-4.2662697,happy
-529.4572,59.658825,-3.9162123,1.9397029,-0.030130586,7.6929955,-12.442546,-2.2602549,-11.08167,-10.726847,-5.354788,-0.24625663,-5.263193,happy
-533.5716,58.919846,-13.940795,-1.9503165,2.0629027,4.51277,-13.081351,-5.3030252,-16.581518,-11.907195,-2.0147169,-1.7206618,-7.4169188,happy
-535.36005,66.8623,-6.2552166,4.612798,0.13215062,3.6647987,-16.212788,-2.6981525,-13.52698,-13.774392,-4.1546564,-0.3740639,-7.1439157,happy
-402.77496,58.16032,-25.085873,-7.2832766,-4.1447377,1.7662868,-22.14202,-7.745809,-11.441942,-18.811954,-10.462535,-0.2633383,-9.623913,happy
-416.00418,52.35721,-21.31299,-5.6443386,-3.7148266,5.051618,-17.672102,-8.342634,-11.866908,-16.485523,-9.217528,-0.75235856,-7.5042424,happy
-377.4277,43.896805,-24.442991,-1.9149348,-6.929686,0.47552603,-18.031034,-7.2075458,-10.983022,-15.06227,-11.0956745,-2.9686933,-7.7734118,happy
-391.66772,50.540382,-27.797194,-5.3079314,-4.2769437,4.182506,-19.880129,-7.113822,-10.059877,-17.584042,-10.786218,-0.8335674,-8.884531,happy
-650.48944,70.19714,6.7805333,13.649959,5.5938983,13.404814,-8.8595295,5.772001,-7.7939863,-8.117298,0.893146,-3.382716,-1.0170015,sad
-628.594,77.31315,6.5591493,12.851236,0.3228773,14.039378,-9.931388,5.592822,-13.277714,-10.0428915,-0.50202537,0.9986848,0.8636223,sad
-637.66895,73.86638,14.166146,16.178993,4.8461494,13.720256,-9.029245,3.7535284,-11.576624,-9.54151,0.19487436,-2.8815672,-3.3547776,sad
-645.6941,76.85908,15.359509,16.445667,-2.1409087,13.495273,-8.285694,5.4122024,-12.382337,-6.1888766,2.0813549,-2.1387846,-2.1822493,sad
-549.6969,76.24895,-6.8534317,9.939269,6.331542,13.003709,-13.456019,-1.3782586,-9.234915,-14.701338,-0.43682176,-2.7769828,-6.1216784,sad
-590.1153,85.34381,-8.786713,9.313595,6.0355673,16.448029,-14.044169,-2.2006114,-17.799042,-17.516993,0.7504395,0.36111724,-2.1902728,sad
-626.65265,66.950424,9.3114395,21.612192,3.6184292,13.681565,-6.788178,2.206592,-11.317223,-8.705804,2.5789807,-2.2305746,-3.4474185,sad
-611.62354,66.78094,3.449656,19.386967,5.769998,12.156928,-5.88949,3.9846542,-10.693566,-10.592658,0.17221501,-3.7423608,-6.8198714,sad
-553.47015,88.234634,-2.3688972,8.792579,3.029175,6.401692,-14.079582,-0.15231207,-15.495272,-12.7613,-2.7191932,-3.6386392,-0.648829,angry
-505.87006,81.6538,-12.842392,1.0868381,0.42972454,2.614168,-13.505511,0.96336675,-11.061431,-11.353541,-2.7054658,-3.3675888,-1.5594362,angry
-534.1194,78.02651,-2.25674,4.935314,-2.4330263,7.734362,-10.023837,0.6846241,-13.829264,-9.341181,-2.6267073,-1.9240074,-4.213579,angry
-529.8806,81.08531,-6.026219,5.742434,0.8521977,5.579107,-12.371506,3.1703916,-17.437128,-9.6819315,1.3312435,-4.592171,-3.9383192,angry
-387.10577,57.350224,-14.919951,-1.1047062,-0.76392245,-2.6003342,-15.092125,-2.0791073,-9.92163,-10.112857,-3.5207868,-4.5788155,-5.3045206,angry
-398.36682,61.800625,-18.434244,-3.8000762,-8.24678,-4.3279595,-15.773356,-2.7261915,-8.563694,-9.873085,-10.200603,-5.562945,-4.9734178,angry
-419.39987,52.741863,-12.726398,1.2444073,-7.3824553,-2.1719096,-14.265615,-3.152967,-8.690493,-9.774142,-9.652477,-4.720683,-5.6438646,angry
-414.0394,55.819607,-19.067305,1.8836796,-8.054758,-4.679798,-16.170132,-2.3083322,-10.847314,-9.434908,-8.544183,-5.6883974,-5.7119155,angry
-571.376,73.519936,-6.626982,5.5569487,0.11920357,12.270017,-9.628481,-3.7037132,-17.401941,-14.563513,-0.96971685,3.242291,-1.0769436,fearful
-640.56067,71.85816,3.2813218,14.148529,-1.1688437,11.712356,-4.76581,4.9452534,-12.258069,-6.307091,2.3039792,2.6720219,-0.7890297,fearful
-611.25903,62.58029,5.968865,12.238518,-2.5109706,12.6237955,-9.189692,1.2985094,-13.795719,-11.055338,-1.6835551,0.55243814,-0.53023374,fearful
-608.02515,59.844227,8.679351,13.863491,0.46856198,12.895133,-6.9407296,5.083264,-10.899532,-6.2234664,2.4504328,0.18926501,-1.7884669,fearful
-462.18417,58.300858,-17.537727,0.90795827,-3.5306091,3.059823,-16.407509,-6.9654765,-11.590751,-13.739644,-5.0656924,-2.1740773,-5.5037484,fearful
-499.41486,61.027733,-19.182016,0.74077845,-2.7776911,5.6433625,-17.922499,-3.6160502,-11.969255,-14.113431,-4.7447033,-0.956391,-3.4269276,fearful
-477.25894,55.464527,-11.763212,2.944173,-3.2857013,3.8635623,-16.97844,-3.5644438,-12.757456,-14.06837,-7.2951365,-2.6486115,-4.988352,fearful
-568.2842,68.41204,-6.4412756,8.530449,-0.6738978,5.859104,-14.383101,0.29998747,-12.10426,-12.466692,-2.6276278,-3.3786557,-5.5348086,fearful
-636.0877,85.16804,1.8340468,9.812815,3.8140528,10.5914,-9.112691,7.6494,-11.184825,-8.160668,0.8143359,-0.35297367,-2.0785844,disgust
-626.5254,94.99737,3.0830617,5.275088,3.793873,13.29705,-7.233472,2.3746293,-16.984272,-8.537978,5.124689,3.0119653,-5.97587,disgust
-607.84125,78.518005,10.916772,10.1059675,-0.4014731,12.2782,-7.5293946,3.9885874,-11.350042,-7.5806055,1.239083,3.8458402,-1.4199263,disgust
-559.569,72.53224,-8.041326,4.641993,-2.6467953,11.688649,-12.281905,4.105152,-15.934987,-6.426921,6.342727,3.5644073,-10.265973,disgust
-485.30457,74.91643,-11.972434,-1.0199047,-1.7015235,6.736183,-16.05528,-0.09810719,-18.787296,-10.812352,-3.2232974,-1.5914457,-9.335125,disgust
-466.5606,73.485405,-14.642855,-2.5740726,-0.17254889,4.354225,-16.840578,-2.6020455,-17.841452,-12.022663,-2.2144918,-2.663331,-9.036466,disgust
-515.4236,72.37723,-9.096273,-1.7219108,-3.6338012,7.4969096,-17.193258,2.647223,-21.486061,-11.457668,-0.7597918,-1.5592257,-10.737356,disgust
-476.0867,70.18886,-10.707117,-3.3511496,-10.387791,4.6795917,-19.215637,-1.4569956,-16.61834,-13.975317,-6.4380064,0.48318422,-8.370224,disgust
-570.51654,53.701954,1.3271428,9.562969,0.8598376,8.916297,-10.791361,1.0856662,-9.239048,-3.1580944,0.55675256,-1.3061165,-4.8071895,surprised
-589.026,67.63633,4.9304214,11.69105,0.29456598,8.508433,-6.898902,0.729575,-8.612042,-5.5961685,-2.1099634,0.8912978,-1.5169055,surprised
-520.56665,57.123196,-0.477673,6.28597,-3.3060648,4.8988853,-10.563694,0.20612259,-9.693843,-4.864597,-4.3381696,-0.89825743,-6.1395082,surprised
-596.6689,67.47552,11.211584,12.176373,-0.18447708,10.295311,-11.800258,1.8291708,-9.830633,-1.5661734,-1.5972703,-1.2042618,-3.9362164,surprised
-497.897,57.262745,-5.3051248,2.4611502,-2.7557511,5.4732223,-11.944717,-0.40087324,-9.003604,-9.008351,-6.6912065,-2.7575068,-3.5248737,surprised
-504.48895,55.19649,-11.310443,1.4097906,-1.6465305,-0.5098449,-12.559837,-3.8015962,-11.008413,-6.7522492,-4.2338557,-4.225988,-5.7254505,surprised
-466.98376,45.48193,-3.3368535,2.0831475,-9.271566,5.9087863,-13.520139,-2.262851,-7.104465,-7.264107,-7.666126,-2.0499134,-7.079326,surprised
-463.9473,55.791977,-4.675094,4.4859443,-7.2063923,4.994133,-12.510364,-1.9095058,-9.404054,-8.369539,-6.246583,-0.94842225,-4.934122,surprised
-758.8544,71.90479,19.165865,27.339312,8.181487,17.790678,1.2747118,9.492997,3.147951,2.6817024,1.2542042,1.4822493,2.8047476,neutral
-732.5187,76.38943,17.638344,26.667929,5.4494395,18.025307,1.0683857,10.585946,3.309341,1.4424696,-0.63250846,0.8491357,2.8457286,neutral
-739.2804,70.36791,17.302437,28.55305,9.391957,17.10453,1.5385967,8.9337435,2.297414,1.7264214,-0.45298386,2.2758436,2.7612376,neutral
-733.25635,79.312614,20.48084,33.42806,10.248781,20.7964,2.6663644,9.544006,2.682493,2.2736034,0.6557429,2.9822109,5.3194246,neutral
-768.209,72.479195,18.02152,29.731403,10.034633,21.671068,6.7402043,12.245995,6.0878534,3.5209444,2.2097752,4.1666636,6.3089046,calm
-753.7456,86.04419,19.870487,31.126114,12.524379,23.635899,7.207679,11.000593,4.222551,2.1261408,1.4994439,2.4003177,5.1807437,calm
-742.5898,77.87263,16.302908,31.207113,7.2443495,17.545584,3.6896102,9.412281,-0.23175634,0.19097428,1.3019345,1.9625459,4.9610734,calm
-753.3549,78.284836,15.46835,34.490685,8.380394,22.007301,8.406257,9.259832,4.595808,3.831504,0.44680476,2.637773,7.6279807,calm
-759.66895,81.5417,16.198223,28.417454,8.285497,23.475157,4.777773,8.465812,4.701557,2.2609782,1.885921,2.0923853,7.692547,calm
-774.5937,70.74321,8.281498,31.23466,9.911882,21.056744,6.55848,9.031161,5.864817,4.2574306,2.684318,0.2399965,6.807194,calm
-751.35645,74.12404,17.598696,32.9411,9.036399,24.251823,4.0120482,10.606648,4.4465384,3.9987247,1.1864195,3.437894,7.0952277,calm
-752.089,79.75933,16.11674,31.51675,9.46981,20.750896,4.685381,9.287197,3.576999,2.9288707,1.4672899,2.6454413,7.6168294,calm
-691.5276,67.64158,11.938578,16.43815,4.749771,13.948555,1.1265167,5.302118,-1.9748181,-0.53971195,-1.1379021,-1.7436148,1.6346164,happy
-691.32794,71.89916,14.167541,19.753836,3.7533953,16.2706,2.509738,5.5251164,-0.060414664,2.0776737,-1.9135065,1.1648685,3.2938542,happy
-685.7315,67.12879,11.678577,22.698023,3.2329319,16.0328,3.4011948,4.0362735,-0.36767498,0.98980385,-2.271305,0.6836374,2.6733751,happy
-680.117,64.21047,13.815179,22.578897,3.9125214,15.696125,-1.2008842,7.06071,-0.65351266,2.1166143,-1.9157319,-1.1438131,0.81872845,happy
-518.1816,67.13934,4.3139734,15.141035,-1.4810346,8.512429,-2.2059865,3.8421106,-1.1363127,-0.61463594,-6.5249534,-3.6665432,1.209945,happy
-514.6045,62.555244,-0.16409329,14.666086,1.1578262,9.740502,-3.0039861,2.7485201,1.1188414,0.16323678,-2.8586307,-0.61221033,1.2960459,happy
-532.39343,68.55252,-3.2168443,13.159064,-4.7356954,6.3896136,-6.5848784,1.6762503,-3.0002737,-3.8860216,-7.7787876,-5.6636777,-1.775321,happy
-534.58734,57.255585,3.9571714,13.832829,-2.3468115,5.326597,-3.008405,-0.12048284,-3.1616578,-1.9302611,-4.396206,-5.44185,-1.7616674,happy
-728.32996,70.00835,12.096616,26.873281,8.910946,20.300043,2.7989378,8.51889,3.1881168,4.2155175,-1.7485254,2.7803721,5.090331,sad
-740.29376,76.22516,17.390541,31.961319,10.291513,21.04695,2.1729908,10.960994,3.2092705,4.124545,-0.8392274,-0.21939701,5.3315825,sad
-727.67084,70.09895,16.423567,30.12283,7.419349,14.084158,2.5438063,8.4206915,1.7196255,2.980688,-1.1151,-1.5581787,2.88185,sad
-728.0648,68.76649,17.807657,28.844748,6.7409496,16.37297,2.437414,10.408105,2.4962635,3.4472132,-1.5671787,1.0027066,3.6467543,sad
-635.47363,63.993034,6.8975763,16.907991,0.07839517,9.819348,-0.16363856,3.4819324,-2.0873644,-0.17977165,-3.0077584,-3.7073565,-0.40139848,sad
-579.0722,81.82524,4.5997615,19.85055,2.241045,12.950649,-1.5788999,0.7400022,-2.3578205,-2.391623,-3.805175,-4.2085004,-0.14486463,sad
-597.0054,61.306602,3.722465,18.924969,-0.81007695,8.881651,-5.6663995,4.264951,-3.2671347,-4.861645,-5.993853,-5.11075,-4.0681047,sad
-555.52844,54.855057,4.1999674,19.728914,0.28959876,8.306349,-3.6686802,5.1586347,-5.519344,-3.1201112,-6.4236965,-5.6419034,-2.779518,sad
-570.80414,64.99627,2.8052142,17.679733,-0.6299583,10.008672,-4.04525,5.495784,0.061961878,0.21514085,-2.9295425,-1.2619102,1.9666748,angry
-611.8498,65.9326,7.326173,21.691463,1.1237137,10.333849,-0.66108,5.367178,0.27251354,1.1494321,-3.557552,-1.608097,3.6782796,angry
-566.9577,64.87337,-0.0557412,17.342953,-3.3469882,6.539287,-3.3267763,4.8000417,-2.1107717,-1.0518438,-4.365917,-4.6788044,1.7928996,angry
-563.58875,68.88383,2.2525272,20.982067,-3.2884414,8.304085,-2.9706047,4.567684,-3.48683,-1.4316785,-3.7615685,-6.4557724,2.7940562,angry
-476.8604,55.22922,-5.190891,15.66881,-2.5836658,4.870916,-6.6226087,1.381127,-0.22890197,0.25789598,-3.765286,-4.5730085,-0.32228395,angry
-407.55774,54.45603,-13.608109,13.5738,-6.770721,-0.42783812,-8.232095,0.3622618,-3.520916,-0.0037950613,-7.098348,-5.576873,-1.2700322,angry
-393.40836,57.16402,-5.2826514,15.507657,-1.7194501,2.2483084,-11.081664,3.628679,0.09609474,0.9674676,-5.5669513,-4.3821363,-0.6871108,angry
-372.38046,44.784588,-16.108162,12.324383,-9.942547,-2.0335052,-10.663689,2.761692,-3.6376016,-0.60298073,-6.8955135,-6.729144,-2.064318,angry
-682.21765,72.50126,10.495388,24.943312,2.7502697,15.018012,0.91092855,9.396455,1.2740455,3.2063186,-2.5157397,1.4255546,4.151856,fearful
-650.5551,71.148705,11.252196,24.18941,0.17565371,13.545242,-0.8255597,8.978571,2.1034904,2.7192082,-3.1302063,-0.7896443,1.3107778,fearful
-639.8367,69.84196,6.485267,20.101355,1.3025185,12.839445,-0.06037862,6.64149,-4.000487,-5.13464,-4.207615,-1.5266211,-0.16529447,fearful
-626.8488,66.11755,8.598803,18.635511,0.64586264,12.805634,-0.8650831,6.600624,-2.4932745,-2.6597872,-2.077098,-1.8546114,0.5347922,fearful
-512.7294,64.373215,-9.571567,12.608449,-2.8773801,7.5383162,-6.5301986,1.54813,-2.0637116,-4.56417,-7.9781766,-3.5056963,-0.9217748,fearful
-472.82214,53.581142,-7.775904,11.045127,-1.890745,7.6940746,-4.9109936,1.6305258,-0.9769776,-1.9669666,-5.455019,-0.7456889,-0.73622745,fearful
-462.72717,50.606747,-12.509428,9.563113,-5.0601645,5.7997503,-8.065089,1.1617408,-3.5079677,-6.5436096,-7.583008,-3.5594232,-1.8323154,fearful
-452.08484,50.328873,-10.448164,11.337684,-9.023392,5.6652822,-5.5315776,2.9118345,-4.795626,-4.235192,-7.4464116,-3.4620097,-1.5028547,fearful
-649.1862,65.535484,9.518448,23.14117,4.719982,10.930837,-1.7183034,7.820291,-0.5744995,0.044595912,-4.112142,-2.1226356,3.4710958,disgust
-621.0192,63.13957,8.43082,20.049997,5.6631594,11.390047,-4.0644774,8.196553,-0.77209,-0.9812949,-3.2626896,-2.1505773,2.4727726,disgust
-657.07434,65.92716,15.524601,20.474106,0.9697359,10.091519,-0.9571333,8.445911,-2.844802,2.8921936,-1.7736987,-2.082708,4.272558,disgust
-628.4022,71.628784,18.12577,22.606133,0.6876776,7.724906,-4.560065,8.276053,-2.570548,2.0133154,-5.076804,-3.1602116,2.518326,disgust
-583.4716,63.945915,4.80797,21.99493,3.512938,11.254563,-3.155287,8.18498,-1.1488979,0.14680973,-4.9769907,-0.8577298,4.9166393,disgust
-606.97766,73.96348,6.360736,27.191916,3.8589404,16.837132,-4.192284,10.653203,-0.5451389,1.3081303,-3.6224458,1.2863989,5.445768,disgust
-622.7744,78.39273,12.709979,24.91866,-3.6150246,10.30835,-4.9431095,9.893761,-2.595801,-1.0701951,-5.911109,-4.375165,3.0161905,disgust
-572.6427,67.05291,8.615543,20.611252,-1.1430883,7.117086,-3.8800275,6.206889,-2.2448645,-0.6360551,-3.2924423,-0.9322022,2.4547842,disgust
-704.7359,55.665096,8.526432,18.34552,-0.23844634,11.729694,0.100148305,6.772727,-1.0767462,1.1970295,-2.307468,-0.16060597,3.2865467,surprised
-664.84436,54.07535,7.8392544,13.92642,-3.8931413,8.116676,-2.015189,3.136302,-2.481886,0.10773455,-3.2373848,-2.8011482,-0.15710315,surprised
-605.7032,58.04222,4.126603,18.6121,-0.5964847,9.617891,-1.9341619,5.449337,0.59189254,-0.20220926,-5.631972,-1.7613423,1.2533011,surprised
-603.42084,63.460587,-2.5123181,13.960493,-5.738648,10.271082,-2.413992,4.424173,-4.8901863,-6.735041,-8.776105,-2.4676697,1.5158812,surprised
-618.6782,51.336807,0.84473675,13.7760725,-0.73259246,8.760256,-2.8669484,4.1627007,-3.003808,-0.70938796,-3.807003,-1.6861856,0.9125519,surprised
-527.11316,49.621777,-4.658979,14.762074,-5.5727806,5.5491385,-4.479635,1.7607231,-1.8204362,-0.24819694,-5.846453,-1.9976655,0.9735856,surprised
-571.0102,50.202183,-2.85783,15.233767,-5.576381,8.237309,-3.2185264,2.8895998,-2.794404,-0.72063327,-6.5015554,-2.8549702,0.92015445,surprised
-553.1301,43.558586,-4.590524,17.522242,-6.128591,6.788306,-4.580125,1.3852925,-1.9342749,-1.1717763,-6.341938,-2.107463,0.7319951,surprised
-708.8339,75.429184,2.318978,11.532309,3.199732,8.529489,-8.022232,3.2352843,-4.8939056,-7.322584,-6.556319,-3.1947448,-5.166245,neutral
-722.42004,76.77516,0.25772095,12.855943,2.5285304,10.758529,-7.955712,4.1667466,-5.3882613,-5.8595543,-5.7082753,-0.17370076,-4.368734,neutral
-692.4902,75.90439,2.1122992,13.222737,0.90738475,14.055507,-7.4258966,1.2569332,-7.5006456,-8.698587,-4.9581227,0.9658427,-5.4881744,neutral
-703.15576,71.299965,3.021367,16.090376,-2.5790958,13.61456,-8.11228,4.207314,-6.7119956,-7.47399,-0.7866254,-0.33709028,-5.905824,neutral
-691.65106,76.12364,0.3863448,13.250223,-0.7968721,11.390364,-8.911751,5.0593085,-4.259523,-5.5769563,-4.1232963,-3.4571269,-5.8168206,calm
-701.8375,88.787476,0.10012386,14.011082,0.91848326,12.445513,-6.926969,6.0673585,-6.958461,-6.100503,-3.3593311,-4.80974,-5.2343507,calm
-700.39966,70.46904,-0.026043046,12.896729,-1.6745088,13.46279,-9.60528,2.2119243,-7.946399,-6.753214,-5.458518,-3.2210217,-6.7395225,calm
-693.7057,67.95179,-0.38780817,13.6174135,0.73230034,11.593903,-7.825334,1.3342601,-7.548838,-7.629045,-4.371366,-3.0597057,-6.936396,calm
-709.2109,75.48191,-2.8160498,13.39944,0.8165972,9.991022,-7.3866544,3.0766103,-4.2274446,-5.44761,-5.0095153,-5.670119,-6.221265,calm
-711.04736,81.62979,4.766016,16.030996,4.864413,12.737478,-6.08885,4.1380873,-2.3983755,-5.8316975,-4.625157,-3.2499387,-4.7891803,calm
-701.5932,69.74202,2.5566492,15.458292,-4.493707,12.849492,-10.054173,4.526251,-8.399968,-6.1357117,-3.5517154,-5.489461,-6.62625,calm
-706.8333,72.367256,0.4617903,17.170359,-4.6562223,10.280715,-8.922843,3.1175752,-7.1093073,-7.0460887,-3.9600382,-5.25,-8.250252,calm
-634.9757,83.63218,-16.486906,5.4437304,2.4057446,7.374163,-11.282814,1.90379,-5.965931,-10.416774,-2.5082378,-0.12234633,-4.9426627,happy
-633.54846,85.4299,-10.514045,7.655918,2.0158033,10.284643,-10.051627,2.5019567,-2.8076982,-8.739515,-2.3354824,1.237436,-3.3787017,happy
-621.8661,65.24586,-11.991793,7.4111342,-0.5194858,7.619534,-13.272074,-0.297851,-10.450953,-12.336401,-5.1724114,-3.2451825,-8.796328,happy
-619.3244,75.79368,-11.967565,6.1189976,0.2724919,8.626915,-14.338244,-1.8716636,-8.648002,-13.241169,-4.3916287,-1.7560585,-8.2123165,happy
-493.52792,55.06227,-15.164302,-0.8972403,0.20331861,4.5822725,-12.973036,0.06342704,-1.3606892,-4.2468195,-2.6980944,2.9794242,-2.4216354,happy
-499.23,56.19915,-15.056889,1.657803,1.1090629,6.857947,-12.224187,0.3200371,-0.87820095,-4.1014204,-2.9136686,3.2919195,-2.6787436,happy
-574.6626,64.088646,-15.850733,3.1314385,-1.7499992,7.125395,-13.760668,-0.70322114,-7.2785926,-10.577116,-4.779141,0.62424654,-6.5731006,happy
-490.84058,49.75734,-21.677732,-8.1267185,-8.014036,3.20893,-20.749594,-4.329236,-7.555845,-10.2118225,-8.186279,0.015127719,-7.525017,happy
-654.4894,77.30408,-4.0832987,5.640423,0.22231366,8.601616,-10.11448,0.45647296,-7.6464577,-8.527757,-6.4510126,-2.3830173,-4.607969,sad
-641.9382,81.56063,-0.5259815,9.225303,4.056046,10.26979,-8.156503,0.7238309,-8.141051,-12.107889,-4.507112,0.4854673,-5.047546,sad
-680.7999,61.00883,1.2701501,14.231955,-0.044370968,11.020168,-3.0975714,5.9617367,-5.4588294,-8.235135,-1.9498408,-2.0286105,-4.7433696,sad
-660.8053,71.03138,-4.3198166,9.91731,-1.5432397,9.513564,-10.299267,2.76707,-10.620562,-11.835575,-5.518936,-3.1857545,-8.290751,sad
-552.9022,63.664406,-12.066323,1.5254161,-3.2258966,3.7924657,-16.36722,-2.0265262,-6.85989,-9.8166485,-7.7200165,1.2529553,-2.8513649,sad
-519.8947,60.835354,-20.85623,-6.5389533,-10.295874,0.7751961,-19.840963,-5.2140083,-10.483442,-14.694821,-6.955492,1.4908454,-5.9056244,sad
-549.86694,52.858532,-15.043639,-3.9188156,-7.1932364,0.8287492,-15.303743,-5.6959047,-9.45774,-11.704675,-9.62858,0.14783321,-4.268402,sad
-497.04245,48.981846,-17.444773,-2.8209183,-12.929659,3.2779713,-20.796005,-5.880804,-8.276211,-11.337586,-8.908095,0.3817591,-4.2822495,sad
-612.195,70.89709,-2.834483,12.857362,0.96341455,5.618651,-7.5659776,5.6870294,-1.9150604,-4.8749886,-2.7596445,-1.2486274,-2.1003,angry
-614.28076,78.30935,-3.6116793,12.051402,4.9035378,8.097507,-9.611396,5.24467,-3.811637,-4.9961343,-4.6010118,-1.9630982,-1.4781867,angry
-655.6513,67.52313,1.2115294,15.549086,-2.581603,12.275012,-8.146252,2.1148963,-6.246282,-8.89178,-2.6185634,-2.3032904,-7.4034247,angry
-636.2,62.22908,-3.2901554,10.136466,-1.7316986,7.742423,-10.05664,1.020993,-7.394131,-10.39739,-2.4464684,-1.8292198,-6.3580914,angry
-467.5924,60.114483,-7.122107,5.2939734,-3.8941424,4.52205,-9.095437,2.6549177,1.7752393,-4.8790674,-2.1616645,0.8012346,-2.233209,angry
-401.38705,51.26153,-13.474899,-2.6061218,-9.51567,3.8318388,-11.841293,3.2786193,-1.2997476,-3.8834438,-4.1248937,0.1072531,-3.6307285,angry
-490.34708,59.74647,-6.189666,6.0628242,-4.950231,6.9862866,-11.66882,2.899812,-2.2994401,-8.272705,-4.559092,0.033856943,-5.518786,angry
-443.34454,56.854424,-10.043819,-0.5422423,-12.282593,5.850629,-11.562101,0.9983831,-1.778562,-5.93136,-4.5618477,2.0896974,-0.9134164,angry
-552.2887,68.21869,-8.064596,10.55949,0.37219754,8.717837,-8.236539,0.822642,-8.751875,-6.5306616,1.0018697,0.23487648,-3.5032406,fearful
-569.85095,67.66922,-10.471859,8.100476,2.0610523,8.147166,-8.725266,0.46771288,-8.016748,-8.261861,-0.77178717,2.1533244,-3.8108332,fearful
-606.2666,63.189014,-11.997489,9.063613,-2.296099,6.7200956,-12.701521,0.33555546,-13.618792,-11.606782,-1.0407099,-1.6872288,-7.1851206,fearful
-596.18115,62.0593,-12.281594,10.210357,-5.1059675,9.019827,-14.009146,-0.29585215,-12.934438,-9.569944,-1.9122789,-0.46434724,-7.11692,fearful
-455.34348,53.560013,-16.697002,-0.08248319,-7.089504,5.9812117,-13.340648,-0.55286884,-5.3425336,-8.68628,-2.8004944,5.1185446,-1.874693,fearful
-425.49866,48.12052,-23.09628,-4.48033,-12.656036,3.470421,-14.318053,-1.7385843,-7.0042677,-10.641643,-5.832264,0.8592431,-2.3440533,fearful
-442.30905,45.546432,-16.904997,-3.612067,-13.997831,1.7156192,-15.980715,-3.7169893,-12.6091175,-13.15918,-6.6575847,-1.6987514,-6.4517217,fearful
-440.12503,46.075397,-21.30261,-5.747719,-12.697239,2.000091,-14.666952,-1.3022616,-8.89966,-11.969929,-8.272011,-1.157729,-3.559413,fearful
-645.41064,75.00698,-5.6455984,11.208323,5.1563325,7.834976,-6.709151,0.78433603,-9.7491455,-7.461309,2.192308,1.2250931,-5.925898,disgust
-642.9461,93.470764,-9.670234,12.886888,6.481733,7.974361,-7.320442,3.6812177,-9.00948,-11.249386,-2.7236862,0.85716933,-6.0820904,disgust
-661.7816,72.79921,-1.8302625,9.354646,-2.1174479,8.860427,-7.8706775,0.51344657,-11.4238205,-9.144059,-0.4995565,-0.66958845,-5.3538365,disgust
-654.50476,72.61038,-0.12953204,12.12579,-2.8337636,9.310341,-6.9137974,2.6878693,-9.142766,-7.1586633,1.3151207,0.4423736,-4.9378734,disgust
-586.676,75.49629,-14.064238,8.442436,-0.44568467,8.136446,-11.516167,-1.2745779,-12.177855,-6.54925,-0.9614642,2.7631645,-5.9963503,disgust
-546.4038,72.9331,-12.618839,-1.1598091,-7.3497577,0.18359561,-13.168865,-0.11847175,-12.8974905,-14.776369,-4.4167547,0.73887753,-8.916276,disgust
-547.4563,63.849575,-12.045344,8.263463,-3.8147695,6.573385,-14.494331,-3.0310233,-13.171044,-9.679636,0.7588344,2.8944726,-10.464361,disgust
-551.6,63.799294,-12.149488,8.131042,-7.8830743,6.7697845,-11.828072,-1.306365,-8.772338,-11.912495,-7.6369915,1.7169112,-11.210947,disgust
-651.0413,72.93923,-7.6211033,7.1601105,-1.6847365,8.074778,-11.860309,0.39400813,-7.52086,-8.410813,-2.9411094,-0.69945073,-7.849843,surprised
-621.04297,67.558655,-3.2876103,9.348312,1.0539554,8.891879,-5.7492514,0.7921203,-2.7477756,-5.1020417,-2.928237,1.9438558,-3.6252618,surprised
-641.97095,63.338978,-7.0112143,9.317674,-0.6943022,8.1079,-9.042125,1.406672,-8.183418,-8.210976,-2.7032175,-2.5492232,-6.5521445,surprised
-631.82965,63.83547,-5.925134,10.356487,-3.831637,7.765431,-11.151327,-0.13814563,-10.605638,-11.7463665,-4.866015,-3.355398,-9.010463,surprised
-586.1337,67.37062,-9.223767,5.978288,-3.056433,7.861066,-10.929953,-0.94760424,-10.415199,-7.659863,-1.5298469,0.79326326,-5.7562943,surprised
-560.0796,62.747696,-17.05057,5.0434513,-3.936124,4.6306853,-14.278303,-2.03146,-10.077669,-8.629728,-1.9414806,-0.4949833,-5.477532,surprised
-565.5392,60.67557,-4.0886292,6.4590755,-2.8199081,4.89515,-10.469533,-3.5836062,-7.9111633,-8.803016,-2.32469,1.076306,-7.749758,surprised
-586.74115,55.769215,-7.5314565,3.4976585,-9.60809,5.0431814,-12.7684965,-4.7359476,-10.63826,-10.045532,-4.943071,-0.2624696,-9.591129,surprised
-752.0955,74.34215,7.89519,9.511388,5.648328,12.030303,-0.7333286,1.5818408,-1.0220778,-2.0227282,-2.5054338,-0.13211884,2.646599,neutral
-753.37396,75.758835,9.839034,10.68764,4.9769454,11.265549,0.8313401,1.8299726,-2.2822616,-1.5628347,-2.237413,1.6300111,2.249972,neutral
-746.4887,71.78011,5.5644608,10.422284,4.2007465,12.986828,1.4725289,1.646214,-3.1401422,-4.0793667,-2.338433,0.9254926,3.735377,neutral
-735.38324,72.62126,-1.1814308,11.689086,4.2535324,10.88235,0.4463084,1.0610938,-2.5453866,-3.8680258,-4.9072804,1.5997665,3.6446865,neutral
-767.8199,96.30624,12.284285,16.002476,9.135193,16.56061,1.792268,3.5189059,-2.266263,-3.4389617,-1.2352519,0.4388023,2.2571738,calm
-760.3465,86.168915,7.410422,12.323776,6.122831,14.394656,0.4510841,3.6656313,-1.8169687,-1.5772226,-1.5608,-1.2766179,1.7647882,calm
-752.08795,78.91528,13.15616,18.344519,5.4620156,15.542674,1.9799579,4.8321347,-0.5287152,-4.004568,-0.9851118,1.6448697,2.6409879,calm
-759.9447,78.95212,7.1195893,17.171106,4.7005525,13.386535,0.3593039,3.7373445,-1.5954285,-5.837335,-1.4178734,1.2840661,1.8976717,calm
-770.6481,83.21256,8.639112,15.078211,6.1445208,16.419651,1.7734706,3.0853937,-1.919617,-3.962749,-2.1386962,1.9791359,3.8945549,calm
-742.7421,83.3902,6.9014773,9.379109,4.036463,14.052818,2.2575107,1.9008485,-0.39025575,-4.2757277,-3.1351132,-0.60407376,3.8877325,calm
-740.4508,75.06194,3.7541642,12.875745,6.78359,12.704029,0.9735839,3.1306753,-0.7665713,-7.003851,-2.4702067,1.1869296,4.016994,calm
-750.76086,78.874565,4.1671224,10.915863,6.2486687,11.752572,-0.61749977,3.0485198,0.3248396,-5.9448285,-2.9517374,0.9763064,2.432938,calm
-694.52014,76.6706,-1.8159063,7.7751255,4.8428655,12.204663,-1.8201215,0.29096624,-2.7119224,-4.325731,-4.1571617,0.6116436,3.828372,happy
-700.17847,78.88419,-1.3514948,9.293473,3.723179,12.917513,-0.24822988,-0.7911817,-2.0443597,-4.0487075,-5.058275,-0.28085437,3.9386878,happy
-693.6511,71.460754,-1.6341286,12.33967,2.698555,9.690232,1.474687,-0.36759436,-3.9417264,-4.491202,-5.0335474,-0.9266111,3.4871264,happy
-668.4759,72.63825,-5.6275096,13.632459,0.5160395,9.710215,0.9756458,-1.1413745,-8.806963,-3.7782872,-5.4789286,-3.355305,3.8373175,happy
-621.5084,75.618,-5.325118,7.1101556,6.2858176,12.78642,-0.62462074,-3.3136277,-5.6311817,-1.916511,-5.7834215,0.5065892,3.0017104,happy
-569.4323,76.60446,-7.522757,11.827303,-4.339583,9.696519,-2.843865,-5.316527,-10.664309,-1.426863,-8.058596,-4.579631,0.7261335,happy
-549.74023,55.989716,-12.765321,10.724632,-10.467363,2.3290837,-2.9252698,-5.7174463,-12.104343,-2.9469554,-7.480254,-4.9365807,-0.5823393,happy
-575.30145,61.173153,-11.60694,10.126664,-8.310213,2.0718944,-2.70339,-4.882133,-10.221014,-3.0330632,-6.5006933,-4.5874634,-0.076544374,happy
-749.798,85.68237,18.154587,20.902193,6.0137353,16.219364,1.4390076,5.1146383,-2.0210915,-0.49855775,0.57205975,1.3450211,3.3552494,sad
-759.3959,86.951866,13.116575,19.226503,5.129732,16.907377,1.2714878,1.5714417,-6.140475,-1.6146402,0.038569808,0.527018,2.238546,sad
-750.39105,80.87668,14.441536,15.772464,5.003344,15.426699,0.74602914,2.757376,-4.042686,-0.6187484,0.13711661,-0.07132662,1.7220999,sad
-741.58527,78.17808,12.876209,15.833035,3.14796,13.104959,-0.83752584,0.9124642,-5.8719473,-2.2271721,-1.6233879,-0.1319384,1.9364052,sad
-700.75476,84.1646,4.55056,13.064027,6.9362707,13.315514,-1.3873934,0.029490609,-5.8086495,-1.8513116,-2.3814397,-1.3781345,1.6678314,sad
-709.2355,74.459526,10.407193,16.993525,8.209037,12.707258,0.82146055,-0.29640839,-5.8415055,0.15233736,0.07325085,-1.4401292,1.6031853,sad
-714.13586,75.87796,16.055277,15.854089,2.0022964,13.926706,-0.50350165,3.19211,-3.3214447,-0.5808214,-2.1059637,-1.4665114,2.701386,sad
-756.87146,74.832565,17.293522,23.745298,8.652236,18.880537,1.4567176,6.5103035,-1.4267961,2.004037,-0.055397213,0.32810694,1.568725,sad
-650.2244,74.1937,-1.7698956,11.045038,4.623851,10.025935,-5.593804,2.2735739,-3.1318998,-2.3598351,-7.2273088,-0.9804281,0.09811831,angry
-607.1767,69.64046,-5.5676093,10.788411,1.2558451,7.298412,-5.241711,0.31707478,-3.4492023,-3.6468234,-6.937588,-1.033141,0.44517517,angry
-603.27124,68.39223,-4.1049185,10.763319,3.5729406,9.676021,-4.098875,-0.94583064,-2.6815264,-5.0953298,-10.768066,-1.3166013,0.7047929,angry
-588.8746,64.093506,-6.401286,9.289889,2.3853912,6.9573,-5.1069283,-1.7820326,-5.0046024,-6.4533944,-10.386215,-2.8425949,0.07917636,angry
-380.1555,38.70965,-17.30552,5.56149,-8.182484,-2.1282651,-6.9008083,-4.99253,-6.5536337,-2.8991103,-6.890148,-3.1873758,-0.977976,angry
-447.40405,54.817165,-7.3139224,11.059675,-0.63539165,6.5858607,-7.9865003,-2.8920107,-1.621812,-0.09316004,-6.2682624,0.060567345,0.4052407,angry
-429.9001,47.652134,-19.53129,7.663101,-11.761482,-0.25748646,-7.2614055,-4.602808,-8.127217,-3.098479,-9.516851,-3.4308105,-0.3416386,angry
-357.3585,37.06396,-26.635603,6.291933,-19.237795,-7.0992002,-9.533578,-5.3499146,-10.1311,-2.7288992,-8.067003,-4.6380243,-1.625093,angry
-710.88824,69.339165,6.155699,13.708727,3.6817615,12.686827,-0.6591797,-0.515108,-3.6914964,1.6447071,-3.1560102,1.1874634,1.2845808,fearful
-730.12964,65.057495,7.8500576,18.962786,4.6054425,14.304852,1.108378,3.5400734,-1.6698978,3.8268888,0.3283805,2.0433607,2.8524375,fearful
-657.45557,62.585716,4.290033,14.0428095,2.328866,12.417358,-1.7207268,0.6121462,-3.360545,0.59648937,-4.65357,-0.04478414,1.7535492,fearful
-663.2447,70.70001,4.6999946,15.1073,3.3509083,12.1759205,-0.19166535,1.5409607,-2.388156,0.94805455,-4.529077,2.6210046,4.2626824,fearful
-699.7569,65.033104,5.286937,17.045431,1.4565861,11.822034,-1.4694477,1.756168,-3.2553997,2.2144582,-3.1294124,0.34866798,1.2783468,fearful
-519.4723,47.38946,-7.656304,8.520169,-4.010078,4.595386,-6.9368114,-4.25197,-7.740158,0.6918093,-5.232281,-3.9782739,-2.356901,fearful
-521.5936,51.229965,-4.092645,9.03071,-5.701173,4.097411,-6.890765,-4.142277,-5.661804,-1.7964251,-7.949201,-3.2377098,-1.3457794,fearful
-678.6172,66.45694,4.128095,15.309054,3.832736,13.382062,-0.48011145,1.36004,-2.1894686,0.5171477,-4.59643,0.5353114,0.995392,fearful
-761.21124,81.408676,6.931586,13.737689,7.4487157,13.584228,-1.0575315,4.5994,-1.3511947,-1.9272089,-0.83550316,1.7631453,2.3660147,disgust
-767.14746,81.46546,6.044533,15.021845,6.6779313,11.25488,-2.558422,5.570777,-2.9318416,-0.74988323,-0.71307594,2.4793055,3.0517542,disgust
-747.70435,78.05218,11.174167,16.198946,5.05314,15.694272,-0.8084099,4.662673,-3.343812,0.32008764,-0.43524995,2.3116355,2.6372087,disgust
-741.175,74.186714,8.91033,16.318424,2.432359,10.946048,-2.7010202,2.0499718,-4.4867063,0.48973405,-1.8280804,-0.39348418,2.2872665,disgust
-667.6387,68.60933,5.389425,16.353907,2.4600549,11.60643,-4.552091,0.58525294,-3.900987,0.9629981,-1.7491726,0.1370039,1.5447521,disgust
-654.8556,79.63393,6.2885857,13.829747,4.540806,10.025559,-3.636409,2.1551397,-6.6590757,-2.1361442,-3.177771,0.18994974,1.0370353,disgust
-738.7881,74.97325,17.217335,15.897275,2.7305026,12.60502,-2.3651483,7.117254,-3.6039262,1.0636983,-2.6268518,1.0843678,0.8169104,disgust
-688.77496,77.54946,9.69202,11.790917,3.478482,9.365699,-2.9332025,2.4418435,-4.0233874,-0.5334516,-3.628405,-1.2990304,3.1380675,disgust
-639.1232,70.2596,-1.3261741,9.224055,-3.8641262,5.90789,-3.1789162,-1.9167271,-9.713315,-2.580618,-4.271498,-2.4569116,0.04747305,surprised
-713.73895,68.78501,-0.5483252,10.700444,-4.327046,7.450561,0.0946438,-0.56404394,-4.190354,-2.5474665,-4.7426543,-3.0885785,3.6785553,surprised
-719.00867,72.45062,-0.12927495,14.170637,-1.4032512,7.1086473,-1.1772773,-0.68688744,-5.237882,-4.5115714,-3.8586545,-2.6345806,2.5027068,surprised
-711.252,65.0442,-3.0459237,13.515722,-1.6865681,5.794517,-1.4253923,-0.65719897,-5.2576394,-3.9518485,-2.263127,-4.269534,1.5135167,surprised
-644.5278,64.56487,-4.5266943,12.617378,-1.3395929,8.43286,-3.3381913,-2.1382337,-5.568493,-0.89533484,-3.653052,-1.8895154,1.497704,surprised
-658.2409,64.98202,5.770968,12.6938925,2.819152,12.724113,0.722822,1.1001556,-5.031783,1.1176887,-1.6570041,-0.13961561,1.0730509,surprised
-606.3505,63.985786,0.5908769,11.471451,-2.9363256,10.05048,-1.5360197,-0.5114014,-7.296652,-1.3137808,-5.5626554,-0.49796867,-0.55537456,surprised
-596.48987,60.75254,1.0968419,10.348159,-2.365429,7.9867454,-2.027191,-0.11649032,-6.654691,-1.4068564,-6.2525344,-1.3481717,-2.1250374,surprised
-784.7431,52.277733,6.131366,14.390514,0.262269,2.738638,-11.140385,4.423401,-8.787228,-1.9141564,-3.3079875,-2.1420603,-0.48702726,neutral
-777.7557,53.671146,5.614629,14.474957,1.1254702,3.667881,-8.997253,4.417482,-9.755705,-0.091573164,-1.8970698,-1.3845673,-0.7691221,neutral
-765.14105,51.844822,3.9125,12.692248,-1.3999423,3.8285527,-8.389103,4.507469,-12.085243,-0.79925096,-3.326051,-1.0671655,-2.4400752,neutral
-762.94727,56.769203,3.8833485,13.072181,-3.7232723,2.3344018,-9.853498,5.2469516,-12.928979,-0.8750419,-2.575524,-3.1367457,-1.8810505,neutral
-741.97723,51.872158,1.3553998,11.463151,-2.5505354,1.9403534,-13.237915,-0.38334852,-10.5269785,-3.5549166,-3.6411884,-6.252504,-2.375358,calm
-805.89764,50.434246,2.865829,15.137083,-0.1487465,4.572341,-10.148129,3.43048,-9.754265,-1.1678054,-4.811864,-5.516477,-1.7368157,calm
-744.2637,37.92167,0.38046035,15.578995,-4.476041,3.0739894,-10.679926,1.8628056,-12.48387,-2.1643884,-4.9365077,-5.750819,-3.7500596,calm
-754.68695,45.075043,1.157356,15.802201,-2.9266703,4.2478886,-12.0712385,3.771626,-12.300541,-3.9868605,-3.633382,-6.3439527,-3.1959202,calm
-793.7185,47.604687,6.1680937,13.021605,-2.1996832,3.4003851,-9.262202,3.297968,-8.007885,-1.9330506,-2.4519749,-1.4003689,-1.0105779,calm
-799.4614,45.47828,0.8536544,15.637839,-2.2413638,5.7038136,-11.779102,2.3210196,-9.476761,-3.1025617,-4.251998,-6.326401,-1.6152791,calm
-800.91986,50.396084,6.960777,13.710007,-5.116372,4.6018615,-7.781662,3.2723086,-11.155942,-1.7970512,-3.456107,-1.9591892,-1.1315455,calm
-765.0505,49.012142,4.278963,15.899024,-4.6163177,3.953322,-11.840416,3.535985,-13.6812725,-0.9759809,-2.2391474,-5.4690223,-2.6864314,calm
-562.2397,50.41874,-20.86877,7.4069037,0.51063645,-1.4212564,-18.802832,-0.26600984,-9.523643,-9.657219,0.5332357,-6.2613945,-8.192252,happy
-571.9857,43.71309,-10.179641,2.1187007,-4.953745,0.6403619,-16.099394,-0.39015636,-9.182436,-6.3437233,-0.8934615,-4.932686,-7.201542,happy
-620.6532,42.990753,-11.990129,5.510529,-2.5727477,0.6105317,-15.819781,-4.4312334,-15.529684,-5.6307044,-1.3911349,-8.037686,-6.2260437,happy
-625.8718,39.718826,-8.870752,4.1161304,-4.180976,1.8583624,-16.037657,-1.1596191,-12.393285,-7.520563,-3.7112527,-7.036233,-7.9700327,happy
-480.1158,43.784584,-32.642303,-4.8113503,-7.5116787,-5.8416443,-22.375097,-3.3219812,-6.873304,-13.184855,-1.4204203,-3.0383654,-10.661269,happy
-492.63434,44.09988,-32.15527,-2.199273,-6.580583,-5.3015337,-20.51121,-0.9437049,-10.7751,-11.935283,0.9628795,-7.489644,-9.016652,happy
-470.3906,35.887913,-37.332798,-8.035315,-6.304792,-4.6507406,-24.319626,-4.206108,-11.0291,-14.685556,1.1383132,-5.269269,-9.587854,happy
-486.71234,31.769545,-27.611523,-5.281473,-6.3019247,-2.2651062,-23.13441,-2.8721933,-10.737165,-14.252846,-2.6564612,-6.172504,-9.044862,happy
-740.00055,59.858368,4.734866,19.31307,3.3547728,4.5176983,-10.249933,1.797056,-11.411061,-1.584962,-4.5000095,-4.4267273,-2.2304618,sad
-724.65216,55.716625,4.6216836,12.570419,-2.3908503,2.9152904,-10.98298,2.046193,-11.857315,-1.3309908,-3.3324819,-6.0525336,-3.7942739,sad
-712.2363,48.604145,-0.80552393,17.317318,-1.0035467,3.3518784,-11.279218,3.2805364,-13.935434,-2.094264,-1.0699122,-3.7842462,-2.5010855,sad
-702.1876,53.13882,4.2449684,18.424067,-1.137204,5.611201,-9.737691,2.627494,-13.522017,-1.7688135,-2.0758326,-5.17866,-1.913599,sad
-656.0705,47.953396,-8.494379,9.619265,-4.34209,-1.3159221,-11.532947,-0.1750261,-14.9651575,-4.890008,-2.6845467,-4.111731,-2.604222,sad
-699.65625,58.715607,-9.147858,10.718529,-1.0751355,0.9471877,-10.783718,-0.9351748,-11.653315,-5.556725,-2.4211805,-1.5437601,-3.5009356,sad
-643.95154,50.93908,-7.256976,6.9210095,-3.4186492,-3.5157206,-13.030897,-2.448693,-15.380572,-7.3554597,-3.8848517,-5.632603,-5.6736293,sad
-612.4762,52.518757,-16.488113,6.2435584,-1.9437561,-3.7030087,-20.615383,-1.3121789,-15.851131,-13.3435955,-1.6329156,-5.708755,-10.783426,sad
-621.2703,45.318142,-9.525034,7.8127584,-5.353625,-2.3450818,-12.254922,2.1518393,-10.855036,-3.1249313,-3.1416044,-6.1917644,-4.744223,angry
-605.04694,47.476833,-9.615088,6.7400136,-5.050027,-2.455464,-14.211086,3.2186139,-8.974826,-4.625892,-3.9941988,-3.1720202,-2.0450475,angry
-576.3299,42.46231,-12.112496,7.068585,-3.7462244,-5.2669735,-16.452454,1.9841021,-12.740789,-7.8647237,-4.742643,-5.888573,-4.21389,angry
-571.9035,41.11635,-11.14185,1.7524008,-8.361308,-5.094497,-17.753565,1.9025023,-14.487945,-7.720416,-6.8479886,-4.668683,-5.022902,angry
-412.90613,52.427887,-28.589626,-5.5563045,-9.916738,-10.55007,-20.345621,1.1806977,-10.10506,-9.804389,-4.0505366,-3.9238007,-6.970243,angry
-425.39676,45.91073,-28.6863,-5.9394946,-11.003021,-11.918348,-21.17058,1.2520868,-10.718549,-10.203408,-1.4454273,-2.0023556,-5.615315,angry
-407.61267,36.383263,-26.083984,-10.011393,-14.937064,-10.919665,-20.391617,1.4986299,-11.693726,-12.170898,-0.25242096,-3.5097537,-1.678469,angry
-441.83807,42.00844,-21.299633,-1.4298694,-11.702882,-10.373579,-18.30763,3.556864,-13.491261,-11.803978,-3.344918,-6.2167706,-7.4702644,angry
-744.66705,54.15869,-0.4014255,19.561022,3.4543912,5.84006,-9.483125,1.6419655,-12.6078825,-2.4720776,-4.3929615,-4.4929757,-4.466255,fearful
-700.01556,54.19821,-8.732887,14.826685,-3.7054548,4.1359067,-9.573526,3.9449723,-12.830865,-1.5893672,-1.7431928,-3.1772573,-3.8016117,fearful
-714.44006,46.36921,3.1328201,13.724387,-1.7752888,4.937009,-9.849574,0.7223562,-15.014275,-1.2461426,-3.6874645,-6.913563,-5.37811,fearful
-673.2973,46.399525,-5.887792,8.79814,0.3826321,3.5619724,-12.489608,-2.5247946,-17.740757,-3.269824,-1.162978,-5.7099237,-5.8532863,fearful
-460.09604,33.511303,-35.925156,-5.20702,-11.231726,-6.6704164,-18.947876,-1.939228,-10.722459,-14.385493,-0.63951707,-3.1150985,-4.969375,fearful
-447.3576,31.920568,-32.85078,-4.3399706,-7.76725,-3.0895083,-19.924347,-2.2688193,-8.117994,-13.357086,-0.5899922,-2.0019977,-7.738228,fearful
-521.87274,33.334152,-26.979877,-2.5988147,-10.838759,-5.483819,-19.880278,-2.0627491,-13.693341,-14.032293,-1.5493962,-6.734634,-13.192415,fearful
-504.58667,34.55746,-31.639624,-4.7425995,-11.167628,-6.3770566,-21.719921,-4.526497,-13.256851,-14.909799,-0.58302206,-3.2818077,-10.479443,fearful
-604.8104,46.07312,-9.138094,10.465099,-6.21108,2.960123,-12.492638,-1.2112621,-15.8136835,-4.7473145,-6.1985927,-4.510638,-3.2796273,disgust
-679.64386,52.956005,-0.861786,5.048058,-6.740587,0.6533613,-14.481859,-0.43120223,-14.223879,-4.399508,-4.549455,-5.937574,-3.5054145,disgust
-682.0326,42.182083,1.4682137,13.034567,-8.128888,5.976802,-10.374999,2.976326,-11.283821,-1.3909936,-5.1539392,-5.692413,-3.509358,disgust
-600.70386,52.258972,-2.8908954,9.503267,-7.4385085,-3.8364604,-14.707506,-0.53597987,-16.238792,-7.7469363,-6.1909113,-7.265545,-7.0271583,disgust
-546.69196,52.186043,-18.85182,7.9337087,-5.475398,-7.516504,-19.257215,-2.576894,-18.692198,-10.853339,-3.9427247,-2.3127537,-4.3128786,disgust
-625.72375,51.18145,-12.161855,10.705048,-7.2487035,-0.7429912,-13.6333065,0.36629084,-20.579227,-7.092347,-3.326124,-6.980555,-1.4041414,disgust
-613.1899,46.3615,-2.801283,13.5723505,-6.928202,1.4472076,-14.118576,-1.7538533,-14.73744,-3.670538,-4.146573,-6.181533,-3.6702318,disgust
-609.594,46.783237,-4.530296,3.7974072,-7.822949,-3.1807446,-16.811094,-0.1416131,-20.392073,-8.243179,-4.488346,-6.671552,-6.6578093,disgust
-710.78357,48.772247,-2.8655758,5.8728485,-0.8269331,-1.8468432,-11.807064,3.3284917,-12.084663,-0.6052081,-5.4879427,-3.392102,-3.908995,surprised
-697.80884,48.78155,-3.7000659,3.683173,-3.2259254,-0.070589595,-13.354688,2.8448877,-10.612618,-0.88495874,-4.6544676,-3.022302,-3.4353867,surprised
-692.70294,41.62962,-2.3324797,6.8566804,-2.8768182,0.1972056,-12.430207,-0.007364875,-13.692943,-2.2932494,-3.8554642,-5.704847,-4.8047857,surprised
-669.2542,44.0373,-3.5720663,3.5464337,-3.9340785,-1.2044445,-12.074918,-0.7777688,-12.204194,-1.5016712,-4.48546,-4.8020234,-4.6945815,surprised
-665.8939,53.69266,-1.8158028,3.3846314,-6.8851576,-1.1638924,-13.577339,5.1397104,-9.302531,-4.4185843,-5.960267,-2.2079916,-5.4512205,surprised
-627.05566,53.90377,-10.006621,0.4743414,-7.846047,-2.609977,-16.365953,0.87743264,-13.054741,-6.2783675,-3.6267107,-5.3990407,-7.4609895,surprised
-618.6074,41.66666,-6.4006567,2.471067,-7.901648,-0.47676998,-16.783922,1.1726751,-14.65372,-4.1174574,-4.919596,-5.478855,-5.976254,surprised
-625.565,37.601566,-3.6925147,8.979276,-5.6373816,1.969832,-14.028975,1.6211351,-13.249778,-2.7529829,-4.365699,-5.5982203,-5.3990145,surprised
-677.5579,87.56763,3.7571275,10.61997,7.3154707,15.397902,-4.8110642,3.847392,0.48716277,-1.2379538,-1.6548848,-1.0821203,-1.0528023,neutral
-686.42957,84.97954,4.508084,12.335822,9.649668,14.448165,-4.1140437,5.134118,3.7067735,0.8381373,0.41652536,-0.015170259,1.283954,neutral
-668.2037,86.44399,7.5614276,11.908908,7.6258826,17.007483,-2.1642387,5.715648,1.9970465,0.9149661,0.21558279,-0.5619318,0.7254582,neutral
-670.78754,85.75797,7.281554,14.447363,8.060854,16.174084,-3.6816247,6.474453,1.958257,-1.7364264,0.06213951,0.2467647,0.5733342,neutral
-695.8135,96.01543,10.699649,15.173567,7.7363544,15.4044485,-2.7497926,4.937383,2.15451,2.9831786,1.2629077,-0.028954715,0.5931699,calm
-684.0992,87.81722,4.8647213,16.20318,7.515294,14.567292,-2.81845,5.828855,-0.5176385,-0.37113842,2.2748315,-1.257131,-0.6006571,calm
-649.39923,97.48983,0.5905226,18.013607,9.372816,15.535874,-1.6589081,7.2308326,-0.93877023,-0.90601367,0.074081466,-0.89939004,-1.951909,calm
-683.1076,86.40151,6.5527635,18.81804,5.0434623,17.050781,-2.3122833,4.7285557,1.9281409,0.9747768,-0.49099302,-1.2186266,-1.9267792,calm
-687.13336,92.09869,6.993686,17.715908,5.497921,15.573485,-3.371719,4.878233,0.48406947,2.3377519,0.62431663,-0.8495807,0.4351634,calm
-672.32,90.090805,12.57522,16.303898,9.062466,14.82035,-2.4762425,6.405938,1.5816102,2.1503663,1.6588836,-0.8576836,2.3768594,calm
-654.4788,97.492455,15.237009,19.20266,11.993777,15.137392,-1.3558259,6.982752,1.9879705,0.087258495,0.35980967,-1.8940568,-1.8309197,calm
-674.44617,96.40948,5.0995135,25.444273,6.3215117,18.86428,-1.1418288,9.577474,-2.0761943,1.5441186,2.2683847,0.7602925,-1.360136,calm
-648.27765,85.328285,0.29556483,4.131665,11.61042,14.127127,-5.242032,1.3065116,0.7233337,-0.21031809,-4.078813,1.0122042,1.7930752,happy
-635.9408,84.69347,1.9740384,7.556933,10.839379,14.417019,-3.932061,4.0654078,3.045051,-0.072318956,-2.182489,1.7036526,0.9277487,happy
-634.2405,85.24586,2.5623245,5.776968,12.416353,17.288033,-2.170092,2.9315443,-1.0884633,0.28757703,-1.4908264,-0.48624,1.0356654,happy
-632.52515,85.25532,0.5474003,7.5761085,9.906102,17.834745,-4.6112432,1.2801843,-0.37314054,0.3980817,-3.609107,-0.80585444,-0.6686692,happy
-568.64,71.41573,-4.461471,15.614258,11.390991,16.42709,-1.8279918,6.030004,5.472349,3.3706324,0.30170244,6.1514206,2.443687,happy
-576.25214,83.90235,-5.613059,5.997512,13.148571,17.140965,-4.4828014,1.2255213,3.8982017,0.11723309,-4.1924887,2.5921981,3.0434952,happy
-531.8749,75.8553,-6.1832013,7.205644,9.490891,15.909352,-6.6809597,-0.1558713,1.2973057,-2.138066,-4.4094353,1.6088359,0.73366076,happy
-597.8957,78.45159,-9.4736805,7.5813127,11.11012,15.412742,-6.5347114,1.3878573,0.4539475,-0.8420353,-3.5253289,1.9842426,2.6118987,happy
-647.03296,82.19899,2.747877,12.214321,8.550998,16.845356,-6.4311213,4.508191,1.6590068,-1.7996832,-0.077676006,0.91643566,-0.16995518,sad
-700.3229,87.36529,5.7586265,18.063429,10.3722,21.971119,-2.2251093,9.085389,5.5605106,-0.92977375,3.48494,4.5132256,2.4418504,sad
-653.4483,79.19753,2.4656866,12.461809,9.531789,18.852505,-1.4367388,4.3913093,2.290503,0.6309284,1.6098331,1.7773902,1.5161047,sad
-659.3052,93.342415,5.6223407,14.552147,9.293249,22.007557,-3.9821784,7.5615234,0.2938153,-1.1329491,0.48094052,1.5249852,1.4647534,sad
-586.7413,66.81163,4.5328236,8.876018,10.360225,12.923834,0.050415684,1.8852774,3.7720685,-0.98806643,0.92430705,1.7412761,0.44976762,sad
-587.1087,66.939964,6.1320534,8.907316,8.595459,14.701175,1.047983,3.2890763,3.2952855,0.29531345,0.39257544,3.2163672,1.6025082,sad
-633.3305,77.801445,-6.7490897,9.248065,6.694603,18.06283,-6.0961585,2.6708274,1.2643389,-3.1236262,-1.0087647,2.5154207,-0.44163045,sad
-629.58057,83.7548,0.039152257,12.720496,10.273198,21.078697,0.36713308,4.730263,2.2904167,0.6786783,1.7321014,5.0680885,1.2376957,sad
-571.8957,73.54681,-2.1704488,9.121072,6.4490457,13.102034,-7.219667,3.7972584,4.0626054,-1.0693594,-2.8761282,1.5095387,0.75547403,angry
-546.35754,69.52754,-5.437875,6.8631196,1.9369245,9.940634,-10.234304,2.5252943,2.8649278,-2.3154366,-2.9930105,1.6919794,-1.8518825,angry
-579.6707,77.36847,-2.2405946,9.6343155,6.5402627,18.944317,-8.394689,5.89241,3.6849408,0.7898705,-1.3086593,1.4816147,-0.5492163,angry
-531.42365,60.825382,-8.606841,8.755382,0.54035395,10.125824,-9.970938,1.020677,2.4211254,-3.0283146,-4.7093563,2.295107,-2.1024153,angry
-505.49774,58.481285,-13.300972,4.173773,0.08166173,4.317053,-8.714861,0.9300357,-0.12538727,-3.2603893,-5.961727,0.0031460682,-2.9766898,angry
-476.62927,62.57501,-8.35138,4.968887,-0.6191651,6.05783,-11.04834,0.8309356,2.872614,-4.6068544,-5.0310693,0.26251194,-2.9356568,angry
-519.5254,62.828537,-5.587942,9.451095,5.105152,15.728414,-6.0512643,1.3745397,-1.4418281,0.026770188,-3.2519405,0.25343806,0.55581105,angry
-441.14545,49.6205,-10.523704,6.4992666,0.6552357,7.3392897,-10.8582115,0.10833903,-0.013699775,-4.7142506,-5.0038753,-2.0633705,-3.8500912,angry
-629.8919,71.58582,8.11492,15.095867,8.656446,20.35574,2.9236217,6.3015985,4.1412477,-0.017669382,3.9987879,3.7723322,2.8744833,fearful
-606.7902,73.49235,2.066479,15.99518,5.0865016,19.479918,-1.880203,3.647569,-4.368983,-2.1454203,3.706824,6.265945,0.8893049,fearful
-615.38464,69.022064,5.8673205,19.436499,4.139107,20.316048,0.18099648,6.516014,-2.638298,0.18225048,2.9052098,6.2374306,0.7955471,fearful
-579.47076,81.02226,-13.540177,20.677158,-2.284744,18.321812,-7.7498517,0.4787414,-9.032248,-7.660614,-1.736036,0.94516957,-1.5970588,fearful
-533.5133,66.688835,-4.343951,14.813295,5.7846847,17.014475,-4.6819863,4.4333916,2.3213537,0.9824343,-1.335149,3.3239696,1.1632719,fearful
-490.32684,57.02392,-8.252707,13.788847,5.498104,13.871115,-5.4278955,1.0350976,-1.1452007,-0.76192033,-3.3546681,2.231419,-0.68935204,fearful
-545.6191,66.02776,-3.6222527,14.803086,7.5416074,19.531683,-5.60969,3.3553505,0.59104437,0.44440266,-1.126384,4.2798734,-0.5033353,fearful
-520.62195,62.53065,-10.328557,8.574638,2.1996422,15.2880535,-8.298501,1.140024,-1.4798143,-4.85317,-4.3148856,3.0939062,-1.1822807,fearful
-609.4074,89.939926,0.7270125,11.671098,4.483903,19.264565,-5.8546457,0.52095175,-5.034028,-3.923336,-2.775015,1.1921182,-1.7095389,disgust
-639.4898,101.69428,-8.406315,3.4364564,6.467501,16.099438,-5.80365,3.0144856,-3.0808125,-4.2302656,0.03161299,2.4505367,2.6663969,disgust
-625.5779,94.99907,0.45157143,9.601222,5.2764544,21.247517,-2.9972386,2.3923678,-8.847795,-6.5382376,0.6429113,4.2027397,3.0961132,disgust
-579.0555,83.31342,1.3736446,11.323231,4.2871795,18.536392,-3.878218,1.9540133,-1.3358362,-3.6781797,-3.0899417,1.018926,-0.3546355,disgust
-564.73035,74.76888,-4.694415,8.817399,7.7537837,14.58252,-3.2992651,1.8546101,0.06358539,-2.5229871,-0.58901656,1.3329465,-0.8245741,disgust
-604.4865,107.34652,2.0137434,13.537381,6.740339,20.321121,-2.732044,4.889216,-1.0339944,-3.712642,-0.20683317,3.779216,4.2694,disgust
-571.69446,83.82432,0.28162625,6.6242614,5.6085334,18.245747,-2.9922593,3.4591553,-1.1993018,-3.3736107,2.2037823,1.1364754,1.4262735,disgust
-586.0335,75.668976,-0.22507556,12.634582,2.7934823,20.797981,-5.730082,5.1297884,-3.508673,-2.972696,0.58965224,4.180971,-2.7554681,disgust
-625.15735,101.541145,1.113262,6.917553,12.362641,18.573671,-3.9480324,4.2224665,1.3249797,-0.3127138,-1.08915,3.0502872,1.3810718,surprised
-608.353,75.15093,1.4117887,6.4538217,8.308875,12.260499,-3.1845121,4.089925,1.1301134,-1.7833445,-1.8923497,2.1951156,0.6113625,surprised
-631.79694,84.984344,-2.1606507,7.9216146,6.8407507,17.100754,-5.42625,3.0752249,-0.31556323,-1.7019612,-3.509197,1.9523091,1.9128257,surprised
-643.81995,83.357315,6.8099413,12.203469,8.230432,15.314878,-2.3130174,4.7085876,-1.7713121,-3.4660969,-2.0690227,2.2398705,-0.35172126,surprised
-554.7074,66.73336,1.0622506,11.307657,7.97897,15.5793085,-4.220672,5.3874826,0.64942443,0.9301146,-2.1619864,4.69722,1.9122093,surprised
-596.4751,77.7234,-1.6867199,11.058089,12.93203,19.027948,-4.4987736,4.8225446,3.2114813,1.1704743,-0.36351594,5.747397,3.8531432,surprised
-654.2307,88.34854,3.9162152,13.396237,11.881931,20.413935,-2.1019962,6.969812,0.20272128,-0.6290801,-1.4872481,2.3869908,1.5742757,surprised
-589.09875,81.5907,-0.6766961,12.046851,10.391446,19.571407,-4.8292236,2.3336754,-1.0958728,-2.1895926,-3.9404604,1.3152742,-0.83057266,surprised
-693.5733,69.53658,8.307069,12.569411,1.8204076,5.6317844,-9.4724655,-2.6315362,-6.655187,-3.8533611,-4.3746276,-1.8511716,-4.994951,neutral
-701.00214,72.10109,5.4798393,13.864512,1.0095403,6.3806534,-11.297619,-2.197811,-7.0966225,-2.520555,-3.2190912,-1.6941638,-4.56688,neutral
-663.13184,68.17052,3.68241,14.193284,-0.21097398,8.066274,-12.715483,-6.6121387,-9.278654,-3.1881666,-4.173104,0.03463262,-4.704887,neutral
-665.2718,57.933636,5.258662,13.2363825,0.6685572,6.644537,-11.583323,-4.477791,-8.907585,-3.7285652,-3.0972333,-3.3173385,-4.5043,neutral
-733.0371,70.21656,4.3042316,12.183165,-0.6695662,6.740268,-9.4434595,-3.4874313,-8.388339,-0.29842573,-2.4943273,-1.5153265,-5.5023794,calm
-677.4262,69.57674,6.553035,15.260473,2.2042477,8.82496,-12.819689,-4.0310225,-5.3883247,-2.3762112,-2.4838784,-4.487965,-5.5764155,calm
-690.68744,57.287395,8.065511,16.855116,0.46501148,8.735891,-13.024316,-4.503687,-8.185371,-2.8935618,-4.409372,-2.1193268,-6.2471304,calm
-671.11945,58.30773,4.466759,16.33403,0.37182334,7.974557,-11.2577715,-3.5403695,-9.353853,-3.274194,-1.3890244,-3.0548353,-5.4166965,calm
-674.0994,62.795067,3.5603366,9.729161,-0.023848942,4.4203014,-9.839372,-3.7491684,-8.619714,-1.4153316,-2.3824022,-2.656626,-5.49518,calm
-652.0713,75.070816,2.016463,12.191664,1.6864551,11.937418,-11.239147,-2.688396,-7.788512,-3.5277367,-1.617197,-1.7330302,-6.853225,calm
-702.7425,64.42429,4.4999013,15.070945,-2.9826694,7.1232986,-12.838118,-6.0977902,-8.640533,-2.997946,-4.8970532,-0.61504453,-6.2435017,calm
-696.0972,66.14794,7.0698543,14.015484,-3.42655,9.011341,-12.010906,-6.8540564,-8.274956,-2.6235404,-5.3353653,-1.3872105,-4.876342,calm
-616.80273,60.53386,-10.204832,4.185,2.0699544,2.8012073,-10.635051,-3.7913125,-8.914517,-5.759664,-3.4099576,-0.07002363,-6.2404394,happy
-593.4962,56.980537,-7.2371716,7.5159774,2.2314079,4.328758,-9.237195,-2.9362807,-8.243586,-3.2949524,-1.6675328,-0.73136127,-5.5131645,happy
-598.6889,55.585224,-1.423777,7.48705,1.9551677,5.5452285,-10.158369,-5.5695724,-8.577682,-4.6618266,-4.12237,-1.2116818,-5.667054,happy
-599.62506,52.722225,-5.9427567,6.202049,0.22231251,4.9414864,-10.837505,-5.6027412,-9.493516,-6.8630843,-5.04196,0.22416092,-4.553316,happy
-567.0824,57.704227,-11.601362,2.513105,-0.6057679,2.5127945,-10.712159,-4.4766755,-10.475638,-7.112624,-4.617995,0.4158807,-6.3854594,happy
-482.47052,49.874416,-15.788864,2.7263017,0.071360394,1.5727135,-13.659212,-4.679632,-6.5073504,-6.281516,-3.7363973,-0.048206706,-5.4146395,happy
-553.28174,49.693657,-11.47361,7.8105474,-2.1559625,1.4664522,-15.874313,-7.1222897,-11.199352,-6.842703,-5.6890745,-1.3729374,-8.52939,happy
-554.5332,52.558823,-7.9272623,5.60135,-0.75646085,3.4245107,-13.465367,-4.8056545,-8.31422,-6.799661,-3.5698268,1.1086127,-3.9270422,happy
-700.6365,58.502937,0.0716028,11.967087,2.6264536,3.6068227,-8.471675,-1.8477569,-12.520433,-1.4666042,-3.3290293,-2.6033375,-6.48999,sad
-699.4721,72.06032,7.2975764,10.884043,3.8731945,2.3454242,-9.802934,-5.9796715,-11.092628,-4.559789,-3.895549,-1.7496173,-6.4008,sad
-703.0358,57.28434,5.328859,11.109312,1.6600758,7.8754377,-9.224849,-3.411425,-11.640912,-2.9467003,-4.469683,-0.11886363,-6.490073,sad
-705.6631,57.349407,5.849416,13.384483,3.0264778,6.5376444,-8.087293,-6.1363263,-10.887021,-3.044695,-4.964039,-1.3908119,-6.8461847,sad
-641.3744,74.08121,-8.787225,5.2403283,4.55049,5.285519,-12.394576,-9.864649,-17.020575,-9.249639,-3.1178515,-0.3502967,-8.128353,sad
-664.18884,67.52735,-7.681971,8.997566,-0.25360844,6.194861,-10.2040615,-6.883107,-13.168694,-6.619448,-3.9612517,1.8570623,-6.377367,sad
-648.4471,62.51956,1.12784,10.305534,-0.15752451,5.5520883,-14.340539,-9.248063,-13.057719,-7.8544235,-7.9358454,-1.3084003,-7.7197065,sad
-634.4853,71.03974,-6.5669284,7.721408,-0.30542237,6.9913554,-15.028293,-12.167974,-16.926113,-4.678616,-3.3898427,-0.92398036,-9.096961,sad
-544.1135,56.60416,-5.327784,11.071868,-0.9754632,1.4010571,-10.829519,-0.04872968,-7.938132,-6.5835714,-4.7237372,1.3969225,-4.063578,angry
-513.68665,51.939465,-4.283086,7.829137,-2.169694,0.7833645,-10.925153,-0.34485406,-5.2683425,-7.898558,-7.8295484,0.617869,-3.7931798,angry
-563.28656,49.648838,-6.105738,10.458235,-5.4917345,-0.3315176,-9.9508915,-0.9074122,-10.08037,-7.562869,-8.875398,-1.2832768,-4.3651705,angry
-523.0224,51.59193,-7.600658,12.764341,-1.247192,2.6342394,-11.746138,-1.3233067,-8.60086,-8.8879,-6.967075,-0.73521113,-4.6037045,angry
-470.2107,48.589825,-8.505512,5.728758,-3.0265071,-2.5719056,-14.422111,0.16104396,-6.6395006,-8.884907,-6.19227,0.9303705,-5.094511,angry
-437.09802,43.614967,-16.250322,0.14796722,-4.1375465,-3.3201473,-14.91011,-0.6204229,-7.4736814,-12.08525,-7.4262543,1.1512308,-3.7715929,angry
-451.00687,38.712643,-16.36935,3.6345222,-4.88344,-0.94730127,-17.030104,2.0116603,-6.669933,-13.561244,-7.302331,2.7734642,-6.758627,angry
-467.17688,41.2892,-12.171492,3.8007672,-4.4440317,-1.9300921,-15.296289,0.39723453,-5.8751426,-11.244269,-6.740289,2.8042068,-5.31536,angry
-599.0252,59.32428,-5.2744236,4.3980274,1.4660529,2.264465,-11.350671,-3.8268914,-10.8015585,-8.760664,-5.855504,-0.1986056,-6.510924,fearful
-636.4804,55.530087,-2.0547636,9.373142,1.3357902,4.4300356,-7.8803725,-0.35135356,-11.072628,-5.682192,-4.967769,0.78847736,-5.5897555,fearful
-612.30835,53.503334,-2.0079331,10.402097,2.2268364,4.601609,-9.351031,-5.8819737,-11.738347,-5.585459,-2.4626203,0.5475785,-6.451239,fearful
-582.41504,53.82776,-6.217736,7.7031937,-1.535678,4.7516317,-11.035255,-6.731742,-12.881447,-9.406088,-5.0807076,0.43318984,-7.476513,fearful
-437.10773,47.720474,-25.498999,-1.1662166,-5.6191254,-1.8165745,-17.658611,-6.515475,-14.733835,-10.685083,-8.00297,-1.4002978,-10.193921,fearful
-418.49988,39.591274,-25.592108,-2.8347983,-5.6961985,-2.1065917,-18.492926,-7.5460377,-12.406196,-9.510558,-6.9370213,-1.2075871,-9.490372,fearful
-432.5458,41.63202,-28.746717,-1.899193,-6.894362,-1.0959446,-20.136286,-6.9980927,-12.867241,-14.555251,-8.496089,0.3316668,-10.029803,fearful
-423.42587,43.87132,-24.625359,-2.5527585,-8.003719,0.455268,-19.947565,-6.51398,-14.080051,-12.363243,-7.039395,0.76167184,-9.032461,fearful
-650.4923,64.39037,0.82921916,11.523897,-0.35862207,3.5913172,-6.460954,0.64066356,-12.072954,-4.1151204,-5.8277154,1.0929084,-3.342395,disgust
-635.1883,68.793945,1.0901686,9.482593,-1.9832805,2.056746,-5.975643,0.4139787,-13.032721,-5.8162165,-4.0503545,1.0776272,-4.175379,disgust
-657.4202,57.9715,1.098434,12.260184,0.96899563,2.8161948,-12.378307,-4.8745446,-9.668941,-1.1497717,-6.027021,-4.350648,-4.999123,disgust
-609.2556,59.138504,2.7715023,11.167488,1.1004584,4.964831,-7.206599,-4.531483,-7.9267855,-4.641064,-4.488956,-0.8024744,-4.859542,disgust
-620.8125,64.52452,2.70383,13.219963,-1.1197923,3.6689038,-10.509879,-2.9686399,-12.981803,-7.562493,-3.7048726,1.5335947,-4.679432,disgust
-588.10223,58.794395,0.6493012,11.139725,0.29564878,1.6682473,-10.773801,0.4792896,-11.60262,-6.5516276,-5.47385,3.0202906,-3.4129562,disgust
-600.0875,59.866695,6.064599,18.24708,-2.0502331,7.751212,-12.605536,-2.6126618,-10.890645,-7.04582,-7.5973454,2.0695343,-6.358903,disgust
-578.7062,50.90783,0.87120986,10.556559,-2.1691494,4.323413,-13.912044,-3.4247034,-8.636928,-4.835866,-7.3674707,-0.14934367,-6.3766108,disgust
-634.4156,60.700737,-4.737706,2.8596604,-0.49712372,-0.025504652,-11.302062,-6.2819915,-9.782394,-4.028159,-2.6037016,-1.5207692,-7.3608003,surprised
-592.0512,55.809,-5.4778686,3.937996,-3.6063886,-3.1764524,-12.855871,-7.3604274,-8.989612,-3.3460429,-5.7538133,-4.4114,-4.5577645,surprised
-595.9804,52.181553,-5.2190475,5.122527,-2.6709146,0.082706206,-11.780095,-5.1161866,-11.766125,-5.7771688,-4.309497,-1.6239067,-8.249356,surprised
-561.812,47.887672,-6.839162,5.1632924,-3.960181,-1.7451289,-14.383552,-8.741566,-9.332543,-2.535533,-7.774136,-5.3624763,-6.226189,surprised
-585.705,57.267277,-6.1712403,-0.7724894,-0.92451024,-2.01503,-10.335775,-5.846648,-13.503956,-4.9356446,-3.0534775,-2.328507,-7.4681964,surprised
-568.80005,58.65654,-7.1742964,2.8390567,-4.2369223,-2.8390348,-13.680382,-4.462888,-8.784939,-4.2337074,-6.444661,-3.8979118,-6.706844,surprised
-538.68353,53.07105,-7.990157,1.0590999,-5.0612955,1.435333,-16.121513,-7.4946203,-11.9467745,-6.2145114,-7.865437,-1.7555795,-9.163767,surprised
-567.8613,50.748333,-6.9963255,2.5079713,-4.6914763,0.18836884,-15.399067,-8.173095,-10.79702,-5.6569653,-7.212382,-3.596134,-8.914769,surprised
-673.91614,88.269806,12.876281,19.375847,11.144217,21.512186,1.7958342,12.669813,2.3426523,-6.4496236,0.07761824,4.3938556,2.1727216,neutral
-683.55316,82.000626,9.359661,16.47619,10.891834,18.308075,0.69569093,11.572233,4.945676,-2.7274399,0.39557275,2.7118635,3.746651,neutral
-673.39343,87.84526,9.991494,19.313725,8.371387,19.045908,-0.23117799,13.769769,3.5123284,-5.3317847,-2.3626564,3.7277365,1.3713243,neutral
-664.89935,85.49887,10.4044895,16.15825,9.546788,17.869493,1.5054276,14.3491335,3.5066981,-7.1630135,-2.1865177,4.6098228,3.225154,neutral
-683.7291,76.50976,10.311881,15.088934,8.491928,17.289288,2.6150117,10.975221,0.85034615,-1.7845162,0.4972922,2.3279526,3.0557933,calm
-673.7038,75.74704,14.209861,21.928137,9.814887,20.580538,2.128836,11.945294,2.2775927,-1.3556763,0.13576572,3.5965178,3.5989196,calm
-673.94086,82.09763,15.079516,26.19265,9.677517,20.453678,2.5075526,15.051533,2.265011,-1.7703454,1.1347078,4.5172687,0.7615438,calm
-660.83704,83.39389,12.946616,22.484018,5.933495,19.834608,0.17620212,13.600431,0.5689091,-6.4416523,0.068894036,4.8160634,2.0279253,calm
-668.5879,85.48602,8.544578,24.722446,12.152295,25.823013,2.3884137,15.745664,0.5969271,-5.0844345,3.4874063,4.440959,3.7849622,calm
-709.39166,86.02695,15.198169,24.7604,13.202328,19.772923,1.7400442,14.4118,4.3517313,-0.7054214,3.7642863,1.9561733,2.7746253,calm
-667.7769,81.94179,9.003327,29.615877,10.886153,24.02875,2.306232,11.649955,-0.74378705,-4.4765778,2.6001859,3.9252093,1.82589,calm
-717.3071,96.5808,15.095712,27.263136,9.035238,19.812435,6.1643786,16.41028,4.6010528,-2.9928052,0.04650116,5.494258,2.962291,calm
-641.5297,74.17926,8.002381,15.411942,6.4672737,17.76356,1.5485222,10.5528555,-3.2682917,-3.2038882,-1.519088,1.9887311,1.7072093,happy
-609.063,71.291046,1.2939909,11.692911,7.4890723,16.844992,-0.23018306,9.317808,-4.469477,-4.917255,-1.798684,3.9414008,4.2078657,happy
-599.8289,68.44413,-0.64706045,13.374181,4.4472733,16.63765,-4.349616,8.975375,-2.1336348,-6.522876,-3.2439883,1.3329813,1.9707795,happy
-585.7344,84.36565,-3.3986714,14.567394,3.9982781,13.606424,-0.53086704,11.342729,-8.24021,-10.847898,-2.3680549,1.4873149,2.5614324,happy
-517.683,52.902344,-0.1550846,12.55624,-1.8521786,7.113381,-5.3325605,3.2639523,-5.1055446,-1.2411928,-3.6537266,-0.77354985,1.9409362,happy
-445.4754,48.17188,-4.655594,8.833798,-2.4233584,8.435753,-3.0164437,4.7376313,-4.696232,-3.5699663,-3.6737742,-1.4297278,0.7217304,happy
-515.8526,56.727833,-8.098578,12.123941,-4.2043214,9.398642,-1.9383178,5.0814414,-8.906867,-4.5668106,-4.6470785,-0.8461584,1.677991,happy
-514.55005,50.971577,-3.2843616,10.462846,-5.1020355,9.42299,-2.3073092,4.645838,-7.077437,-4.2373877,-4.5241947,-1.3175116,-0.98259354,happy
-642.42456,83.98038,2.9511878,9.865699,6.368344,16.989672,-1.068586,12.48921,0.8636478,-7.029082,-3.3499632,3.1815412,5.893447,sad
-624.8712,81.45912,6.1796207,10.65961,5.960289,16.389734,0.2024692,11.002888,2.1326203,-5.0242915,-1.6217052,3.1817799,4.1555233,sad
-667.53394,88.07488,6.5538845,17.171213,11.285568,16.446842,-0.3103255,14.623787,3.051811,-5.7070775,-2.1317103,4.174416,0.28621635,sad
-619.4054,79.0075,1.6332839,11.618473,7.1582637,12.513793,-0.32096907,10.744376,1.4103386,-4.421927,-3.6716723,3.2392867,2.9670463,sad
-559.6899,71.13435,-1.3370802,5.4677987,5.459319,16.007963,1.7743658,7.3560038,-2.2258973,-6.6626368,-2.2035959,6.336964,6.484668,sad
-577.9634,70.66335,-2.5742662,6.970697,7.660141,13.906533,-1.6833076,5.9375997,-0.4632121,-6.8856454,-3.4720101,4.343266,3.6979005,sad
-567.8256,79.936226,-9.501813,7.21849,8.373774,13.064044,1.0359282,7.7454243,-4.975836,-10.560632,-4.5134993,4.494121,6.301492,sad
-574.4236,77.088264,-12.111908,8.536804,4.0881987,14.825943,-1.8953424,5.960662,-6.358538,-10.63752,-5.331799,4.8868484,4.7204065,sad
-666.83655,62.53264,8.672485,14.674374,7.4401984,18.991274,0.8307834,10.232109,1.0199383,1.6990038,2.7893558,2.9665866,3.1194384,angry
-625.6506,77.68839,6.3918333,15.649535,7.145759,17.115622,-0.79954284,10.7652645,1.5302438,-1.867582,3.4961736,4.1676545,2.324322,angry
-594.60455,72.60279,-2.0867827,13.542324,8.082681,16.307539,-5.571217,11.2845745,2.1029096,-5.655621,-1.6971229,3.761856,0.6511413,angry
-646.2055,73.355644,3.299726,18.931334,7.5603285,20.098171,-1.6858193,12.995597,-0.57722324,-5.2285347,1.2588867,4.2221165,0.1840555,angry
-476.84186,60.610386,-8.844462,4.91619,7.033622,10.65618,-4.163401,4.3237147,1.9951909,-3.1509438,-4.087602,1.8758668,-0.7420317,angry
-422.5755,60.301495,-14.126132,4.6262007,4.56062,9.893972,-9.930542,3.5146058,0.023560613,-5.9694943,-5.5368867,3.364352,0.08017511,angry
-490.47467,64.447296,-8.425392,7.454643,2.2632122,12.092965,-7.8334875,3.8843138,2.202237,-3.3854504,-7.722024,1.6041385,-0.5294237,angry
-470.5969,66.89417,-19.218834,7.63335,5.344477,13.217861,-8.231798,5.794859,-1.3590784,-6.6745434,-7.7395377,1.8332325,0.300682,angry
-577.30725,67.79376,3.1828809,8.651199,4.880295,18.089401,5.8142276,10.075783,-2.497818,-5.678147,-3.4443216,3.8882525,5.9088674,fearful
-556.95404,71.95226,1.205254,10.434267,4.6651554,15.885624,1.3344153,9.597681,-1.6189458,-4.1755066,-3.6598272,4.7008853,6.027417,fearful
-540.1478,81.833206,-4.0941396,9.9690275,5.0141287,18.847385,1.5512882,9.593007,-2.881739,-8.523481,-4.4592175,6.234225,7.370698,fearful
-460.46014,49.333733,-8.923924,12.084932,0.7744597,9.937576,-0.20160127,5.9058957,0.87659335,-1.6142517,-1.945149,2.9424808,2.932609,fearful
-422.79163,43.14863,-5.195187,9.439736,1.8519697,9.908107,-0.03504786,6.4778595,-1.386283,-0.7489486,-1.0186478,1.3018101,2.437946,fearful
-458.823,47.2707,-8.372229,8.616371,0.6202596,10.665261,-2.0302556,4.1361294,-1.389054,0.58194786,-2.018391,2.0395095,2.567959,fearful
-472.74112,48.40907,-7.277092,8.732543,-0.66230327,10.484187,-0.65865225,4.5863085,-2.1150548,-0.8904598,-4.0842533,2.0570455,3.4689686,fearful
-453.83295,48.729862,-13.12764,11.758018,-2.6004689,12.874213,-1.105009,5.679937,-3.917078,0.365301,-3.638521,-0.012160916,3.4523146,fearful
-630.7431,66.02335,3.7780247,15.882983,7.3673205,13.082877,-0.27647975,7.2263846,1.4592485,0.30392534,-0.38276824,3.4455974,2.0918012,disgust
-636.09564,67.20168,10.979697,17.199385,9.100975,14.1577635,1.7865019,7.292507,2.56201,0.6021755,-0.4072044,2.7944624,1.8853921,disgust
-597.3475,56.524155,5.925285,13.7801485,6.56141,13.157757,0.6349408,7.9254184,-0.16413984,-2.9352627,-1.0996438,4.0867834,1.0565525,disgust
-636.7628,76.00474,3.008643,19.400595,4.0726285,16.21105,3.231596,15.389886,1.6518772,-4.775532,-0.5635304,6.802077,2.6378758,disgust
-558.987,49.686333,2.841834,15.870418,-0.08680405,11.420198,-0.649173,3.5608206,-3.3465357,0.16675358,-1.3757256,3.2831502,-0.4619404,disgust
-567.40234,55.708935,4.0557084,14.375594,0.074168846,12.371813,-0.7693504,2.691989,-4.281221,-0.8766731,-2.5016263,3.2053342,-0.9373792,disgust
-563.11194,55.543358,-7.8536315,20.541206,-3.6355262,14.102583,2.4668894,4.67312,-4.756813,-4.1372657,-3.546801,6.165074,2.1753125,disgust
-571.3126,53.150234,4.0400653,19.802498,-0.10313324,12.582777,1.242159,5.413042,-4.2092156,-3.9590838,-2.3811824,4.072733,1.212552,disgust
-585.49945,56.989544,-2.827146,11.749994,0.46559983,12.72895,-2.207777,6.59442,-3.1979737,-2.5471997,-2.6253102,-0.50264007,0.5696579,surprised
-589.16644,59.493687,1.778286,19.554316,2.7799108,13.095903,0.54662395,10.840823,0.38527513,0.81713814,0.078319244,2.765897,2.8743663,surprised
-587.17395,58.460247,-3.6971166,21.5881,-1.4361864,11.0863495,1.1631914,9.060267,-4.816523,-4.22627,-3.6644094,1.4948052,0.1788274,surprised
-595.6538,69.483864,0.97774994,16.4533,2.107253,11.84639,2.8290741,11.741789,-2.548794,-4.1726437,-3.7016156,4.104871,3.4012651,surprised
-530.76056,51.74447,-2.1483088,18.807043,2.54728,11.871601,-1.710174,9.572876,0.13549143,3.8861043,-0.8613971,2.4640632,1.0169804,surprised
-512.9418,57.49801,-3.9760869,18.791986,-0.602881,14.378422,-0.26124135,10.177639,-1.9059131,0.85747707,-0.8192797,2.6898613,3.5348048,surprised
-473.29184,46.750793,-1.1275578,17.78164,-0.8623501,7.2577763,-2.0266457,5.540056,-0.0661024,1.6656086,-2.426845,0.75789577,1.2383876,surprised
-493.30597,48.234047,-3.0278718,18.852697,-3.5901353,9.721631,-2.7243574,6.184735,-1.8787808,2.7971716,-3.59669,0.31369627,1.5809422,surprised
-776.58417,67.14871,8.780921,14.383939,-0.13287804,10.260218,-13.132438,6.926581,-9.562615,-9.002353,-1.769607,-4.1137323,1.7367764,neutral
-764.68945,68.56538,9.405327,13.641615,-2.346594,9.777696,-12.641465,6.8331532,-9.732703,-8.624976,-0.87396294,-4.38308,0.5290722,neutral
-785.0691,59.15985,12.515004,17.763601,-4.2677794,7.6800723,-11.846793,9.54002,-7.778509,-8.979357,-2.9706116,-3.5958915,-1.0531088,neutral
-791.3226,70.86482,9.540017,12.143424,-4.176733,7.5994625,-10.357199,5.981751,-9.464372,-9.756189,-2.372332,-3.238916,1.9354327,neutral
-720.6222,61.749256,1.7936525,14.88203,-0.6545195,8.332651,-10.6930895,5.308539,-6.5430293,-9.690411,-1.8537244,-4.521874,-2.2747447,calm
-733.8371,67.95543,2.9854019,13.132647,2.8292713,9.173277,-11.106444,7.923678,-7.2644053,-8.801796,-0.5971422,-3.7836246,-0.83947504,calm
-717.7396,66.69447,7.624549,17.123014,-2.2784202,10.637121,-6.0229964,4.213785,-5.8658686,-9.819799,-0.7131906,-5.773388,-3.8169432,calm
-707.4629,61.71383,9.3125,15.514553,-2.908448,11.471708,-7.6409264,4.978368,-5.326109,-10.510428,-1.2476317,-4.4533367,-3.9483528,calm
-742.2926,63.671303,-1.4899867,17.553988,0.07339204,8.155811,-9.610529,4.993159,-4.038065,-11.5866785,-0.9956147,-4.9104724,-4.1967044,calm
-749.35004,68.83982,2.028281,20.5895,0.85629886,11.225975,-9.47981,5.449946,-3.3252885,-10.442801,-0.3407134,-4.8847094,-1.4189574,calm
-726.07166,64.04815,4.5802565,18.614588,-2.3503563,11.221674,-7.0641623,4.242719,-4.9211926,-10.81566,0.10736499,-4.1635,-2.8651361,calm
-719.27734,59.59689,5.2834754,14.971994,-4.22105,11.400226,-8.386884,5.43118,-5.619642,-10.144651,0.21841195,-4.874405,-4.1614122,calm
-650.4999,61.521507,-6.8846474,4.444444,-2.5924377,6.2441306,-10.429364,2.4675055,-8.441639,-10.932004,-3.943893,-5.586445,-5.184026,happy
-659.3728,60.433094,-11.170638,3.4961622,-1.1086313,6.5946097,-13.950198,0.04347456,-12.831551,-10.950246,-3.7233663,-0.7505852,-4.5102987,happy
-695.3707,68.06368,-4.1603146,7.9907265,0.30152473,7.6260867,-8.85144,2.442038,-9.702423,-10.936587,-3.5460851,-3.8790588,-5.238945,happy
-677.5961,59.050205,-4.0210147,9.31739,-1.8152846,6.383213,-14.391014,0.61263525,-9.757568,-10.271301,-3.7377582,-3.6654553,-5.7341204,happy
-435.63382,30.414162,-23.069134,-5.525141,-10.644697,-2.236236,-10.10989,-4.973722,-4.378268,-8.310051,-9.420911,-2.187839,-6.0112877,happy
-455.84647,39.403103,-21.99267,-2.562673,-8.548673,0.11709248,-9.3583975,-3.9050834,-5.6551013,-7.9723754,-8.638764,-1.1792076,-6.162721,happy
-492.10858,42.304478,-34.118587,-6.3505692,-8.457234,0.38978955,-15.319623,-8.202748,-10.428464,-9.581351,-10.78889,1.8977858,-5.4635987,happy
-439.20355,29.96304,-27.670982,-6.093647,-11.945277,-2.421113,-11.969351,-6.7953005,-6.816496,-9.634317,-7.370639,-0.3123255,-6.67275,happy
-679.45483,71.6397,-3.606426,4.3808627,-4.103542,7.61354,-15.080422,2.461227,-3.2541423,-12.483388,-6.603517,-4.3088555,-1.255471,sad
-692.8894,68.48083,-1.9817265,6.339781,-8.118032,5.0221915,-13.959388,5.1676135,-5.325348,-10.689814,-7.984652,-2.7584684,-1.498599,sad
-723.12286,59.119194,9.214816,13.400778,-6.966353,7.6045346,-11.728667,7.682487,-6.862984,-10.753265,-3.0503285,-4.3620205,-3.3356771,sad
-707.9209,67.27897,4.4477787,13.107912,-8.363963,7.7728405,-10.507047,4.659319,-4.9863787,-14.015734,-3.9350357,-4.7757545,-2.8165984,sad
-541.4923,53.22712,-26.561357,-5.9657993,-12.180583,-5.2539034,-15.648673,-6.9507613,-10.661845,-13.543086,-13.656574,-6.377178,0.016810484,sad
-522.0626,52.86815,-24.411467,-2.9576595,-7.61023,-3.7367947,-16.49682,-9.297041,-12.043566,-15.17613,-13.421271,-6.268383,-0.80335754,sad
-519.6918,57.609253,-19.453764,-5.1748724,-9.757169,1.2914563,-17.556606,-10.00234,-10.207295,-17.59153,-13.108753,-3.8839931,0.008614766,sad
-535.3101,57.84354,-26.71888,-1.4529507,-11.555069,0.75920206,-17.656168,-11.869724,-7.319336,-16.051098,-14.171876,-3.6005585,0.0003648546,sad
-577.52936,66.42477,-12.177218,-3.2548437,-3.844868,-1.3370513,-13.868962,0.30268502,-7.719314,-12.95057,-8.408251,-2.4692106,-0.60843873,angry
-593.33264,72.956505,-13.331355,5.087068,-7.035333,1.3338491,-13.315836,8.464623,-8.667774,-12.896172,-9.352844,-2.759902,-1.5201507,angry
-582.1395,55.954144,-8.914265,4.5497546,-6.830102,0.46325484,-11.83745,-0.0008317812,-6.441773,-12.171426,-9.026666,-4.323584,-2.9410772,angry
-604.1796,65.4558,-11.255745,2.1299593,-8.835856,1.1547768,-14.423818,1.4362597,-6.549638,-11.341844,-8.910508,-5.495027,-2.3093214,angry
-411.2887,25.658417,-33.063896,-5.1307735,-10.87821,-6.1960588,-13.299936,-1.7995654,-5.511688,-3.8884969,-9.321005,-5.120658,-3.0789878,angry
-402.09683,18.9622,-37.676174,-4.6233907,-15.928682,-5.8247766,-10.87016,0.63594013,-8.388565,-2.5667267,-8.450158,-6.9307966,-3.368162,angry
-398.92044,22.812948,-37.872807,-3.7775106,-16.375286,-6.4607654,-10.403359,-3.0548868,-6.210349,-5.109539,-7.7178035,-4.617664,-5.071691,angry
-401.084,25.331026,-38.479202,-5.0326467,-18.697584,-8.060392,-9.078775,-1.3143598,-5.6630855,-5.093983,-6.768844,-4.863029,-5.6504097,angry
-609.46,62.59998,-8.533149,-0.44424295,-10.947049,3.449654,-12.856941,0.3290355,-7.2083254,-12.405253,-6.8502617,-1.1466695,-1.4078212,fearful
-629.67053,58.680077,-10.326651,1.8927279,-8.061831,5.9002366,-11.924639,-0.31668183,-6.3780165,-8.940706,-7.952821,-5.20163,-0.3130105,fearful
-631.0056,55.563316,-3.2841804,8.9369135,-8.764602,7.746304,-10.777286,4.2413907,-5.7289805,-10.43963,-6.435547,-1.1234721,-2.2516596,fearful
-606.31006,69.51655,-7.0605993,2.7783947,-8.13037,7.1355596,-11.923903,3.6027536,-6.4216805,-14.666798,-6.205822,-0.45138156,-2.4002514,fearful
-502.31,49.06056,-26.738482,-3.0020971,-14.048622,2.0120971,-13.70061,-4.179733,-6.120668,-11.116526,-12.501085,-0.30598035,0.96538687,fearful
-493.5906,45.543186,-21.465,-2.7342434,-10.200647,0.08030242,-10.672798,-4.0195003,-5.2806716,-9.423757,-10.2353325,-1.1182361,1.0136664,fearful
-545.42725,48.67006,-19.531494,4.3400183,-13.57731,5.0383368,-12.0924835,-3.9302666,-8.256692,-11.292128,-8.646495,-0.37709016,-1.1942378,fearful
-499.33606,44.588066,-24.63372,-3.2172885,-13.303326,0.84383506,-14.332308,-6.497133,-5.798439,-12.186359,-12.486409,-2.448212,-1.0470582,fearful
-645.19604,64.790474,-0.30664185,7.6447816,-4.796847,1.9077461,-9.393701,6.542179,-8.617154,-6.758532,-7.8781,-3.8733485,1.8972477,disgust
-580.3468,60.67309,-2.850726,1.5516608,-5.002619,-0.59193724,-9.869601,3.4721246,-7.8700027,-9.810647,-8.249761,-1.4261526,0.56429964,disgust
-618.8852,65.21158,-7.1126013,5.3696322,-13.80595,6.75471,-9.835039,2.5236075,-11.782198,-8.704145,-8.247321,-2.5081186,0.4484465,disgust
-598.18866,59.422256,-1.4895415,3.5391922,-10.25005,6.200447,-10.931191,1.0275557,-10.835167,-10.086814,-7.1009903,-3.588604,0.11573598,disgust
-509.0367,37.55888,-22.583635,-2.6307678,-7.3256974,-4.155247,-14.18966,3.1269612,-10.681503,-9.903638,-10.674848,-1.890537,-1.5642178,disgust
-516.5845,41.96442,-12.288616,-1.9679471,-6.53949,-5.2233562,-12.017015,-0.004192897,-10.824507,-9.956346,-11.5578985,-3.547512,-1.7812294,disgust
-501.9472,44.17207,-11.031919,-3.310133,-10.378845,0.35534596,-15.37332,3.4113626,-11.094648,-10.508227,-7.942953,-1.5448661,-0.9805842,disgust
-485.51367,37.74955,-17.401468,-2.6193204,-11.904238,-0.47726804,-14.820769,0.696584,-9.940154,-9.774139,-8.676594,-2.1240423,-1.3969234,disgust
-694.92224,64.70917,-4.611453,10.060948,-5.2106686,6.370267,-16.677208,6.7471414,-8.16823,-13.710858,-5.171452,-7.9038744,-7.2010264,surprised
-698.1557,60.091484,6.3738103,14.979794,-5.718834,5.695845,-12.598233,7.080676,-7.1297884,-10.265816,-5.7508335,-5.3005595,-5.339964,surprised
-664.2792,52.93338,4.9292235,13.623764,-10.902978,7.573945,-12.35904,4.9124007,-4.46953,-12.72237,-5.6041183,-5.356683,-8.468152,surprised
-699.9483,54.74702,1.8782456,14.633469,-6.6950765,9.224676,-10.008347,7.0308514,-4.792551,-8.428759,-5.4231014,-5.041843,-7.0253916,surprised
-622.58813,48.524673,-8.944771,9.128386,-8.407891,7.7788987,-9.049196,8.985635,-5.4766135,-5.361671,-6.162274,-4.459288,-6.066703,surprised
-628.50574,48.4362,-4.3991995,12.62347,-10.814904,3.7285457,-10.646004,8.467681,-4.0539083,-7.635023,-8.088515,-6.217289,-6.6408134,surprised
-601.02136,44.4921,-0.47257763,12.770543,-10.8080225,5.769924,-13.748767,6.0496864,-6.4887815,-10.707225,-10.1272,-6.126526,-9.16268,surprised
-615.4061,43.64291,-6.402692,12.012578,-11.143824,5.0575676,-10.034646,9.767617,-5.3170495,-4.2675724,-7.552485,-4.358122,-6.3807197,surprised
-752.79407,92.82699,13.840122,21.28855,7.730475,12.856149,1.9424822,8.698071,-0.6363,-2.3548274,-3.3139076,-0.115121,4.0278907,neutral
-748.77057,94.283585,13.172687,23.818283,7.978391,15.245955,1.0013419,9.203763,-4.628801,-3.8384087,-5.7266774,-0.49448144,4.578367,neutral
-746.71844,84.853096,10.113579,24.941143,10.38995,16.089588,3.3290765,9.692619,-2.2739756,-1.9814483,-5.3411508,2.425751,5.5947146,neutral
-738.2863,80.14383,10.001027,23.844364,9.246031,13.425353,2.3552885,8.208501,-5.2568326,-3.7405076,-5.4776044,0.5540812,3.7995937,neutral
-788.3855,80.48802,18.790678,32.92984,10.20526,18.362106,10.092591,7.8558693,-0.21809612,1.3896163,1.4552124,0.44184855,5.335185,calm
-774.56104,87.54636,19.207731,33.024025,11.656986,20.653204,7.6573772,7.0383334,0.20865762,-0.5546276,-0.7447869,1.2421249,5.809557,calm
-764.86194,76.164406,13.825058,33.419353,11.955141,18.457256,5.193124,10.448943,0.6141888,-0.88850397,-3.864391,3.0110545,4.685579,calm
-781.6213,76.05635,16.618614,36.563427,13.83231,19.150213,8.551208,9.479683,-1.3870046,1.3777211,1.7078899,3.310108,8.559484,calm
-705.339,95.13448,9.557616,30.822731,4.349822,18.179691,3.5449526,5.143393,-4.5374937,-3.7948673,-4.628858,-6.08446,4.0801272,calm
-714.01105,89.1045,9.167523,33.6558,7.709777,22.469358,4.8020434,8.521916,0.19564313,0.87369514,-0.36326563,0.9303381,2.768107,calm
-728.72345,80.68122,8.507964,30.49712,8.558079,20.295546,5.276359,7.3371863,-4.3905873,-2.5857985,-0.30582556,3.9060674,5.113031,calm
-733.6199,89.57907,12.566668,35.432575,9.959444,21.510374,6.1459765,5.596901,-2.4240942,-2.8382728,-4.972593,-1.8723236,1.9791801,calm
-689.5386,93.82917,7.4693737,20.691269,0.20707653,12.704982,2.2462344,3.6091394,-6.5673056,-3.1764245,-4.467596,-3.5457335,8.061085,happy
-653.6959,84.608734,2.1691377,23.388176,3.6868794,12.7852545,3.6116242,8.135796,-5.0066266,-0.32523847,-1.6994511,-4.305828,6.7312994,happy
-721.0215,89.48579,12.203625,25.903587,6.27397,13.19099,9.462798,8.2741375,-4.892338,-0.3805565,-3.0976837,-1.2961875,5.652433,happy
-683.28894,87.44535,2.666404,21.167562,5.467172,10.0550585,5.652931,10.823008,-5.1258082,0.09361877,-3.6583078,0.30522028,7.69074,happy
-622.56067,77.298355,2.5113106,22.080553,-0.3855588,9.037428,-0.079089835,5.239521,-7.5224442,-2.0562723,-5.724963,-0.5403315,6.581603,happy
-543.3674,73.06883,-17.213865,8.874999,-6.897733,7.6514535,-2.8602939,0.42157683,-14.664878,-8.897484,-5.4762015,-3.5195975,3.010528,happy
-517.35767,64.50358,-9.270983,16.54292,-1.133226,9.194867,-3.045649,2.8716116,-11.887144,-5.868906,-5.4654555,-2.536951,4.2939196,happy
-629.53656,72.542595,6.043394,27.69171,3.5074592,10.616635,-0.58994323,6.363511,-4.3274713,-0.6800701,-5.1897483,-3.2654097,3.8813937,happy
-754.7105,81.55184,15.237496,26.49564,5.756159,17.70044,4.6351047,14.731714,-1.3478371,1.3447961,0.32082874,0.29758948,5.0059867,sad
-777.16144,82.7864,13.401789,26.560884,6.3370013,17.373932,6.8865714,11.744257,-3.1112,-2.3337011,2.914097,-0.7694313,4.537789,sad
-742.4854,87.74168,10.9772415,18.536736,3.9201472,15.040648,7.4695563,10.131972,-6.236155,-5.5634456,0.3436802,2.9379535,8.723259,sad
-763.4525,92.492615,15.3817005,26.738228,10.011418,15.370918,6.223761,11.426339,-2.3733747,-1.6800654,-1.1737303,0.11052193,7.285378,sad
-553.1748,58.913807,1.5594047,15.493359,5.8218102,15.029502,-0.6668266,0.9366499,-8.599382,0.6017365,-2.054886,-5.110834,-0.2641581,sad
-689.1852,82.49488,1.9106557,17.335287,6.6053143,15.966342,0.52349764,5.4782987,-8.557275,1.0963032,-3.0390768,-4.3712063,1.958783,sad
-654.1603,82.15464,5.6015015,14.446498,5.4206743,10.667193,3.8656604,-0.29223052,-9.561084,0.45232067,-2.9449153,-9.67523,-2.9461083,sad
-628.5195,83.718506,3.1425571,14.223955,8.287106,16.429182,3.9674408,1.4451123,-8.028411,3.5152133,-2.0845387,-8.508586,1.1611435,sad
-558.0512,64.939476,-6.308864,11.722993,3.860693,7.621563,-5.8366437,4.29615,-4.8432307,-1.6591263,-7.207257,-3.6034098,4.7379727,angry
-597.4674,76.551216,-2.5095222,13.164075,8.3234,10.686422,-0.4922645,2.1718168,-3.6867146,-1.5902311,-6.145914,-1.3049836,6.5132465,angry
-618.41644,56.099495,5.8077474,16.59425,5.859149,5.9914126,-1.1076963,1.7924403,-5.206154,-3.009405,-3.0623715,0.000109272616,3.627708,angry
-565.1035,65.293884,4.344042,19.718563,6.4343386,8.145812,-4.7628193,4.131821,-1.6032805,-1.7982492,-7.123181,-2.684825,4.4078865,angry
-435.13693,51.788685,-21.236313,3.9540884,-0.8001452,1.4546967,-13.7084675,-0.88845277,-5.2727914,-1.1943518,-10.051502,-3.8040376,2.949404,angry
-382.24332,59.969574,-32.373936,-4.047814,-6.247598,-6.855563,-16.80137,0.028876666,-7.47128,0.28293246,-12.097858,-3.319858,4.961324,angry
-333.37796,50.872055,-29.549711,-5.585023,-9.335829,-4.8856945,-16.105867,-2.1162014,-9.7341795,0.6610601,-10.889682,-4.561246,4.5941076,angry
-435.33838,50.19664,-23.627258,5.7190847,0.61871505,0.62833714,-15.708985,-3.1469922,-6.8110414,-2.0740478,-11.135592,-4.13401,3.6573248,angry
-641.9524,76.72192,-5.4125957,19.414806,2.659499,14.859798,-7.047138,5.52539,-10.666487,-2.3601892,-3.2466023,-3.5745661,4.055771,fearful
-676.4827,74.90651,-1.6572169,19.116383,2.4874814,16.94844,-0.2836508,2.330626,-9.0218935,-2.9490094,-0.015783804,-0.38432243,2.2624052,fearful
-645.8094,60.779633,-12.393126,22.643173,-2.5494626,11.6773205,-1.3597276,5.6581907,-15.076332,-4.9391723,-1.4228354,-1.7072805,-0.79038525,fearful
-676.1473,71.354126,5.7572823,27.666292,4.254641,15.065077,0.7567658,8.503619,-9.153605,-1.7203141,-0.587026,1.8114389,2.783647,fearful
-520.88184,70.51287,-28.24948,-1.3771325,-3.1646667,4.9607716,-9.626356,-4.5268354,-20.117947,-6.560513,-11.59042,-8.483106,5.445719,fearful
-451.27454,36.182907,-27.630154,-0.44819605,-8.6977215,-2.6687396,-14.674696,-5.5823655,-19.322618,-7.980079,-7.539689,-3.8557975,-3.3807425,fearful
-489.59122,38.795708,-21.63984,3.8336258,-11.088061,-1.7055839,-9.096064,0.43481308,-15.359306,-3.5623338,-2.475461,-3.8867097,-0.6696426,fearful
-450.98764,49.818035,-29.205908,7.111694,-8.579675,2.2917812,-8.934335,-0.24990506,-17.32422,-8.188102,-1.1245854,-2.2041395,2.0295365,fearful
-642.16455,82.81595,8.369739,24.758575,4.917645,5.711841,-3.8412418,5.3516846,-10.691513,-2.1399245,-1.8526759,-7.2691517,3.0829308,disgust
-636.9187,85.8544,6.36412,13.548305,-1.4649141,7.2526093,-3.8401034,7.5926595,-14.677294,-4.091826,-2.0365944,-2.9786456,1.5803833,disgust
-635.88336,76.80676,3.8215244,23.764057,-0.52497274,9.931178,-1.1734569,5.9782515,-11.9111395,-3.2042148,-1.9957689,-0.31311733,3.3164823,disgust
-636.27423,63.736736,-1.9936022,18.77451,-4.165905,2.8574526,-4.3775597,4.843396,-13.564891,-3.0619419,-3.5297499,-4.571965,2.4632807,disgust
-568.23346,56.58485,-2.3884976,18.491722,-1.2053916,5.9400096,-4.4571896,2.4333441,-9.257548,-6.9428277,-5.8270273,-8.265619,-1.9142797,disgust
-490.2048,50.333805,-18.54089,14.203276,-5.7726073,0.56833273,-11.674704,2.123715,-13.284012,-3.700049,-6.1013875,-7.4344006,-1.1951278,disgust
-452.16623,35.14191,-23.503103,24.011532,-15.855396,-6.781456,-8.151766,2.843145,-14.555912,-7.5235972,-3.4244423,-4.214543,-2.249654,disgust
-487.29718,58.428097,-5.079902,19.668095,0.7257631,11.126463,-9.248844,7.09296,-5.965405,-0.43378678,-6.419025,-2.9487631,3.7218237,disgust
-695.03546,89.54068,9.15577,22.483864,5.0720544,14.256648,0.13466094,7.8399773,-6.676374,-4.2083144,-4.5125055,-3.7135503,2.5624378,surprised
-686.7554,94.88566,7.029076,12.993558,0.7228399,7.540717,-0.9097409,4.607909,-8.476825,-5.3709164,-2.0541499,-6.5220566,2.9095173,surprised
-697.3357,94.45922,2.9619408,30.520607,6.5406036,10.638836,-2.7036412,8.679976,-4.8072352,-5.089751,1.4945505,1.6448172,2.9423742,surprised
-774.60785,76.40628,13.699202,24.771713,7.8715277,10.201298,1.1395173,9.480952,-0.32974857,-1.6415406,-2.0264697,0.48728445,5.3404536,surprised
-608.0709,78.621056,-0.21126534,18.836021,-0.6195723,10.042688,-3.7115862,3.3080144,-9.152447,-7.688473,-2.0705683,-6.6877217,-0.74494994,surprised
-599.5573,73.550186,-5.173158,16.511961,1.6631587,12.70854,-5.071184,2.7706099,-12.564417,-7.2925134,-6.361124,-3.471531,2.4735992,surprised
-635.995,83.34726,3.4976068,19.47724,4.0697722,10.226214,-4.1053867,5.37065,-5.1485243,-3.5015788,0.2653392,-1.136248,2.6569967,surprised
-696.1875,72.68891,6.99372,24.897886,2.908151,9.816712,1.0068107,9.548923,-5.151385,-1.49966,0.88418174,-2.9453695,4.41745,surprised
-753.01434,54.917286,-8.304626,10.233337,-1.6515218,2.1753933,-11.139573,0.36381263,-10.149351,-5.9359107,-2.9854677,-3.9582968,-2.3144464,neutral
-730.7835,56.75626,-12.5367365,10.968934,-1.9580789,1.96696,-13.763713,0.017719736,-9.321493,-7.345358,-3.0561295,-3.2825348,-5.018789,neutral
-745.69836,53.83832,-3.770981,11.012442,-2.2976384,3.439384,-10.863487,0.86690736,-9.964824,-5.620054,-2.4573352,-3.1111033,-3.7628179,neutral
-732.2666,51.451668,-8.581237,11.2424965,-3.3646975,3.6419754,-13.261434,0.28529537,-11.349353,-6.3505616,-2.4333684,-3.6046143,-4.5742106,neutral
-818.6541,54.58804,-8.855901,12.798459,0.59703517,4.5523486,-11.999045,-0.9807172,-10.778258,-6.4238167,-2.021997,-5.9669466,-1.4940665,calm
-823.37415,52.18623,-10.142682,10.648246,-2.611457,3.280815,-9.381936,-2.116173,-9.196388,-7.7184644,-2.7434697,-5.867174,-2.1640804,calm
-840.60065,49.438396,-1.6757656,15.480057,-3.066563,7.4091725,-6.14605,0.9112464,-8.646751,-6.3229628,-4.0957713,-3.9829187,-3.1423151,calm
-814.472,52.883774,-3.7648044,16.831594,-3.9487944,7.8574486,-9.551528,0.5858818,-8.976347,-6.7989573,-0.8824806,-5.614718,-1.246974,calm
-848.1974,58.638943,-3.7917662,11.980078,1.5994995,4.4407105,-8.278629,-1.8525989,-8.652187,-5.8538036,-2.2817152,-5.455067,-3.6883821,calm
-848.269,58.99201,-5.4046607,14.093776,5.144245,6.211785,-7.5388145,0.5617615,-6.780009,-7.4047666,-1.0537473,-4.682241,-1.9251353,calm
-840.587,59.326096,-3.030983,16.466022,-1.0631169,7.79771,-9.016523,0.17668487,-9.699053,-7.062033,-0.13092425,-2.69937,-1.3831227,calm
-873.2423,47.49095,-4.1082325,15.002878,-1.6197699,4.225445,-7.8070617,0.67397237,-8.472163,-7.2482185,-3.1789799,-4.196705,-2.7426777,calm
-595.36053,53.898674,-14.657289,4.079139,-2.300215,-0.9895491,-14.506567,-2.5397744,-9.126775,-13.126265,-4.5705442,-5.004628,-8.157405,happy
-658.98737,57.7808,-15.421014,7.043191,-5.502955,-0.09134244,-15.610534,-1.1280609,-10.829281,-11.008883,-2.9166453,-7.6213884,-6.8685484,happy
-665.86804,60.922413,-7.8168902,15.1571665,0.42914137,3.9855695,-8.724277,-0.5065357,-10.584974,-9.008353,-4.0078254,-6.305463,-7.4837937,happy
-701.2096,51.621227,-17.159756,5.7558756,-8.519155,3.1141002,-13.370895,-2.3960047,-11.172315,-12.694246,-3.6686478,-6.6275377,-6.6731644,happy
-557.93243,52.81717,-30.490772,-5.739125,-8.47847,-8.446119,-19.983122,-5.639327,-11.734632,-14.093818,-6.109115,-3.0728095,-9.939729,happy
-520.1623,63.045876,-38.493347,-2.7349515,-10.855653,-5.4346457,-22.02048,-5.6394944,-12.053558,-17.709774,-4.857716,-6.309401,-12.519988,happy
-497.91278,43.589058,-26.594019,-3.3010385,-8.18717,-7.3591514,-17.114447,-7.5810094,-14.437506,-11.308444,-4.5763674,-3.0049222,-3.1286063,happy
-451.6976,33.00361,-31.087868,-9.28182,-17.63661,-8.280524,-19.200193,-9.28755,-11.010072,-13.475285,-2.4997864,0.5580267,2.015046,happy
-781.4377,65.72154,-14.2793665,14.6308565,-1.9612501,4.6912613,-9.679202,2.9728343,-16.032162,-9.741715,-2.4161258,-5.314356,-4.3356957,sad
-863.6392,56.917854,-3.45632,11.713878,2.8443792,4.2767944,-2.3578594,0.683348,-9.397497,-4.692305,-4.538089,-3.31589,-2.4600444,sad
-829.12885,51.820835,-2.2729769,12.78214,-0.6308414,5.8214145,-4.216399,4.6770687,-11.263784,-6.3274527,-2.1743226,-1.5786219,-2.8676946,sad
-826.80133,61.33816,-4.784447,15.5404625,2.0006588,7.792152,-1.2634206,3.9589689,-11.875425,-9.168425,-4.6280518,-1.2449272,-0.78973144,sad
-699.6219,61.925816,-9.843607,5.0883446,2.7215335,2.1269941,-13.940454,-7.5626764,-9.591365,-14.608024,-5.8146057,-4.1997395,-6.8381457,sad
-522.64044,51.505016,-29.94377,-5.666643,-8.850276,-3.1306043,-23.63224,-10.781091,-9.714713,-21.439531,-14.4464855,-2.348407,-10.024679,sad
-735.0926,51.483162,-4.4507627,8.33326,-4.127596,2.7216942,-11.042992,-6.9362416,-10.730994,-13.841309,-6.706721,-3.0326307,-7.7717595,sad
-550.45953,49.983337,-27.499136,-2.427308,-9.932304,-4.0416093,-23.560486,-11.636764,-11.473482,-18.40225,-16.424019,-3.4789882,-4.671769,sad
-747.6314,52.891716,-4.180786,11.691941,-3.4282029,3.4137092,-6.4345307,0.22758198,-7.80784,-7.4273105,-3.1882942,-6.8817163,-4.050827,angry
-595.6473,46.199554,-13.741197,4.2887473,-10.609288,-1.1654965,-10.099291,-1.5633371,-7.375106,-10.405723,-5.1999736,-6.2802753,-5.79413,angry
-662.8063,53.951828,-18.076538,8.747986,-4.007865,-0.00025086335,-12.404879,-2.135167,-13.3328085,-9.214782,-4.595155,-3.8976233,-3.9941704,angry
-549.0992,57.285984,-25.187227,2.1913857,-11.901295,-1.108306,-17.173405,-5.254576,-11.706978,-12.933358,-4.9188724,-6.243893,-4.4416556,angry
-461.56403,58.03665,-21.083332,15.2898,-3.2107317,-1.9831603,-14.861038,1.4998226,-11.479174,-9.705467,-3.5911539,-5.9589515,-6.368765,angry
-387.36707,43.635365,-27.829414,-2.9361362,-16.62569,-8.808377,-21.672407,-3.7753162,-9.805802,-10.551475,-3.378014,-3.3883297,-3.5249786,angry
-355.20377,37.438984,-22.085077,-6.2234907,-16.082157,-5.2786603,-18.333105,-3.2804697,-7.4402833,-8.63948,-4.1789265,-5.4347796,-3.501774,angry
-491.55704,37.130947,-14.195751,7.8988304,-2.4059348,-3.261712,-9.313029,-0.878637,-12.417548,-8.419578,-5.78886,-6.6919146,-6.1757092,angry
-743.6188,42.45057,-8.277298,7.0143433,-1.8678924,-1.0172274,-9.626599,-4.5544467,-7.892673,-7.5341415,-1.5218205,-4.238689,-6.18262,fearful
-746.5089,43.637203,-10.270215,6.827247,-3.9282422,0.6471488,-11.98194,-4.5196204,-9.142078,-9.131348,-0.20390739,-5.3544173,-7.915498,fearful
-769.32874,38.486492,-6.8537564,12.7571945,-2.127409,5.5453568,-7.995834,-2.2975135,-14.598733,-4.8992314,0.079553366,-3.115549,-5.331809,fearful
-792.9522,57.668556,-7.576886,16.819056,-0.99100655,4.578677,-10.015674,-3.9076152,-15.848132,-9.174617,-1.3685639,-3.646493,-7.255128,fearful
-383.44806,51.788807,-32.859566,-7.3265095,-12.185316,-5.74948,-17.667572,-3.089412,-11.728675,-10.756276,-0.07433676,-1.5322248,-6.4866853,fearful
-355.47827,57.434917,-43.756554,-4.8047605,-21.321007,-9.761464,-18.201544,-4.9649653,-12.490133,-17.506252,-0.478477,1.1858494,-7.8136225,fearful
-388.61932,37.003063,-29.311163,-15.114929,-19.728373,-5.785509,-21.606178,-5.9291053,-10.992545,-6.9784684,-1.8928287,0.82467514,-0.6913714,fearful
-361.18896,27.845062,-24.417683,-5.8142385,-16.108303,-6.1196904,-15.578501,-6.3619723,-9.919807,-11.709809,-0.93006223,3.3356032,2.407822,fearful
-675.885,56.92987,-7.732256,7.505897,-7.3021317,3.2451286,-13.362057,0.42228425,-10.99242,-6.9730644,-4.9191046,-3.1382444,-3.7033994,disgust
-714.358,72.247696,-3.8086672,7.487391,-5.362573,6.9265475,-13.889936,-0.51155436,-11.692696,-0.79756063,-0.9571534,-1.9280672,-3.4378147,disgust
-734.43134,54.31177,1.3411386,12.54481,-8.250696,6.9333467,-10.011933,1.0732641,-13.27999,-4.082447,-3.898822,-4.5131807,-5.2662926,disgust
-708.07794,50.66046,-0.22071703,13.301193,-8.692361,8.44087,-12.917727,-1.4035361,-15.367788,-3.5271742,-5.3918567,-3.5640283,-6.868892,disgust
-671.78217,50.70359,-5.8298535,12.161357,-8.373692,2.7778404,-12.400687,0.22669184,-8.616441,-8.038242,-7.6951504,-2.845064,-3.1255085,disgust
-629.61597,41.29935,-9.099054,5.5263367,-6.7881913,1.2442672,-12.171976,-2.007286,-8.043741,-6.573359,-4.744956,-5.30676,-4.428361,disgust
-577.5546,31.037722,-8.8449335,3.3683996,-16.129536,-0.5480312,-13.224456,-6.7411494,-11.372066,-9.587445,-6.9921446,-2.9903595,-5.8867044,disgust
-567.80334,54.74064,-14.658242,6.7561164,-18.906065,0.6778689,-14.126146,0.031227302,-12.362721,-11.296851,-8.187755,-4.09067,-4.5274925,disgust
-675.50146,51.637356,-15.045032,2.7866333,-1.3527607,0.6398403,-11.095136,-0.88430643,-13.246498,-8.967825,-3.6656904,-4.3055215,-6.324732,surprised
-612.81696,58.136963,-15.066643,4.7876463,-4.8134713,0.7532782,-13.830415,-1.4770788,-10.007581,-8.163968,-5.3514395,-5.470542,-5.4031744,surprised
-717.3812,51.189217,-10.805838,6.456191,-5.17845,3.5753567,-7.8627234,-0.52673006,-13.204646,-7.0598483,-3.648671,-3.3496108,-5.2239037,surprised
-703.6359,57.355385,-14.369708,5.223923,-2.7216642,-0.35901785,-10.713078,-0.749667,-14.1529665,-8.226538,-1.0936744,-5.3185587,-5.4222693,surprised
-527.27814,56.267395,-24.903807,2.0987084,-8.145054,-2.9493089,-17.689379,-1.0354322,-13.587098,-10.085804,-5.526654,-4.4095073,-8.090686,surprised
-693.9787,59.103443,-14.176633,2.787227,-5.7837863,-1.4151787,-13.230183,0.056114372,-14.062324,-9.03488,-5.75593,-5.7742777,-6.4678664,surprised
-532.54065,63.206,-31.056423,5.510371,-8.487681,3.215446,-16.63758,1.5776985,-16.210207,-15.472166,-9.140266,-2.590596,-11.015903,surprised
-615.78674,53.243088,-18.665054,4.90229,-5.0748167,2.7177367,-12.459075,0.46543497,-15.718543,-9.00968,-2.625159,-3.3661423,-7.5670457,surprised
-625.9124,77.416275,10.293317,11.364496,7.873705,13.188769,-8.483958,4.9011307,0.79378456,-4.9484944,-4.851121,-0.7333062,1.7137856,neutral
-636.8203,82.71262,14.480187,15.694304,10.175739,12.973734,-5.750061,6.175653,0.86277217,-5.6335373,-3.6741257,-0.057745393,2.3700402,neutral
-639.174,82.665886,8.42459,13.437811,7.239353,13.008188,-5.730598,5.096093,-0.6625722,-6.499319,-5.6319113,-0.7061517,1.1822314,neutral
-648.77716,81.550735,8.514516,12.44976,7.86003,14.682076,-3.1039953,4.023337,-1.4574728,-6.3142767,-4.5384803,0.2618412,1.1791816,neutral
-664.46844,86.81846,14.738372,16.534563,8.812848,16.622524,-4.91224,6.0436254,-1.5783948,-4.0492225,-2.1370885,0.091702186,3.0136397,calm
-641.7172,90.89462,10.229212,13.374674,8.747333,15.625737,-7.469733,2.661899,-0.33379048,-6.5001807,-2.6911926,-0.25181645,1.585249,calm
-668.52527,85.19064,17.277266,21.915611,10.794418,19.859766,-2.7477596,9.821264,-0.077596374,-3.184524,0.052712236,0.91504335,3.1948888,calm
-665.7127,94.798676,13.105617,21.403505,11.991526,20.901585,-2.2884169,5.27722,-1.9985662,-3.7327478,0.03122875,1.5975351,2.7973583,calm
-648.2008,88.65393,3.8540828,18.683939,10.469302,17.142677,-6.1051025,6.642647,-3.6502275,-3.9732053,-1.0573767,1.1016378,3.3908343,calm
-628.7844,91.57647,2.6896033,14.668294,11.216597,14.878981,-6.612028,4.697083,-4.2119646,-7.2890644,-3.0641985,0.03147024,3.0983493,calm
-621.4217,85.623146,7.1625423,14.328388,10.574206,19.92952,-9.537478,6.5271907,-2.9023979,-7.529663,-3.3912458,0.42843226,2.7783146,calm
-641.4544,94.33523,2.2067263,15.261353,8.908536,19.352638,-7.359502,5.7029085,-6.643128,-6.1280556,-2.6215684,-0.33734637,0.71810186,calm
-613.1665,79.949554,3.2805834,9.276792,8.4381695,12.0814495,-8.131537,1.742999,-1.8364904,-5.8814616,-5.6228433,0.57778347,-0.52941215,happy
-600.9882,81.75661,0.18038675,7.995958,10.266257,15.838974,-8.378905,1.3350807,-0.21069352,-5.318373,-5.9303083,1.0952421,1.5488174,happy
-575.9889,82.357635,-3.4429278,7.4506106,11.775027,12.833207,-9.18045,0.9027712,-4.400044,-7.95797,-6.9856586,0.7236929,-1.5437622,happy
-606.38983,82.72842,-0.968339,8.95646,6.7520957,12.67962,-6.4221373,0.82861626,-5.3387685,-6.827598,-4.832495,-0.48107877,-0.046347216,happy
-506.64594,74.190414,-10.375495,2.9197772,8.257593,8.889101,-12.12696,-2.5246034,-1.5995095,-6.974895,-10.457637,-1.3787519,-0.28853458,happy
-527.3722,72.43521,-12.256225,3.503888,6.7742043,10.808753,-10.59567,-3.3689525,0.60855615,-7.3038673,-10.62133,-0.4436088,-0.3204376,happy
-532.1059,75.85605,-3.0543666,4.4442496,6.8761973,10.652038,-10.580307,-2.0720296,-4.2409306,-6.6110835,-8.944993,0.63242835,-0.5230572,happy
-490.31146,70.95855,-8.82344,3.4780138,6.7720923,7.298234,-11.671516,-3.180483,-3.0030153,-7.145251,-11.019262,-1.6654477,-0.3327629,happy
-690.59326,83.641594,5.5532336,18.508171,8.995994,15.054207,-7.89164,8.149053,-0.87060946,-6.84864,-4.507333,-2.4302564,-0.15790907,sad
-686.30804,86.9966,6.2427564,19.721575,9.41089,13.729199,-7.1705127,8.836269,-1.0135272,-5.9257936,-1.7483164,-2.3682113,-0.7596206,sad
-650.389,79.628,4.459096,18.310976,8.652278,13.244897,-6.105599,8.866324,-2.790128,-7.1830506,-3.541791,0.51898617,0.79435796,sad
-676.2164,82.72106,2.641892,17.79517,9.1214285,15.174008,-6.4830995,8.8279505,-1.7162236,-5.9401774,-5.1082363,-0.6190224,-0.41205344,sad
-550.9282,85.21536,-11.63859,4.9630647,8.053914,15.186555,-8.188183,-11.930827,-4.340138,-5.3054175,-17.051992,-7.489319,3.9165494,sad
-551.14886,79.70029,-9.186999,4.9539833,7.107404,14.205877,-7.6287003,-11.831109,-5.358673,-7.557809,-16.627752,-6.0477643,4.6934843,sad
-576.34045,81.46463,-4.9205823,7.755494,10.993713,15.704956,-9.740493,-5.324623,-0.9828893,-11.599356,-12.219512,-2.4162712,0.86837983,sad
-595.16486,87.50039,-7.763284,9.406066,8.883636,17.66455,-7.8377614,-6.2187643,-1.274316,-8.385517,-12.355458,-3.4568892,3.0609453,sad
-475.29608,72.55443,-15.413278,7.009411,7.358938,10.749163,-12.728761,-2.4639666,0.02274228,-9.99745,-12.449623,0.14193404,0.60652095,angry
-489.52805,73.92799,-12.970003,7.021276,7.991067,12.624577,-12.2606735,-1.2282957,1.1619091,-9.3125925,-12.188603,0.01497082,0.41978115,angry
-444.77933,63.140446,-10.677057,8.255427,5.7452264,8.80736,-11.652422,-2.321948,0.33148482,-8.946356,-10.921576,-2.9592395,-0.009134662,angry
-480.47702,69.99519,-13.003668,9.114497,7.0010505,11.727306,-12.601887,-1.1096697,-0.10519739,-9.869279,-12.565728,0.045138713,0.413072,angry
-382.97934,66.60858,-17.706032,1.7126262,4.9085994,9.020983,-13.56261,-7.1522417,0.25452963,-7.342922,-10.889815,-0.44945768,0.53663146,angry
-402.70172,68.49836,-22.379478,0.0013340542,3.6759188,10.752214,-12.802112,-4.8211474,-4.8473196,-7.5523496,-12.410705,-0.40440428,0.7648243,angry
-417.44418,60.577873,-15.396584,4.364392,3.2778068,8.420803,-12.211696,-3.7630906,-1.576114,-11.2384,-11.355139,-1.6215037,-0.822097,angry
-394.30966,58.839634,-19.951683,3.4690049,3.1986198,8.317451,-14.012962,-5.4904985,-2.5688334,-9.329293,-11.5176325,-2.2782633,-0.80413955,angry
-597.7213,81.57759,-2.2886782,11.337332,9.961904,12.678176,-7.9881015,3.193784,-1.5666226,-7.654693,-6.9705653,0.34368643,1.9583344,fearful
-605.31244,78.914925,-3.1258786,9.58342,7.9324656,12.383397,-9.771394,3.0098987,-2.5242326,-6.6304345,-6.937341,0.20522347,0.98130584,fearful
-605.5425,71.94467,-1.6720749,12.170442,5.3728485,16.08185,-7.040884,5.336703,-2.3711987,-6.0204115,-4.488046,0.686382,1.2253022,fearful
-612.5071,68.84904,4.1818542,11.881519,6.2485657,10.826619,-4.7189765,4.922271,-0.8427947,-6.970412,-4.487223,-0.597252,-0.8663763,fearful
-526.4833,71.98238,-14.949861,7.9136176,4.9612656,12.558085,-10.181504,-2.670351,-2.3048894,-7.1402335,-8.538376,-0.3031613,2.0456247,fearful
-528.0351,74.394394,-13.838411,8.654823,3.8275912,12.350808,-9.247615,-2.9921126,-2.8087819,-5.7093263,-9.668952,-2.2680817,2.0880806,fearful
-510.89227,73.67175,-7.9380054,7.7646666,5.8979163,12.57178,-8.398145,-0.97009116,-2.6847966,-8.092548,-9.162244,-2.6033394,-0.06153003,fearful
-522.7564,67.2421,-4.0782895,8.533292,5.061265,13.714884,-8.086922,-0.22607547,-1.7379422,-5.606011,-7.7135077,-1.9233316,-1.5879927,fearful
-586.8313,77.8322,-3.1223397,11.767134,8.290455,12.686183,-9.67832,1.9486359,1.498006,-7.3596873,-6.6029444,0.6904014,1.0976359,disgust
-586.1288,78.39212,-5.2287736,9.6525755,9.001622,15.120263,-11.21821,2.946384,1.1364352,-5.656992,-6.452955,0.9591309,0.9403776,disgust
-581.41376,75.40856,-4.568166,11.042054,7.1807795,15.603318,-10.107021,-0.49719754,-1.0120692,-6.282689,-6.031547,1.3854178,-0.8650314,disgust
-581.71875,70.49751,-7.8880787,10.743504,8.41422,13.295676,-10.530475,-1.4813246,1.5756842,-7.0418425,-6.751242,0.9228561,-0.2654344,disgust
-626.3644,85.229454,-3.5819335,9.515907,7.661771,19.551548,-8.907881,4.1937976,1.7114813,-6.687214,-3.334902,4.8171024,2.7156453,disgust
-618.37244,81.28828,-4.1657853,10.351996,8.017727,15.318882,-10.149557,5.24956,4.0230474,-7.0634613,-5.067101,2.2300231,1.7020341,disgust
-608.3955,75.852615,-7.162001,14.447198,7.309509,15.9723625,-9.387496,3.208526,1.5005627,-4.4566545,-5.2321534,4.2329874,1.2483315,disgust
-618.6752,85.83496,-1.0958569,18.13473,8.961025,20.293146,-6.4913483,5.1617336,2.2617812,-4.341528,-4.1624103,4.0185466,4.613577,disgust
-568.5793,72.25591,-0.96032494,9.171285,2.5687788,11.502727,-10.653266,-1.4381503,-2.1713681,-7.5796003,-8.189473,-1.4186002,-2.1525512,surprised
-586.9518,68.51535,-1.2139237,10.34092,1.9309398,11.037204,-9.026822,0.7015292,-0.60524654,-6.1753774,-7.508596,-1.8672781,-2.377242,surprised
-568.61505,63.27793,-5.0980253,8.281206,2.249007,9.543932,-9.137433,-0.12207443,-3.677136,-7.5608163,-7.3357353,-1.5842928,-3.1493745,surprised
-546.7428,65.57077,0.50800055,11.213584,1.8764714,9.438198,-8.134423,-1.1343532,-0.5771479,-7.847348,-5.938314,-1.0369556,-3.5773313,surprised
-542.39984,65.47364,-7.828966,10.903416,2.7110538,9.964898,-9.779137,-2.8865724,-2.6315563,-6.89631,-10.993249,-0.47516653,-1.8913946,surprised
-541.0384,71.56266,-10.367347,9.80173,3.2799673,8.6581135,-12.0461445,-3.6914828,-3.3751686,-6.2731724,-11.734288,-2.4474754,-2.3528047,surprised
-561.73816,63.771156,-8.193513,10.717545,1.528304,11.123491,-9.027409,-1.6191399,-2.9386926,-9.928778,-9.759049,1.4796628,-0.9393977,surprised
-540.8637,61.330112,-9.318194,14.311653,0.7002955,10.04251,-8.720128,-2.2538874,-3.2646368,-8.769154,-9.339117,-0.43305582,-2.1427844,surprised
-732.53143,75.36297,2.1393845,13.3207245,-5.1078787,13.785239,-8.48776,2.100258,-4.250009,-6.3844476,-5.926776,-5.455291,1.4676827,neutral
-691.59784,60.5276,-1.5540609,10.381246,-4.6274877,12.683831,-8.411634,-3.2070198,-5.726064,-7.8658857,-4.9420195,-4.412449,1.3065821,neutral
-712.90045,70.99918,2.518858,11.849671,-6.8973036,13.638405,-7.548911,-0.04030984,-8.7908535,-8.347914,-5.162184,-2.6026192,1.5763351,neutral
-707.47736,64.67533,1.4038469,12.914077,-5.154926,14.195786,-6.8831935,3.0217376,-8.002179,-9.591667,-6.0354967,-2.3945637,1.3856721,neutral
-737.4777,63.482704,1.217715,18.055117,-4.027579,13.973715,-6.386613,0.75536716,-5.869803,-4.397014,-2.7897563,-3.9118836,1.6112624,calm
-708.0036,65.88851,-0.37038976,11.793811,-0.45767185,11.958793,-5.9902444,0.91911346,-5.9811587,-5.9621735,-4.486665,-3.1916833,2.6635947,calm
-716.70636,64.119995,2.7329688,11.826704,-5.5638433,12.234403,-7.50099,-0.041922227,-8.776205,-5.4792895,-3.6362503,-1.7540914,0.7060549,calm
-707.7187,65.4332,-0.9955202,11.735021,-3.921957,13.018924,-4.3351574,2.2775288,-8.617469,-8.3898,-4.355832,-0.176098,2.0800128,calm
-721.00305,67.90161,-2.1373575,13.948111,-2.4564273,14.01945,-7.253265,2.353783,-4.6661544,-3.0205278,-2.5781498,-2.4751136,1.6326722,calm
-717.95935,65.441284,-0.35079956,15.528087,-4.1134157,11.394577,-8.131547,0.7498632,-5.6702557,-2.2617483,-2.255956,-1.7679178,0.63047624,calm
-719.9095,83.20883,-6.9376426,10.662495,-6.5920577,10.782142,-4.3704166,3.0716166,-7.4612646,-8.388378,-5.2863336,-0.88548625,1.5724115,calm
-712.4379,78.73424,-5.351281,15.5613575,-4.329194,11.40557,-7.483521,2.4171731,-8.861941,-9.116618,-5.105822,-2.1845734,0.85813975,calm
-657.4267,75.486115,-3.0091538,5.7227693,-4.1241746,12.301088,-8.029491,-2.3234088,-9.062191,-8.04551,-5.837279,-3.2789395,-1.3687451,happy
-675.2399,67.60121,-9.946747,0.5245763,-4.6196895,10.991122,-9.973026,-4.5999374,-8.433297,-9.321521,-6.0807495,-1.3679987,-2.8858132,happy
-669.3435,64.2342,-3.5707994,8.069645,-7.0470433,9.945685,-9.752776,-3.2899418,-9.4472275,-8.247505,-7.2183123,-1.0544198,-1.8216927,happy
-668.49133,64.26296,-0.35598597,7.5653296,-8.113159,12.333376,-6.9233413,-1.7123736,-8.280808,-7.438753,-5.074383,-1.7313498,-0.071751885,happy
-515.6323,52.80903,-16.172644,-4.455541,-9.112961,1.4548341,-12.021794,-9.725209,-8.826911,-9.724662,-11.245383,-2.7476106,-3.0486174,happy
-528.4092,54.772232,-11.655582,-0.3999433,-8.017866,6.582648,-11.331579,-8.883738,-11.276724,-8.997384,-10.709476,-2.5752478,-3.4992914,happy
-520.9778,43.122234,-7.0078506,3.7458663,-12.290803,6.514574,-11.073269,-6.3213067,-11.332597,-9.791762,-13.087937,0.057513427,-6.9546337,happy
-549.9855,54.40947,-12.082293,-1.2322559,-11.369803,8.147477,-13.138018,-7.9310627,-10.82883,-11.006539,-10.482972,0.10208472,-4.798579,happy
-686.034,72.008385,-1.7786269,8.038586,-2.3965142,13.9933605,-10.5649605,-1.625542,-7.4246984,-9.350847,-5.8543916,-2.685557,0.47403595,sad
-663.9523,67.68853,-4.017017,4.4781947,-5.1318154,10.83828,-10.217274,-4.0679803,-8.558047,-9.53369,-6.188786,-2.8159149,1.6515558,sad
-657.06555,66.82609,-5.1743045,6.319111,-8.138712,10.800665,-8.267332,-1.1061006,-11.4363165,-13.676721,-6.1035,-1.5237747,1.6446686,sad
-652.7949,68.40272,-3.6413016,6.5583572,-8.974753,9.403121,-7.6622972,-0.93150485,-11.525381,-13.376631,-6.291733,-0.9602436,0.23800603,sad
-655.1916,68.43531,-5.9697013,5.343392,-4.3442,9.937713,-8.933983,-3.8338008,-7.1157465,-8.357255,-8.412021,-3.155955,-0.013610405,sad
-640.1409,65.37484,-10.343263,6.9032903,-2.2617185,9.343273,-11.639935,-6.766062,-9.991229,-9.919908,-8.308743,-4.4276767,-2.3259115,sad
-667.50757,65.36162,-3.9817457,10.684461,-6.927653,11.879462,-6.069501,-3.0258222,-10.405794,-11.769835,-10.280459,-3.9566994,-1.7206172,sad
-643.9149,63.954067,-6.740808,12.686293,-2.2219346,11.826854,-9.092524,-3.8602579,-8.721824,-8.331462,-10.09052,-5.9484572,-2.0660038,sad
-611.12714,56.8856,-0.6179599,7.318383,-3.173135,6.026652,-10.351036,-2.8509154,-7.5368323,-6.4644685,-6.9355497,-3.687237,1.6484131,angry
-641.10785,63.277554,0.20067455,9.337861,-4.001092,6.9380445,-10.231388,-2.863432,-4.9236283,-5.3535247,-6.700391,-3.5972292,1.9819196,angry
-607.648,63.48603,-7.195657,7.634901,-6.7317104,6.8517046,-11.061661,-2.5199246,-7.877467,-7.1210017,-7.9870934,-3.0020344,2.1572418,angry
-581.94073,63.4103,-6.3141413,8.758494,-6.621264,5.956945,-11.619885,-2.8373127,-6.9307914,-9.076232,-9.787544,-4.5873656,0.6212153,angry
-504.8506,54.2025,-16.29148,2.8670826,-5.767332,2.8954716,-14.846722,-5.992841,-6.894608,-9.816898,-7.671557,-1.831441,-3.7728827,angry
-522.59436,56.2544,-12.466538,1.1394621,-6.1508627,2.7410483,-12.8504925,-5.3486276,-6.651019,-8.045857,-10.657239,-2.6535344,-1.7545233,angry
-463.72495,45.929325,-16.50116,4.3167324,-8.308796,2.763329,-15.303742,-4.3589277,-7.9787626,-11.918263,-12.475979,-2.7364252,-4.2703347,angry
-470.35553,48.44611,-21.689028,3.126088,-10.172422,2.192826,-17.533178,-4.401631,-9.673747,-12.771454,-11.960282,-3.0003214,-2.6975641,angry
-614.0897,59.551308,-13.150559,6.472168,-3.2078707,9.337105,-12.999274,-6.1124625,-10.869935,-10.334136,-7.868935,-3.1146693,-3.5767539,fearful
-597.0803,60.550133,-10.906252,6.468074,-3.208017,8.893175,-11.590634,-5.7145762,-8.700683,-8.697742,-8.625026,-4.0333443,-2.2698004,fearful
-600.66986,68.50552,-19.34777,6.7622,-5.872462,8.86267,-14.332245,-3.6741562,-12.81679,-13.80584,-5.962784,-2.8895168,-3.1660361,fearful
-598.94604,60.45143,-11.588419,4.650655,-6.5466704,8.317213,-11.244816,-7.0548778,-10.107211,-12.085669,-6.9419312,-1.2387471,-1.5481588,fearful
-529.67175,50.0381,-23.27859,1.307583,-10.355022,-1.2888885,-12.902333,-11.063308,-11.848652,-9.885729,-10.412309,-2.9315248,-6.4587045,fearful
-512.77686,45.48068,-22.15804,1.9938719,-7.982537,0.46701577,-12.175795,-9.717515,-10.736132,-11.358449,-8.710515,-3.7157018,-7.639883,fearful
-508.10986,43.27804,-23.512302,1.2742159,-8.741226,3.1375208,-15.823981,-11.990866,-14.124409,-10.971456,-10.921465,-2.6535358,-8.994877,fearful
-501.75925,42.498474,-26.166346,0.6102201,-10.696171,0.9299022,-14.719833,-12.425635,-12.321523,-10.894655,-11.4296255,-2.6313689,-8.17205,fearful
-617.91345,66.418,-7.7829213,2.8342872,-3.1387584,4.94312,-10.491163,-3.8088162,-7.7752295,-5.8006735,-6.8477936,-4.440099,0.62893337,disgust
-635.91675,74.33158,-5.8530326,0.7292374,-4.5874662,7.4948416,-11.306568,-3.9211223,-8.528217,-4.273745,-8.461239,-6.814007,3.5441568,disgust
-636.91455,70.65381,-7.140786,7.3459425,-6.271423,9.468734,-9.165857,-6.2019577,-9.507634,-5.805247,-6.6623564,-3.3162737,1.410059,disgust
-626.6795,73.2115,-7.5356474,4.671875,-4.0299506,9.965465,-9.927782,-2.81077,-9.616851,-8.614126,-7.4873934,-1.5467428,2.954441,disgust
-569.3465,58.75267,-11.3478565,0.8127066,-3.7441363,5.309487,-12.60663,-4.661411,-12.887651,-4.7756567,-7.0921354,-2.559408,1.7311239,disgust
-595.35645,62.38044,-4.747577,6.5341983,-6.355627,2.7572303,-10.83593,-5.057255,-8.777452,-2.0693092,-8.7326975,-5.2911115,3.413724,disgust
-608.07104,59.771233,-10.424177,6.853666,-4.324524,6.2712154,-11.632592,-5.3456264,-12.503009,-2.58718,-9.0072,-0.76444864,-2.107477,disgust
-569.7141,62.4936,-10.591215,7.0797067,-3.197353,6.002057,-15.218988,-6.7225866,-11.470918,-5.7986073,-9.3036375,-4.0729327,0.6508643,disgust
-627.8736,63.898327,-3.4075758,-0.13410361,-7.70957,6.313606,-11.146294,-3.7166624,-8.31882,-4.928344,-8.778994,-2.282259,0.58208364,surprised
-602.3053,61.9714,-9.374262,0.07773857,-7.9333234,3.2238536,-12.568552,-6.563224,-9.380169,-7.5208745,-9.826356,-3.3657813,-2.1146266,surprised
-610.26965,63.18972,-7.2045636,1.6238552,-8.695817,3.744737,-8.529583,-4.5643034,-10.513488,-10.463063,-9.3525915,-1.661852,-0.31131312,surprised
-581.7609,58.26166,-11.072683,1.7984574,-8.729754,4.531601,-8.830036,-6.1777606,-10.69099,-11.616668,-10.5209465,-0.89347035,-0.82437956,surprised
-594.22046,57.664925,-10.952655,2.4996712,-11.504056,3.8562872,-11.379861,-6.312739,-8.993091,-8.512723,-10.903527,-0.3830139,-1.2627279,surprised
-544.3078,58.244907,-13.065475,0.19849442,-7.1868587,2.8590126,-11.077775,-6.3569074,-8.411236,-8.726477,-8.579871,0.060249045,-1.9622549,surprised
-523.75665,42.929535,-9.608952,1.7667596,-13.816484,1.6879216,-10.068637,-8.546539,-11.064612,-9.346706,-12.807373,-1.8335053,-2.121323,surprised
-560.18646,44.504402,-14.639299,2.2514918,-11.03119,5.3468065,-10.163466,-6.5531926,-9.599661,-7.1183057,-10.148724,-0.8554627,-2.5813625,surprised
-677.04517,79.1009,1.4322944,8.173247,3.9377906,18.123615,-9.02632,1.2000734,-3.7304273,-2.6145797,-7.2290792,-4.8144603,1.1606925,neutral
-654.7453,77.3387,1.8005472,6.381175,6.2309127,20.27821,-8.4755,3.129455,0.42228782,-1.6587836,-5.9624147,-3.0395348,2.8467267,neutral
-647.62885,70.053185,-2.6149004,5.3701506,2.004189,17.809736,-11.133022,0.9463768,-1.4836402,-4.695195,-7.283162,-4.7383213,0.6157171,neutral
-645.6034,73.77888,2.402237,6.2687244,3.280682,18.80483,-9.786632,1.143568,-2.1509602,-4.6709056,-7.3264365,-3.192632,0.20119272,neutral
-708.9373,70.33675,9.4891615,11.994718,4.6041145,16.881027,-4.73068,4.9154396,-0.39915144,-0.49249017,-2.7941053,-1.9774806,1.5170999,calm
-731.4882,70.913635,6.4894395,12.725701,3.7193983,17.03768,-4.4894657,4.3252664,-4.06839,-0.782184,-3.922439,-3.269229,1.7539625,calm
-689.0563,66.56982,3.819928,9.127965,3.1023567,12.966516,-6.170267,2.5672948,-2.9062753,-2.3220894,-5.0395217,-2.6491957,1.3230158,calm
-689.4704,68.112495,3.9997876,11.038073,3.3084555,15.108302,-6.33133,2.4983034,-2.481705,-1.670319,-5.504648,-2.0315645,0.74405557,calm
-692.9809,79.81773,5.412727,12.926897,1.7429109,16.889456,-4.7468905,2.7362673,-5.111893,-1.0767814,-4.3519726,-4.289858,2.8531072,calm
-718.0039,78.10556,9.262426,11.199741,2.5758672,17.55245,-3.2829568,4.1212,-5.212217,-1.1030326,-4.0965,-3.1261458,2.715658,calm
-697.77386,68.53853,4.832445,10.410114,4.3951173,17.31711,-4.447251,2.9424202,-5.0502257,-2.9642413,-5.217464,-1.4866204,1.742845,calm
-680.0596,73.784744,3.9221644,10.9569,3.0688221,16.663364,-4.471182,3.7051542,-3.7726846,-2.55227,-5.7067,-2.5176558,3.3621979,calm
-665.17145,65.07049,-6.941336,6.542368,-1.9405802,12.119533,-9.150192,-1.6255175,-4.449723,-7.332825,-6.9510236,-5.7628884,-0.30685002,happy
-607.1208,60.785297,-6.9628844,6.192261,-2.85658,10.60237,-7.5637245,-2.126404,-3.3801727,-6.684198,-6.4257646,-4.0001783,-0.84034777,happy
-641.147,61.855583,-7.089036,8.129784,-2.1509445,12.743759,-8.434305,-1.4781259,-5.0681505,-7.90619,-7.618857,-4.221735,-0.12286919,happy
-633.64557,60.97282,-5.92939,11.021031,-1.3557146,12.647052,-7.3447948,-1.658555,-2.877238,-6.864091,-7.992746,-2.8469512,-0.4386558,happy
-541.4354,49.822803,-13.8180895,4.263922,-7.26527,4.800775,-8.767632,-4.9131145,-5.3027625,-5.9541945,-8.215941,-5.1957874,-2.4077952,happy
-536.25433,51.13552,-14.947182,3.0154195,-7.375435,3.6298144,-8.746076,-6.0181775,-5.6483784,-6.3179774,-7.5033636,-6.3715034,-3.2297573,happy
-538.31866,50.505936,-12.359847,4.5823774,-8.39855,4.248584,-9.695197,-6.7573524,-4.2752566,-6.174453,-10.10078,-5.0132184,-1.072822,happy
-564.21185,54.75471,-12.062169,5.610564,-5.497679,5.01145,-10.285004,-4.8916097,-3.626669,-6.795848,-10.048922,-4.9156213,-0.54554737,happy
-728.7215,76.7157,4.7629676,7.089334,3.5924985,18.624578,-5.2319407,4.6462235,-5.2853327,-1.9440619,-6.6505537,-4.117722,-0.6576798,sad
-714.5328,77.48759,5.394832,9.028925,5.506476,16.064686,-3.6785414,4.3563046,-3.317283,-2.5442047,-4.7156467,-3.362594,-0.4029537,sad
-663.7986,58.735943,2.5486655,12.59666,2.0394855,14.095369,-4.7234783,6.5558004,-5.3089967,-1.9153857,-4.362089,-4.3055196,0.94517624,sad
-676.43854,66.30843,1.1813395,14.0112915,2.4163733,16.886127,-6.418675,8.651376,-6.592748,-0.368551,-4.677448,-3.2389839,-0.30279657,sad
-603.57245,65.23966,2.0636103,8.543237,2.7293727,16.630287,-7.243426,4.3778815,-12.744413,-3.8833902,-9.102304,-4.987543,-2.1033168,sad
-640.36694,62.747467,-0.47407377,2.2895854,2.0211747,14.295498,-5.957285,4.0157466,-10.036424,-4.0893426,-5.27281,-3.0911832,-1.3097796,sad
-675.0315,52.24761,8.415637,10.00764,-2.1110632,14.378488,-6.0664787,5.6917124,-9.356187,-1.9020826,-8.627139,-3.136239,-1.1369839,sad
-632.1876,77.305565,3.403888,6.7719045,4.3770156,19.353882,-4.3061857,6.9556723,-9.933166,-6.795137,-2.4261832,0.3869795,-0.14858142,sad
-579.2218,57.379814,-8.834136,4.196415,-2.599477,5.964382,-8.060396,-1.6461443,-3.0360227,-5.1688976,-8.695699,-4.9638166,-1.7977078,angry
-565.2382,57.86759,-9.377353,5.624587,-1.7902155,6.90893,-8.152637,-2.2045724,-4.0876956,-4.398131,-8.6462,-5.2639256,-0.9725256,angry
-577.51447,57.638367,-8.456705,6.1247883,-3.2681081,8.704621,-8.484184,-1.1842914,-2.4678824,-5.090221,-6.54236,-4.719343,-2.045787,angry
-585.5654,57.176655,-10.791227,7.121607,-4.1038613,6.6965027,-9.61199,-2.935678,-4.257118,-3.217832,-9.1844425,-6.5393314,-0.8597881,angry
-455.9852,48.067677,-15.950625,1.5354617,-5.5810804,-0.84853995,-8.292865,-4.907851,-4.379014,-4.583829,-7.2421722,-6.699576,-4.1488223,angry
-462.31448,46.1901,-15.609308,-1.2564441,-5.659151,-0.085534334,-9.750613,-3.6658525,-4.6872315,-5.1734867,-7.467847,-5.4185653,-4.8708034,angry
-422.647,38.85035,-16.750536,-1.0205783,-6.9374704,-0.10928164,-7.619318,-3.3435533,-5.6982026,-6.035234,-5.190815,-5.706592,-4.005762,angry
-435.31158,39.68834,-14.45683,0.49358913,-5.954214,0.22282648,-9.221676,-4.3346252,-4.404653,-6.089862,-7.3025794,-6.8995967,-3.3216813,angry
-628.7224,63.698135,0.15218729,8.789053,1.6801981,14.5487385,-6.880486,2.720422,-4.832859,-5.9471436,-5.906961,-2.8552215,0.0494051,fearful
-709.5105,64.930244,3.0776331,7.8256097,2.706293,14.646838,-5.1508937,5.2694473,-4.295296,-1.6223065,-7.028102,-2.7098129,2.1762109,fearful
-659.7563,54.014687,-1.5458174,7.9527884,2.4214253,11.948643,-4.3575625,1.9783176,-4.502141,-4.1818867,-5.5476284,-4.0758495,1.3124944,fearful
-682.84906,56.569984,-1.5616933,7.8841505,1.0476575,11.521948,-5.4547896,2.4401724,-5.4050713,-4.6140018,-5.9381275,-4.0533714,-0.81817484,fearful
-569.6125,67.45983,-9.903627,4.2921515,1.6624042,12.111913,-11.240512,-5.4119453,-7.782959,-9.55167,-8.377112,-4.843147,-0.5747225,fearful
-588.30444,66.55261,-6.7700024,7.0381284,-0.51540333,11.231015,-10.62762,-1.4943305,-7.134598,-9.173728,-6.9665384,-6.0304694,-2.0393913,fearful
-538.9804,58.07244,-13.123163,5.1794643,-3.913746,10.765169,-11.142844,-3.485819,-7.5119243,-6.6292934,-8.047452,-4.9638176,-0.7870625,fearful
-563.7197,76.45018,-11.383374,4.065525,-3.3722982,12.995871,-7.816029,-0.4318094,-10.562568,-10.679482,-11.414133,-4.7656755,-0.9981067,fearful
-674.7243,69.159386,-0.24560328,12.518356,0.2372114,12.695392,-2.582461,6.291494,-4.5978885,-1.8983681,-5.1212893,-4.582213,2.055124,disgust
-670.75507,61.938164,-0.11009175,10.221857,1.4995934,11.953727,-5.3793573,4.001712,-4.789984,-1.7324126,-3.5150132,-3.2741888,0.82156736,disgust
-688.99176,52.997437,-0.6949212,10.821215,-1.6062461,12.015389,-4.3153553,5.734336,-5.958421,-2.6992357,-3.4426434,-2.5512524,1.1125432,disgust
-691.06647,56.277687,4.0622544,13.532889,-1.3892239,12.815974,-5.522404,6.824999,-5.8451285,-2.6296382,-4.229433,-2.0456903,-0.32102892,disgust
-597.22986,54.587093,0.29617196,7.9675255,-0.22442468,7.602571,-3.7207012,2.7220254,-3.8728518,-1.6756753,-7.117002,-4.425978,0.15379883,disgust
-603.1842,62.10435,0.56108826,10.3112,0.8056884,7.952221,-5.2704606,2.4761167,-5.6225443,-3.4171906,-8.154688,-4.4759984,0.49256474,disgust
-598.6879,58.09425,-0.7908758,11.595831,-1.9955281,11.347894,-4.6325517,1.7604246,-7.0438576,-3.06213,-8.477985,-5.2278395,-0.59940976,disgust
-610.9025,57.75068,-1.2501984,12.320345,-2.188584,11.376021,-5.332443,1.503635,-5.516002,-3.2588847,-9.918637,-4.586806,0.6647071,disgust
-599.2439,62.21438,-10.057681,6.860645,-2.4647684,9.717561,-8.48035,-2.0666656,-5.9657555,-7.1943636,-5.971397,-4.3614006,0.23164469,surprised
-609.37384,63.767937,-9.06208,7.472404,-2.3822803,11.419916,-7.399461,-3.274404,-5.0280023,-5.6663704,-6.4969087,-2.8773415,1.003197,surprised
-569.1324,61.33735,-8.703363,6.9461503,-4.5332146,9.644601,-5.3839855,-2.715068,-4.033091,-5.9834356,-6.8991275,-4.0326023,1.6156094,surprised
-559.6213,57.99333,-9.189291,3.4377422,-5.5829997,7.404971,-7.9958415,-3.3063507,-5.6111517,-7.3605146,-6.8612714,-4.4763803,-0.5065167,surprised
-557.01434,56.569588,-11.098543,6.483811,-4.3218775,10.319003,-7.6697083,-4.867458,-8.262742,-5.855659,-6.0467253,-4.562987,-1.1571616,surprised
-550.02136,57.94791,-13.185629,4.094948,-5.988897,5.1533155,-7.6710663,-5.1337056,-7.880205,-7.3302574,-6.576598,-4.6129518,-1.911987,surprised
-528.33264,49.88547,-15.615649,4.4593363,-9.856805,3.2112021,-8.730066,-4.352807,-7.709064,-7.9688983,-6.388164,-5.617905,-2.4375763,surprised
-549.1126,51.645596,-13.533259,5.0575366,-7.7514367,6.483627,-8.185426,-3.6789606,-7.4954734,-5.939384,-7.320757,-4.6107664,-1.7029145,surprised
-708.18774,60.263954,-3.812189,4.6156693,-4.941496,-0.6037715,-9.850571,-3.9595113,-10.822568,-8.121636,-4.7690997,-6.383387,-6.268735,neutral
-717.1823,61.52473,-9.561806,4.5304594,-4.689971,0.42591473,-12.630183,-3.0818665,-11.383424,-8.497087,-4.7001457,-5.5769963,-6.910687,neutral
-708.31976,63.369892,-6.8119817,8.808128,-5.166003,0.8405812,-9.831654,-2.8697002,-12.031708,-6.9782376,-2.8792143,-6.4032564,-4.850937,neutral
-703.7925,58.8638,-6.591528,9.530988,-5.4352565,0.801021,-9.16663,-5.3308372,-13.281657,-7.27472,-4.4762573,-6.7058487,-5.944012,neutral
-765.3686,55.468166,-0.9693126,8.355431,-3.428298,4.8014483,-9.493274,-1.7996465,-12.925551,-7.3623214,-6.699264,-5.9965363,-6.507561,calm
-774.9348,61.553085,-0.82323515,10.258059,-5.25129,2.267958,-9.608938,-1.3073407,-9.942767,-7.0011663,-6.677645,-3.909025,-6.729562,calm
-760.016,58.00556,-1.649008,18.476496,-4.0114474,6.138883,-9.888475,0.57140315,-12.488593,-3.48536,-6.0192065,-5.466563,-4.693886,calm
-723.9797,59.033157,1.1970047,12.025427,-6.7408495,7.5494604,-7.4619374,-4.0346723,-10.683406,-4.8074937,-7.4951825,-3.9050329,-7.826235,calm
-712.7298,65.64975,-9.252884,6.5343256,-7.8319488,3.3329456,-11.733175,-3.3175154,-11.466201,-6.9135756,-5.698388,-6.8221617,-6.010835,calm
-721.3479,66.84917,-5.803517,12.672826,-4.0064564,5.5202885,-10.044577,-1.099904,-9.682877,-6.176111,-6.1222057,-8.261205,-2.7931583,calm
-736.27234,67.01528,0.4447337,12.4989805,-10.081483,3.1448376,-11.505704,-3.9244401,-10.188941,-6.0271273,-9.6738405,-7.299731,-5.7144322,calm
-712.3885,63.24029,-6.6979976,12.928337,-9.692719,7.1850357,-12.298458,-2.9333806,-8.629325,-5.959417,-8.213768,-8.319246,-3.5404978,calm
-687.26917,59.822254,-7.814606,4.153196,-5.5109944,1.6609536,-11.726879,-3.0108454,-8.262731,-5.8449073,-6.1476893,-5.687459,-7.763839,happy
-679.4288,66.72483,-13.251517,3.3982923,-2.6815076,2.3959708,-12.046106,-3.0658932,-8.255746,-6.937652,-4.8832674,-4.3426275,-8.549275,happy
-699.6422,65.30451,-7.6499825,1.5834274,-5.6851473,2.4652905,-10.332688,-2.6144962,-9.594676,-5.784488,-4.755839,-5.715259,-5.1928086,happy
-637.4843,54.65575,-14.385685,2.8211074,-5.277694,-0.31522414,-11.874338,-6.5929747,-9.978388,-5.7049494,-6.057456,-7.229257,-6.215919,happy
-560.9439,59.00768,-21.721348,4.099716,-3.345492,-0.74479383,-19.210684,-1.3057873,-7.590088,-8.393338,-2.1822734,-3.921418,-7.888694,happy
-549.2362,55.645756,-18.499102,3.886537,2.1703668,-1.3207943,-13.935467,-1.3074939,-6.164294,-6.7242785,-1.7482879,-2.759629,-6.33693,happy
-562.02246,51.749157,-19.801012,3.015481,-6.2420535,-2.124168,-17.851171,-5.0888724,-10.204763,-8.797136,-7.638298,-3.3326168,-7.8983116,happy
-526.8393,42.73477,-24.088236,1.9478806,-12.239376,-4.976268,-17.81862,-7.11182,-9.507144,-8.172066,-6.9084272,-4.7992325,-9.705639,happy
-712.7358,65.75519,-1.3134112,10.639453,-3.1075976,4.5924354,-9.416332,-5.9806123,-9.20671,-6.1180296,-5.998509,-6.3699284,-5.2037992,sad
-748.7916,68.438736,0.85749453,16.57646,-3.6194909,6.7399745,-9.081865,-0.18680505,-10.171622,-4.9337893,-3.5512054,-4.6682916,-4.946684,sad
-714.9452,61.080555,-3.2099516,6.7286644,-4.052452,0.4169543,-9.0172615,-1.8675941,-12.592547,-8.722405,-5.510103,-8.257051,-5.8998494,sad
-722.56287,66.428986,1.0844052,14.247135,-4.5040135,3.7560296,-9.863364,0.036211163,-11.028366,-2.4154131,-6.606638,-6.2706456,-2.6727164,sad
-596.4366,59.204784,-17.651644,-0.23580393,-4.1443176,-5.2515464,-15.63252,-9.04494,-11.394493,-16.177053,-8.056587,0.09651594,-5.29196,sad
-608.32294,67.9372,-8.28595,3.9395196,-3.5425527,-3.428009,-14.994794,-2.7014525,-6.7327757,-11.981659,-5.1206326,-2.1940174,-4.9850054,sad
-599.9094,64.42398,-6.3752227,10.306619,-6.254834,2.2846332,-12.666918,-7.975377,-14.245497,-14.02012,-9.055,-3.347121,-9.089478,sad
-694.3495,57.413208,-2.8858342,11.741073,-9.149792,1.1677833,-9.310403,-3.3617997,-7.427918,-8.684037,-7.477147,-3.9400747,-5.7125044,sad
-530.94977,56.710712,-17.588903,3.7022645,-7.3645763,-5.028225,-15.431587,-0.9017262,-7.518787,-10.244363,-3.968747,-2.8812027,-6.4808645,angry
-536.93555,52.80093,-18.046204,2.9137304,-8.082507,-2.5925405,-14.765614,-3.0232728,-7.4553256,-7.245714,-5.2079744,-2.814677,-4.9631996,angry
-560.5285,52.595707,-14.0471945,3.461822,-3.7463102,-1.9103857,-14.068433,-0.8952413,-9.1161375,-9.471043,-5.0904007,-3.2051277,-3.9574554,angry
-523.4514,56.59475,-16.241226,1.2283807,-9.110226,-1.0109875,-18.663584,-5.5562425,-8.990947,-12.0337305,-5.634553,-2.2962492,-4.6580834,angry
-450.53635,49.84482,-21.261328,5.7623987,-8.995365,-9.1028185,-17.547977,-1.2731729,-7.216011,-11.156021,-4.1375875,-4.3272104,-8.488931,angry
-491.46426,52.54783,-22.691208,4.356893,-9.370851,-4.8912754,-17.746723,-1.4168029,-7.1762505,-10.480401,-5.035942,-2.5024495,-7.61197,angry
-516.78796,52.314465,-12.667166,5.3579583,-10.408358,-3.452159,-13.058347,-3.3401446,-8.87813,-9.747526,-4.9420853,-3.3733304,-5.515411,angry
-517.4784,48.21556,-21.094524,7.2457967,-10.975099,-7.3343444,-13.994265,-0.7529825,-9.610131,-9.3367605,-4.684581,-4.3574104,-6.3421993,angry
-533.0255,46.064316,-19.101273,5.700074,-10.131557,-1.744616,-14.264687,-4.3332996,-13.421819,-8.499933,-1.8976086,-3.5079308,-8.617944,fearful
-544.168,46.672043,-18.890965,3.747449,-11.727212,-1.4705652,-13.5805,-1.997862,-11.298148,-7.7628255,-3.583196,-3.240899,-6.10901,fearful
-547.7068,43.194057,-14.354176,6.206103,-11.524583,-1.7694703,-14.014099,-6.562462,-12.311296,-6.395568,-6.916304,-3.28743,-8.382795,fearful
-558.42786,46.290524,-13.890771,7.7349596,-10.606212,-1.095854,-10.947169,-1.9517518,-10.993224,-6.7343755,-4.00352,-3.0303526,-6.7058535,fearful
-455.08334,35.84518,-29.918854,-5.1156907,-14.153886,-3.9631965,-21.37635,-11.444274,-15.018041,-15.923646,-5.0414906,-1.9223958,0.45517057,fearful
-497.26718,29.747702,-16.74975,-2.781938,-13.29005,-4.604352,-16.823717,-5.616928,-8.64881,-9.526477,-6.052828,-4.4172626,-5.346954,fearful
-481.2888,26.917099,-27.858831,-5.0181932,-16.005667,-2.8538034,-15.965476,-11.86239,-14.074583,-13.365931,-6.837284,0.2900229,0.60857403,fearful
-464.8661,26.594341,-29.542877,-6.660238,-22.980276,-1.8429749,-17.67711,-12.1706295,-13.550926,-12.341897,-6.7703347,1.1604642,3.9848607,fearful
-621.32965,80.875656,-16.834051,1.4722918,-4.6813784,-7.5949664,-15.361415,-4.4966335,-9.749241,-9.401145,-8.074179,-5.23705,-4.171108,disgust
-594.4625,68.74554,-14.513372,1.2925842,-3.4749458,-4.2218475,-15.433314,-2.848655,-11.231971,-9.125657,-3.3103142,-2.1501868,-5.6836305,disgust
-621.3281,68.56883,-22.176456,6.305642,-2.0125768,-6.6770453,-12.559688,-5.3895764,-14.246054,-9.887771,-5.4310575,-4.249233,-8.476265,disgust
-594.13104,69.70295,-12.525871,2.746616,-2.8957615,-1.7105764,-15.497359,-3.764629,-14.9181385,-10.46886,-8.440343,-4.2643986,-2.5884907,disgust
-643.16437,73.10417,-8.130316,4.74441,-9.804202,-7.91415,-11.439941,-2.596603,-14.067658,-10.387165,-6.035853,-0.031081516,-5.247344,disgust
-529.5698,57.632652,-24.82504,3.0455675,-12.837199,-3.465113,-16.097683,-5.6111007,-14.830846,-6.3753448,-2.452502,-2.4537444,-6.2397337,disgust
-534.35126,53.048775,-19.99443,-2.820471,-10.900537,-5.445453,-15.473699,-5.1895,-15.998716,-8.2053175,-3.8836699,-3.6515815,-5.991228,disgust
-543.7976,52.419262,-20.447172,5.142262,-11.263177,-1.644451,-17.689423,-6.5468106,-16.154222,-7.951879,-5.301761,-3.6907332,-4.9743977,disgust
-698.7616,43.0703,-5.478905,7.9784985,-7.703867,1.1193428,-9.632206,-0.47044283,-9.218779,-4.0562763,-5.355283,-5.575935,-5.2927623,surprised
-591.2938,49.854805,-14.407649,2.1519165,-11.367062,-1.1273493,-14.89969,-4.04114,-15.0078335,-7.1954594,-3.7742343,-4.1890283,-6.989947,surprised
-621.7946,47.170418,-13.756863,7.0596514,-8.252429,-0.7696958,-10.566842,-2.9664433,-11.259698,-5.0945034,-5.1869454,-4.7596893,-6.649185,surprised
-616.32245,45.89937,-20.175966,3.753582,-11.131477,-3.9648392,-14.135321,-4.7712235,-15.621428,-8.477671,-3.480687,-6.991876,-6.673991,surprised
-553.992,56.61485,-14.907667,2.6657012,-13.776782,-4.0725083,-17.319796,-5.07965,-10.142247,-8.829944,-4.524376,-3.8881302,-6.722397,surprised
-575.84576,53.281605,-21.947104,5.0561132,-12.553357,-2.4945269,-20.61461,-6.246452,-10.795346,-8.800463,-2.9595833,-1.2843934,-4.4445095,surprised
-522.467,43.7008,-14.606612,12.619474,-11.496836,1.743054,-13.268276,0.7474964,-13.840753,-2.5100267,-1.8181697,-3.670176,-6.043182,surprised
-536.6904,43.285828,-9.279314,9.257221,-10.542926,3.8666058,-11.568683,-4.17404,-9.066224,-4.903262,-6.2389207,-2.6182141,-5.418444,surprised
-726.2172,68.54142,3.2933977,12.2053,5.5102777,13.667408,-2.9838283,3.0980291,-3.3108134,-1.5643841,-7.8616524,-2.1242816,2.849204,neutral
-719.1283,70.20157,1.168397,13.122543,7.83695,14.411292,-4.1113596,4.468973,-3.5393667,-3.6586075,-7.648504,-1.4770775,3.031821,neutral
-714.9957,69.68935,3.9245636,11.92419,6.4217234,11.011614,-2.878103,4.5095577,-4.476109,-2.6715493,-7.4992833,-2.9622655,1.8734846,neutral
-710.9753,67.56489,5.7822413,13.230726,6.1908455,12.628252,-1.6751695,5.6574936,-4.9506335,-3.4775455,-7.416558,-1.9370041,2.2715254,neutral
-759.92175,75.78352,6.023605,14.557394,6.4541883,14.631508,-3.0045512,4.6209702,-5.200016,-0.70743024,-7.790287,-3.5649483,2.1809702,calm
-735.0066,79.09305,8.141051,11.413549,5.174124,15.393285,-2.7520719,2.9645836,-5.3889713,-1.6918322,-5.8528347,-4.0432878,3.0046408,calm
-733.5249,81.58986,4.8633575,14.423686,5.267689,13.96856,-3.0856166,7.1732454,-4.8214383,-0.9674487,-6.2504735,-3.8666399,3.3255188,calm
-728.363,82.324936,7.5005765,12.542465,6.788125,14.805659,-2.9095805,6.937839,-4.84434,-1.8469232,-5.6877103,-3.6666536,2.2403512,calm
-771.62524,83.32755,9.759607,14.268048,6.201726,16.020977,-2.846898,4.47025,-5.536262,0.8787948,-5.3482485,-3.029556,2.3405733,calm
-733.9896,82.99157,3.7967932,13.411559,3.1084962,16.039553,-5.652945,5.5606713,-7.840987,-1.1772103,-5.7287865,-4.109694,3.882382,calm
-735.9587,83.71625,8.720739,16.973064,1.3004172,16.308208,-2.9989035,8.180385,-9.681772,1.4794086,-8.105539,-3.2144182,3.27963,calm
-724.8058,83.05965,0.8636634,13.715781,5.3935223,15.342071,-3.8907714,6.682707,-9.109153,-2.3108945,-7.557554,-2.6653073,4.4087,calm
-679.53876,78.69846,0.66773736,10.390019,5.2070203,11.5252285,-7.0435305,2.0349188,-6.769451,-3.4523165,-8.604058,-2.1430967,2.153603,happy
-658.3063,78.063484,-0.78696334,10.139038,8.304726,12.286283,-4.871698,0.52415824,-5.5969224,-3.2145643,-9.875024,-1.7062541,3.7575343,happy
-693.60925,77.67328,2.3561034,12.037886,5.272909,9.537619,-5.2778487,3.814017,-8.2640085,-3.2064865,-11.793282,-2.4545705,4.334239,happy
-683.93146,74.13294,1.0578566,17.886679,6.339445,11.593822,-5.891603,6.8250275,-6.587667,-1.8747079,-10.637551,-2.1259463,2.790956,happy
-627.4205,67.704384,-6.669489,9.967615,-3.0760908,7.208737,-5.0634565,-2.9935553,-10.524828,-4.989577,-8.107446,-8.3624735,0.3314784,happy
-591.9702,72.971,-6.905822,4.645147,0.41286418,8.77231,-4.154121,-3.5272965,-8.41551,-5.53817,-10.657866,-7.126159,4.071781,happy
-554.2307,70.283676,-10.080169,11.619575,-1.2718135,10.0290985,-6.932471,-0.29826084,-9.17895,-6.3009877,-12.87689,-5.181731,3.789686,happy
-568.1388,70.80917,-8.760222,11.967098,-2.9723804,10.001248,-8.551405,0.02781801,-9.052507,-6.3288474,-12.138224,-7.0935783,1.7016895,happy
-715.8727,74.9853,2.9195237,11.441712,6.960729,13.466071,-6.726049,4.7315598,-6.0603504,-5.0608444,-7.6180463,-3.5482144,-1.2796025,sad
-732.4854,80.96551,3.486698,13.03123,8.979398,14.107941,-4.78729,6.040529,-4.208775,-5.1626196,-7.1502514,-4.6642747,-0.31327257,sad
-766.6507,73.99263,2.4763808,10.077653,7.928804,11.792142,-5.2503986,4.038565,-4.807725,-4.9669833,-7.7130537,-2.5745971,0.20226558,sad
-736.81494,70.96664,4.8449197,13.2525215,7.9328127,11.802074,-4.9299836,6.692443,-3.7731934,-5.046368,-8.592158,-2.9672074,-0.1479453,sad
-704.1285,77.837975,5.096841,14.805322,8.49169,14.999446,-6.490629,5.851003,-5.3327923,-4.5298414,-6.2781534,-1.552901,0.5103896,sad
-652.2412,69.28093,-3.6923711,11.728851,3.0127633,11.101811,-6.1069927,-1.5688689,-6.384501,-5.752694,-10.740143,-4.3840003,1.1800429,sad
-650.43463,71.005745,-1.6740128,11.137108,6.426337,11.243235,-6.4243813,1.043488,-7.5295334,-6.578289,-13.766916,-3.7808657,1.1671071,sad
-636.48676,70.95319,-4.674072,14.9717245,3.3033524,11.239858,-7.639233,1.0996047,-7.3877835,-5.972332,-11.932848,-3.008971,1.6879238,sad
-578.98865,62.405315,-8.723745,13.807444,1.7894554,6.853797,-6.7793736,1.6812309,-3.129483,-0.87246543,-9.711343,-3.9222546,1.1898441,angry
-558.0903,60.273037,-9.1174965,13.649889,-2.485257,6.0296597,-7.8237543,0.5218871,-7.946145,-5.875875,-9.344623,-5.446145,-1.7070966,angry
-595.0243,58.63152,-2.3276181,13.655263,2.5868275,7.25531,-6.0467424,2.112173,-5.78033,-4.3421254,-9.432346,-3.4377162,-0.09518714,angry
-557.4183,59.952057,-3.6888146,12.916796,-0.013789424,8.49737,-7.3896723,1.7407534,-4.216524,-5.3085866,-10.202172,-4.530847,0.6808322,angry
-382.96606,53.877857,-23.295197,4.5904512,-9.281445,-0.87772375,-10.370431,-2.3168542,-15.354205,-8.7570095,-11.345289,-7.9053793,-5.038463,angry
-398.33093,52.28169,-28.397718,12.267397,-10.859696,3.7202892,-12.748709,-1.9727651,-11.1578665,-6.1966987,-13.095329,-9.452902,-1.8068534,angry
-433.96576,53.986023,-22.437214,10.337305,-7.014483,4.446643,-9.936925,-1.8927367,-10.486032,-7.3606796,-12.758347,-6.5644193,-1.5250014,angry
-338.97913,44.90493,-24.296867,3.9212265,-13.2807255,1.456002,-13.051088,-4.972659,-16.886797,-7.3687496,-14.381403,-8.851163,-2.0966728,angry
-620.86926,72.92555,3.069638,15.845615,5.0054407,15.862975,-6.974336,2.558235,-6.399506,-6.2472754,-8.1957035,-2.013455,0.49049407,fearful
-635.4471,72.67471,-2.951787,10.282644,2.131883,12.7642765,-7.8575134,0.4886411,-9.560815,-9.200944,-11.435256,-3.8575084,0.2552432,fearful
-646.4345,74.19784,4.969642,20.310244,7.6789846,16.816557,-2.4131546,6.36743,-4.006638,-2.782018,-5.332043,0.04226609,2.033845,fearful
-648.97406,78.302345,-1.742438,14.431587,6.2418766,14.4565525,-5.611793,4.6549683,-8.24646,-6.148351,-7.476689,-0.21183348,0.5937344,fearful
-474.58643,74.83671,-14.510592,9.21777,-4.863628,11.183943,-1.2733642,3.74777,-9.133905,-9.742279,-9.53531,-3.4553618,3.30271,fearful
-433.3269,61.518326,-13.174423,0.06451048,-7.5669017,10.038398,-4.9071875,-2.5612373,-12.315669,-12.537487,-11.446819,-8.186242,-1.3809906,fearful
-400.78815,62.260452,-16.549139,5.909251,-9.460677,5.0568066,-7.2992,0.8310483,-14.260063,-13.714011,-12.319691,-9.456751,-2.0069785,fearful
-452.25665,64.263695,-13.6770115,5.033825,-7.8362937,9.111504,-4.4770555,-1.2374461,-15.050168,-9.26992,-12.923943,-9.072722,2.0990417,fearful
-681.2215,78.88362,0.12867455,11.79581,0.9876599,13.565272,-6.526606,3.7329943,-9.42451,-3.3148096,-10.4992075,-4.464769,2.7165937,disgust
-653.0073,65.54431,1.4677504,11.092945,-4.316812,13.434915,-7.126188,1.5093213,-10.470179,-2.389424,-11.8359375,-3.84144,0.7690639,disgust
-700.34393,84.596725,5.775723,14.642682,3.4342353,12.270109,-4.2028184,8.19937,-12.218773,-3.790657,-6.892418,0.20407356,-0.936947,disgust
-693.2808,68.03404,1.9750909,11.899816,2.2685304,9.418974,-4.04369,7.1341934,-12.038191,-2.4839942,-6.6857424,0.20061965,1.3775651,disgust
-514.209,61.11099,-6.6934342,7.1199026,-13.141234,1.2704732,-7.10544,-1.4572971,-14.000561,-11.953342,-9.292232,-6.934684,-2.621089,disgust
-520.6225,55.43349,-12.775218,10.560292,-9.087996,3.5373573,-11.609045,-4.7857094,-18.184765,-8.228541,-6.405702,-6.278636,-1.5957088,disgust
-549.6085,59.82162,3.9864705,18.777025,-10.736347,5.5345674,-5.5263953,0.86579305,-15.8455925,-6.6470613,-3.756177,-5.951642,-7.9454827,disgust
-525.6453,56.05402,-0.55531645,9.288038,-6.9809046,5.484957,-6.4863153,-1.6713593,-15.754068,-7.530371,-6.282212,-4.1096196,-4.791883,disgust
-679.2995,64.041115,2.5253556,9.743006,2.0743146,10.626677,-5.171599,0.6371584,-5.9340224,-3.8285363,-6.00671,-5.4047394,1.9098549,surprised
-707.25446,65.81219,0.39867368,8.45983,4.7437553,11.846096,-4.4687295,-0.018804941,-6.092442,-3.4243653,-7.3909144,-1.4570595,1.3017485,surprised
-689.39404,70.91036,1.6139978,13.87252,3.8284073,11.299436,-6.1581707,3.869916,-6.6757092,-3.8586779,-8.293786,-1.8832899,1.6591703,surprised
-698.8534,63.96066,-0.88586384,11.611211,0.27096096,7.4793377,-7.8976097,2.7589517,-6.1132083,-3.0909564,-7.139969,-3.486652,0.36065257,surprised
-628.95764,67.507996,-5.0366893,10.8200655,0.3433469,12.224991,-7.1534066,0.43669897,-7.598815,-3.079836,-7.990679,-4.641811,3.1423318,surprised
-583.7002,58.7757,-6.3594966,10.300801,-1.2749366,8.5587015,-7.9135084,1.1394337,-7.879967,-4.2184925,-8.814162,-5.4635077,0.46838433,surprised
-629.17706,66.08909,-7.35269,13.902602,-1.7103955,10.309498,-8.481241,0.92026174,-6.696085,-6.425756,-10.449927,-1.7377803,-0.12092743,surprised
-610.95306,63.78429,-6.09838,10.515009,-2.8278024,8.334166,-5.722169,1.0251708,-10.117926,-5.266946,-8.199912,-4.9051867,0.6445216,surprised
-675.8518,68.959435,-4.9626026,5.423141,0.6098422,3.1607316,-9.528844,2.6474686,-9.230494,-3.4923794,-2.775557,-0.85833704,-3.252905,neutral
-677.49725,66.73792,-7.0662704,6.711427,2.3170292,2.5784461,-9.735838,3.7399817,-9.666592,-1.5748338,-2.7584555,-1.9055327,-2.6086488,neutral
-640.2968,64.62258,-5.6087337,3.4770446,-2.1005535,2.704671,-9.134014,2.263086,-9.458851,-4.599762,-3.9467952,-1.7240582,-3.9413574,neutral
-659.5008,61.314804,-5.997138,4.4901476,-2.6454027,2.5160272,-10.722279,2.685003,-10.316002,-4.7560496,-4.690621,-2.4549735,-4.5527906,neutral
-698.07587,70.690025,-2.29,12.190497,1.1434665,4.6190953,-9.343387,5.610262,-9.482477,-2.0852337,-2.5283892,-2.290745,-2.3949482,calm
-685.27014,66.034645,-5.3122635,8.085226,-0.22538432,3.311465,-9.604638,4.020546,-10.162641,-3.7117696,-2.5037436,-3.869077,-2.9866402,calm
-688.55475,65.21492,-4.006218,9.36352,-3.746424,5.08095,-8.949337,2.139515,-9.365404,-4.1520343,-4.6722927,-1.6119943,-5.2091184,calm
-674.3035,65.86995,-5.672625,4.343221,-4.5438147,3.119926,-10.6374445,1.4574045,-11.619745,-5.8630357,-5.0011463,-2.872971,-5.9370713,calm
-676.9464,62.021435,-4.284783,9.674073,-0.5778349,2.8325372,-10.690165,2.9925206,-7.7227254,-4.665902,-4.6269574,-3.018172,-2.5841203,calm
-685.354,64.8416,-6.25909,9.039537,-1.8504004,1.9620017,-10.030852,4.2898245,-10.935775,-3.8740454,-4.0803866,-3.7543135,-1.8145919,calm
-680.23694,60.510754,-5.488641,8.456001,-7.207877,3.0568423,-8.93921,1.36512,-11.655978,-6.4648137,-6.3382726,-2.715138,-5.363808,calm
-676.8966,63.290787,-2.5447507,9.512606,-5.238165,4.0801325,-8.802563,2.9575653,-12.019953,-4.360211,-5.64748,-0.8800453,-4.214632,calm
-615.3698,64.712395,-17.525738,1.0721176,2.1432567,-0.7451552,-10.137992,1.4398385,-9.424702,-8.146935,-1.7783351,-3.5647104,-4.9699297,happy
-636.3284,67.115746,-15.966241,4.9848886,3.678653,0.79736257,-11.596442,2.4776044,-10.262892,-7.066807,-1.8124378,-3.9394994,-5.9389787,happy
-623.5609,64.29266,-16.984367,1.9863328,-0.77768683,-1.0957052,-10.206499,-1.0956904,-12.033014,-9.559129,-2.6313574,-3.4545598,-7.2920837,happy
-621.7522,65.94344,-13.400205,4.6448717,0.7613918,0.43288064,-9.629009,-0.9671438,-10.922279,-7.44106,-1.0519143,-2.379755,-6.1604385,happy
-507.97903,55.327007,-24.597252,-2.29639,2.2030911,-5.1337295,-15.9404745,-2.3842769,-10.304943,-11.138833,-1.3275423,-7.337683,-9.678197,happy
-509.58395,59.14795,-25.002707,-2.642916,1.5179118,-3.107946,-16.754808,-3.8577049,-9.711455,-10.388177,-2.2028635,-6.0850754,-8.971969,happy
-564.886,59.037647,-17.660675,-0.29245853,0.6204666,-0.51987094,-12.686069,-5.5435715,-11.660214,-10.052526,-0.9895535,-3.7621112,-9.788853,happy
-558.6029,57.735268,-17.925465,0.64743835,-0.6263508,-1.7978332,-13.934751,-3.5213854,-10.3474245,-10.280376,-3.0889096,-5.3283057,-10.227825,happy
-706.5462,70.95973,-4.1365914,6.6439753,-0.8450789,3.2053216,-10.462761,2.9966118,-11.937458,-4.443748,-5.141396,-3.6179626,-4.5712757,sad
-696.2251,72.61911,-5.971652,6.434627,-0.2762452,2.8364089,-9.820615,3.4400737,-9.201118,-5.085862,-4.289515,-2.8661973,-2.9726012,sad
-683.29425,59.915516,-0.35981494,6.508976,-1.4676181,2.8750477,-8.309567,-0.5963472,-11.488852,-5.7631593,-3.1498957,-3.2484865,-5.245757,sad
-700.86566,62.921898,-2.619947,8.212914,-0.48985144,4.108222,-7.795467,-0.023358103,-9.3188505,-6.341343,-3.9372575,-1.853161,-4.594819,sad
-684.31573,62.340847,-8.324207,5.9357667,-1.9212883,-1.0301524,-10.189304,-1.967844,-11.886773,-8.71532,-5.9609404,-3.7124434,-6.0599976,sad
-702.70337,67.9131,-3.6298938,8.076855,-0.73930705,2.7110705,-8.9391775,-1.2227178,-11.854862,-6.6605196,-6.6040406,-2.7997153,-5.201832,sad
-688.776,60.152584,-4.9036407,7.6960406,-3.1103747,1.7679313,-8.346171,-2.3499694,-12.538821,-9.191037,-7.881257,-3.7299988,-7.1819487,sad
-687.3986,61.031883,-7.11638,8.069417,-3.8432615,2.7920036,-11.200945,-3.3254013,-13.323005,-7.9586997,-6.2958865,-1.9197618,-7.7417617,sad
-588.2537,59.247963,-8.007299,4.542206,-1.3240749,0.9731261,-9.401972,2.055399,-7.919817,-6.6781936,-1.9953741,-2.8655589,-2.086076,angry
-564.9818,62.465103,-14.487927,3.4400377,-1.1810225,0.26285583,-10.752198,2.646129,-10.449388,-5.05966,-0.90070343,-1.5124356,-1.1195512,angry
-602.7209,62.84519,-8.394002,6.589411,-4.3759093,1.4356266,-10.295984,3.8481052,-10.856516,-5.5122113,-4.1941566,-1.5423422,-4.7062216,angry
-590.8822,59.8463,-14.2538395,4.3443723,-5.5822906,-0.5592323,-13.923412,3.8070235,-11.936244,-6.5984015,-4.0506763,-2.3211436,-4.3040123,angry
-477.00308,51.98464,-22.436214,0.07966272,-4.303525,-6.375623,-13.338382,3.2944665,-10.27578,-8.972215,-0.73087966,-4.789858,-4.3287773,angry
-502.75406,55.81529,-22.514963,-0.38626748,-4.559094,-6.385681,-12.998574,5.385625,-8.096994,-8.746944,-1.6673539,-4.6842523,-4.3427157,angry
-437.46176,46.474915,-25.999445,-5.887986,-9.137497,-9.274363,-16.633015,1.2840623,-11.299039,-13.147175,-4.465234,-6.250961,-8.2641,angry
-453.88705,48.402576,-28.487484,-3.6462314,-8.611464,-9.896745,-16.036991,2.3280637,-11.231367,-12.242676,-3.3367684,-5.9945483,-8.363049,angry
-595.8171,59.382217,-25.655392,1.5161914,-4.867662,-1.9652696,-16.650066,0.6837833,-14.741965,-8.69511,-4.6204305,-6.8369813,-6.595382,fearful
-599.1613,56.84228,-22.899433,-1.210327,-5.610211,-1.7112187,-14.993201,1.2717696,-14.38086,-10.10225,-4.706261,-5.4223394,-6.8581696,fearful
-584.6368,53.946198,-23.683254,1.0352305,-6.6190166,0.15367803,-15.050793,-0.9471066,-15.154127,-9.587488,-3.8004522,-3.3235002,-8.445857,fearful
-590.8616,50.688057,-24.538645,-3.3477864,-7.2955213,0.35064098,-15.734378,-3.0930223,-17.794012,-10.360826,-3.7984352,-3.4389179,-9.616912,fearful
-535.523,44.54064,-30.301683,-4.141503,-7.739762,-6.3114443,-17.439528,-2.251262,-12.8389,-10.43201,-4.374937,-3.2262971,-8.528458,fearful
-519.63324,42.272,-30.099941,-3.093581,-8.013828,-4.3675427,-18.463741,-2.311752,-12.013569,-12.069893,-5.05816,-5.0358105,-9.207201,fearful
-515.9983,38.055786,-27.663738,-3.2252216,-11.4832535,-1.9800562,-17.871073,-2.427586,-12.107834,-9.330832,-5.2517323,-4.981838,-10.160074,fearful
-508.61215,42.668713,-26.237993,-3.011582,-10.191428,-2.5118136,-15.029951,-4.4171395,-14.136554,-11.3241625,-2.822758,-3.4599664,-8.981435,fearful
-666.80176,72.579124,-11.815957,6.9202304,-2.7584271,0.749238,-5.3767095,1.8880272,-13.4000025,-4.9366508,-2.646663,-0.7979515,-4.509567,disgust
-676.8212,79.525734,-12.700563,8.421185,-1.8144246,-0.3652036,-5.796458,1.6079459,-12.252425,-7.24475,-3.7815433,-0.11595069,-3.9112654,disgust
-648.5525,72.06284,-7.534307,7.6733623,-3.249207,2.9102335,-6.597658,0.034335416,-10.93742,-7.287062,-3.4088805,0.597124,-6.967582,disgust
-653.723,71.55224,-12.836388,6.1638565,-2.0914633,0.5635094,-8.865092,-0.9978097,-13.018609,-8.319363,-1.9783115,0.5650333,-8.12291,disgust
-610.62225,69.0307,-17.941748,7.085806,-4.9329934,-2.7218773,-9.898748,1.7689624,-12.767784,-8.337047,-3.3750827,-1.2256464,-5.9758835,disgust
-604.80096,67.3899,-13.988151,8.438961,-4.7205157,-2.0792239,-7.776218,2.8520653,-10.106051,-6.681344,-3.561178,0.10706904,-4.1022253,disgust
-578.7148,68.02484,-12.293321,3.3390753,-6.655988,-2.293285,-8.483037,-3.113781,-14.665143,-8.832307,-3.131414,-1.8985447,-9.200716,disgust
-587.31866,68.01829,-14.568759,4.6844726,-6.2608867,-1.0763564,-8.895314,-2.3191297,-12.355954,-7.5472345,-3.6468918,-0.093184195,-7.302063,disgust
-601.55707,56.22707,-14.788618,5.832396,-0.5447874,1.7596616,-13.9631815,3.9500954,-7.4126754,-1.8806309,-2.538129,-3.536913,-2.9707384,surprised
-628.42194,57.84643,-15.041886,1.5338743,-2.6143193,1.5111591,-12.51113,3.1742525,-7.906259,-3.803382,-4.8641777,-3.9710584,-5.7344947,surprised
-622.95514,55.443245,-11.811411,2.722286,-3.9047046,0.62918544,-12.626839,2.8669498,-9.456175,-4.943672,-3.3962893,-2.588792,-6.8830247,surprised
-615.47516,57.472298,-15.626009,3.1130269,-2.8661315,1.6390877,-15.600986,0.7807731,-11.471948,-5.5486,-5.0323143,-3.548146,-6.5748534,surprised
-564.7623,54.849766,-19.824144,4.487412,-4.223751,0.4460904,-12.74342,3.2136304,-8.929535,-4.848646,-3.440392,-3.9251094,-4.478769,surprised
-574.09515,56.993507,-20.57765,0.95600295,-4.247905,-1.0783085,-14.463271,3.3202925,-8.172607,-4.008372,-4.2820487,-3.434837,-4.926553,surprised
-558.19916,47.084106,-15.010587,2.2082467,-8.0792465,-1.2332699,-17.280085,1.9879117,-9.77147,-6.99983,-5.948878,-4.0063896,-6.202224,surprised
-551.6057,54.531498,-19.835558,0.4823169,-11.989706,-1.1963362,-16.381798,0.14939961,-12.804776,-7.4575467,-4.8875237,-4.6384563,-7.5270443,surprised
-650.82495,75.053345,-1.5596936,10.679241,3.452877,9.057185,-3.5068495,-5.2496476,-8.949531,-2.107145,-1.3579398,-7.448061,-1.8247751,neutral
-652.3244,82.7199,5.666817,16.565447,8.281691,14.928034,-0.48059675,-0.55506,-6.1648507,0.99932694,1.9675256,-3.9197764,0.4366534,neutral
-662.19574,81.63297,-3.5776656,16.832031,1.7413347,13.511324,-3.946744,-3.5146732,-10.031097,-0.40375623,-3.0484471,-6.706131,-0.13584141,neutral
-652.5885,77.51371,-1.5408561,17.84109,0.7131477,14.448554,-2.5529966,-4.6707406,-12.221157,-1.5976422,-3.854779,-7.1611824,-1.4848601,neutral
-671.14734,83.922676,4.4144216,18.822298,1.0988159,15.853525,-4.5814576,-1.1035548,-9.938231,2.6786118,-2.2649739,-4.625286,2.9222016,calm
-665.8279,84.23869,-1.4056453,15.918263,0.41480917,13.920028,-6.476468,-2.6288373,-10.275372,1.3067621,-1.827777,-4.7251716,2.3447976,calm
-670.2019,95.914825,-2.0398586,17.43807,-0.19794616,21.545874,-5.6796083,-7.8394375,-10.625422,7.422122,-4.197183,-6.7059283,5.1207113,calm
-575.3465,79.03594,-3.7180457,16.04399,-4.3957295,15.99411,-3.8400064,-4.4334903,-11.568269,2.914715,-3.6854777,-6.7109704,2.9588125,calm
-595.656,115.125786,-12.486445,9.778536,-4.4078407,11.404601,-7.63516,-6.1388936,-14.109396,3.5589497,-4.4130926,-8.857958,9.459617,calm
-558.1487,88.59589,-9.809089,9.89559,-0.15828928,14.887551,-6.977334,-2.4250047,-13.570071,-2.585515,-4.0768247,-5.4507413,2.417921,calm
-558.07135,89.91926,-4.5590396,15.62289,-1.6816986,17.939384,-4.411679,-2.5617187,-11.794612,4.9933753,-4.2477236,-4.8499327,7.1187406,calm
-563.3624,89.31719,-6.26043,16.353271,-4.8267765,15.496614,-3.8968604,-3.2850766,-14.188289,3.337929,-2.3596408,-5.4489956,6.167412,calm
-581.51776,86.49795,-7.0137944,6.6178164,-1.4996209,11.158793,-4.0651083,-3.0187302,-13.006205,-5.2034173,-6.950407,-7.873938,3.0678217,happy
-547.64355,79.97517,-9.052598,3.53782,-7.8603106,5.4312344,-4.5503254,-2.237038,-14.489897,-4.793423,-7.760324,-10.281886,1.072227,happy
-562.18933,67.71657,-7.029318,9.449414,-1.7910746,8.841335,-4.2650714,-6.7323656,-14.042651,-3.2341087,-5.817202,-10.919735,-1.24479,happy
-595.686,72.477,-3.5955465,10.491075,-4.5319443,7.739019,-0.56515515,-3.2722828,-14.578575,-1.1650196,-5.0173845,-9.092421,2.2382286,happy
-463.13293,70.86732,-11.192143,7.132051,-11.5031595,1.6838651,-4.482834,-5.5729303,-13.715826,-3.7343342,-6.7022767,-11.326709,0.6737863,happy
-435.09845,78.4659,-21.20514,8.521788,-12.405359,-0.9865324,-5.083646,-3.844443,-13.417733,-7.1885753,-8.733084,-13.107973,0.022042707,happy
-382.65955,63.63718,-11.786406,12.949072,-14.542373,3.1309745,-6.531923,0.37984094,-14.354539,-6.7774053,-8.539289,-13.847208,-5.326892,happy
-432.74744,68.68991,-11.238523,4.9798875,-11.661457,5.6240215,-2.328049,-4.7096977,-12.202044,-4.9536633,-7.0798354,-11.616607,1.0386739,happy
-691.92377,94.67122,0.47669712,12.343627,0.89914155,14.521013,-2.223003,-1.3594073,-9.2235,-0.8726237,-2.7871091,-6.337168,0.39842108,sad
-691.8411,90.92955,4.4404397,14.528288,1.777668,15.707141,-3.6934361,-0.79453623,-7.786258,0.72319657,-0.22709915,-4.7636943,-0.886442,sad
-631.7882,87.69928,-3.0539677,14.895871,4.1942005,14.2266035,-4.8836336,-2.648895,-10.967318,-1.8890902,-2.9453237,-6.6824527,1.1908921,sad
-645.2115,92.7884,0.58133006,20.256248,2.5060296,15.603405,-1.5338534,-3.1029832,-12.285685,1.080485,-2.1051993,-6.84799,1.3448062,sad
-557.013,76.07341,-4.727666,-0.7776746,-3.3681974,5.033892,-7.598637,-7.478506,-15.562574,-10.0099535,-12.766381,-15.619433,-5.438045,sad
-509.10004,70.206314,-8.00727,8.989733,-2.6881354,7.5382996,-7.016756,-3.4589763,-15.834296,-7.2725825,-8.42375,-10.813387,-3.9988852,sad
-454.31,71.67222,-8.020228,7.775586,1.7673954,12.760119,-3.6207776,-1.377639,-12.551631,-8.867118,-8.763046,-9.168039,-1.5708237,sad
-503.2616,75.795685,-5.742663,11.326399,1.0718489,10.99579,-2.8999624,-0.77290684,-10.083305,-5.3255816,-8.964861,-8.641292,-2.4564226,sad
-653.062,87.5561,-0.48392114,21.858515,4.6849985,17.147743,-7.514381,3.482068,-10.20092,-5.455109,-2.6334658,-4.095179,-2.13867,angry
-542.4271,79.08205,-9.687261,12.7139435,4.7941017,10.660156,-6.412248,-0.13605498,-9.137848,-7.085072,-2.828297,-6.242001,-6.024363,angry
-565.4901,86.78151,-12.565881,15.103841,2.804815,11.657201,-7.2918344,-1.3025218,-13.348261,-8.51801,-3.2220879,-5.785673,-4.285244,angry
-524.1814,85.32957,-12.332532,11.020672,-2.0355346,10.610243,-8.31675,-3.8895504,-14.1109,-7.234545,-6.419561,-7.038712,-4.957478,angry
-371.46576,70.171585,-23.333237,11.865147,-2.593794,-0.46233332,-8.77402,4.477863,-12.264639,-8.386244,-2.069359,-5.8663373,-6.640087,angry
-364.18478,67.36594,-19.308813,12.431146,-1.6103729,4.454058,-8.195003,1.2907875,-11.49661,-9.479123,-2.2458413,-4.919535,-5.0647078,angry
-385.5774,71.52516,-18.275528,11.232079,-5.084105,1.3441284,-9.877406,3.8137999,-11.285021,-9.970742,-4.3908176,-4.986711,-4.954866,angry
-354.46045,66.602356,-20.03985,13.610675,-5.9195127,0.00018700134,-10.763464,4.9986854,-10.845708,-7.561625,-6.7523456,-5.047124,-3.696024,angry
-614.97107,86.72635,-6.066335,17.970036,-1.0990669,14.759195,-5.1752563,-0.3026929,-15.730035,-7.23711,1.0268164,-5.4319572,-1.6544393,fearful
-558.6532,94.69803,-10.094575,15.966925,-0.9923767,14.507664,-9.333701,-4.5567164,-15.884416,-7.4666967,-0.9413525,-8.353817,-3.9953213,fearful
-557.5914,79.30087,-10.559692,17.806805,-2.841905,10.685294,-6.488109,-3.9426188,-13.416121,-7.913074,-4.1888647,-8.591356,-2.9286575,fearful
-577.4123,83.98748,-8.424987,9.811444,3.218545,11.16665,-4.1687164,-4.7221513,-13.760408,-6.826519,-3.5647807,-7.195362,1.0284113,fearful
-416.87708,93.55297,-13.417342,14.867507,2.4060755,17.462492,-2.8187327,4.168934,-6.8121843,1.1675432,-6.2637544,-6.447835,6.1810994,fearful
-368.60144,77.371704,-24.102606,6.453709,-7.0047226,7.090896,-7.226994,-0.72204924,-19.60551,-9.879688,-7.2351227,-14.060125,-0.73618054,fearful
-425.4289,71.385544,-13.045389,14.818954,-3.7614074,12.552749,-1.9730874,4.2654114,-14.234061,-6.522216,-6.463125,-9.7915325,-0.38614845,fearful
-384.39383,82.68547,-25.854326,5.1586366,-13.674616,6.1407557,-7.6037846,-3.9549258,-20.229721,-5.5298376,-11.622337,-15.883946,2.9951696,fearful
-573.58203,84.51253,-9.768135,10.765009,0.062492672,11.31847,-10.6947775,0.81419545,-9.129473,-3.4155073,-3.7065926,-1.5936695,3.0000846,disgust
-618.37427,83.00514,-1.6759187,12.043492,1.6131188,15.324558,-10.920174,2.0471966,-10.583956,-5.136905,-4.841039,-3.9477427,2.5303812,disgust
-612.5424,67.349144,-1.6704593,17.94051,1.5331881,14.715974,-10.138942,0.48823926,-14.177337,2.470496,-4.1733727,-0.7552409,1.29895,disgust
-538.495,77.0598,-9.714148,8.943498,-0.7551337,13.815857,-12.097764,-0.36313984,-14.6647415,-1.7315632,-6.4333634,-3.9928758,3.8885822,disgust
-584.6922,85.483604,-4.9282336,12.613634,4.452445,15.811362,-15.518514,0.8976673,-12.668603,2.2340963,-4.073238,-3.1329625,0.85615915,disgust
-559.0867,95.37837,-5.898038,18.884579,-3.155168,12.157999,-14.379378,3.9424574,-12.291295,4.836809,-5.3656974,-3.7733104,2.6006687,disgust
-533.6058,84.399216,0.16385566,15.755455,-6.3655634,8.379248,-11.798391,-0.8514792,-9.785819,4.5872726,-7.542075,-8.839756,-1.4748547,disgust
-482.8137,75.006676,-14.951169,13.023559,-8.709139,4.0918927,-11.123576,-0.10488376,-15.4456005,-1.0205048,-9.323098,-6.5928116,-3.4717774,disgust
-595.92633,78.553444,-12.423607,3.734453,-5.9745574,3.3046634,-7.769447,-2.8236904,-16.835426,-5.3281097,-5.7895026,-8.341511,-2.3362741,surprised
-589.1672,71.2543,-6.495868,10.41487,0.64617854,12.101652,-5.7627687,1.2785264,-9.00635,0.6122378,-0.48744762,-3.2950625,-0.63977903,surprised
-621.9849,74.44959,-7.0384088,8.357906,-1.7497483,3.8079586,-3.6040606,-0.77025646,-12.946666,-3.0478942,-4.996516,-7.2104177,-1.4043933,surprised
-562.65875,77.10038,-12.401532,4.3535366,0.7815574,6.8524137,-9.1830845,-1.5145053,-12.494552,-0.7134586,-3.0537114,-6.718882,0.5591498,surprised
-537.3081,77.16358,-12.277404,5.073211,-3.1345873,3.6008234,-12.94011,-0.37930575,-12.017874,-5.127751,-3.882438,-10.08286,-4.742926,surprised
-494.06683,65.62787,-12.414146,9.383932,-1.4355838,5.369411,-10.157308,-0.27452686,-8.827606,-3.3821318,0.7386322,-6.4948516,-3.4393885,surprised
-483.54678,67.151924,-13.673473,5.6029096,-12.103259,2.9423373,-5.771639,-3.8491218,-15.959561,-2.904177,-2.155765,-9.590043,-1.974652,surprised
-573.8235,70.378456,-8.123537,7.177564,-4.3597097,5.5049686,-8.065356,-1.3889923,-10.782379,-1.863937,-5.1602287,-6.223037,-2.8735166,surprised
-718.60034,60.42958,-7.504327,8.469443,0.09844026,2.2735035,-9.096851,1.3273765,-10.595312,-6.9613595,-5.2387695,-2.8739552,-2.8553789,neutral
-728.37726,63.84737,-6.796702,8.697398,-2.7388816,0.3490504,-11.369044,0.18607746,-11.621506,-8.651811,-7.3516264,-3.9598064,-3.447582,neutral
-736.3026,60.053993,-3.5667987,5.5998893,-4.1997547,1.9165616,-8.695418,0.4469699,-13.65015,-6.8596015,-7.6893945,-4.0506606,-5.079769,neutral
-757.0034,64.36532,-3.909104,9.784699,-5.917267,3.065989,-9.173676,0.69907093,-11.8528185,-7.5447927,-6.88173,-4.3182592,-4.1394057,neutral
-685.4222,69.444305,-6.9250383,5.362705,-4.171222,-1.524372,-10.922849,-0.36459243,-12.17426,-8.349275,-8.175558,-3.344232,-3.674832,calm
-698.5949,80.241234,-13.513393,3.7782686,-2.8895528,1.0406879,-10.54268,-1.141015,-12.096688,-7.650936,-6.0217,-2.9276996,-3.198227,calm
-680.5748,71.79892,-4.879463,10.461559,-3.7088153,1.5598109,-9.661984,1.6067384,-13.271084,-6.7645698,-7.330808,-3.6532454,-2.5148883,calm
-691.213,76.85234,-8.413982,5.3902197,-7.7496276,2.7153418,-10.416018,-0.14037195,-17.64224,-12.021615,-5.515571,-3.7796504,-5.325855,calm
-695.99194,73.90499,-10.055801,7.9084697,-6.483527,0.5934052,-8.80184,-1.3699083,-12.135429,-8.555506,-6.1151285,-4.8645525,-2.0286145,calm
-674.8306,83.46281,-12.224373,2.2881222,-3.3299243,3.2708743,-11.137131,-1.9810601,-18.391438,-12.464378,-6.385827,-3.9746675,-3.486722,calm
-646.1311,80.77061,-12.63646,7.5358334,-5.4200916,1.6830783,-10.523615,0.1580754,-18.250381,-10.05566,-4.0237827,-3.3433537,-4.7869153,calm
-689.02014,66.76831,-6.465399,9.377973,-6.6489534,0.021086922,-9.140353,-4.015862,-14.316765,-7.523605,-7.248642,-3.390996,-6.410165,calm
-676.85077,66.87937,-13.539673,3.8077118,-0.41860303,-0.7348262,-11.490604,-0.45724094,-10.418559,-8.775729,-5.1794977,-3.077179,-6.219844,happy
-631.01654,62.360752,-19.46983,2.6381454,-0.8869102,0.57516956,-14.138815,-0.24576555,-8.771269,-11.777573,-4.838445,-2.59896,-6.5377617,happy
-640.97064,62.684853,-11.8653755,6.1675615,1.3207414,1.7006408,-11.425717,2.181516,-7.7793756,-8.224621,-4.4529314,-4.7077317,-4.423876,happy
-637.1911,63.099228,-12.593862,3.626771,-0.36838138,1.6646338,-13.0044,-0.61162084,-9.141922,-10.140823,-2.6632621,-3.6062386,-5.5114355,happy
-523.0175,56.362156,-22.982,0.31011173,-4.1651754,1.451715,-12.951427,0.7304489,-10.07469,-12.044542,-4.1414313,-0.47184598,-3.4934149,happy
-525.6905,41.877106,-21.617651,0.4474613,-4.3482013,-1.4162753,-15.332189,2.1437087,-8.584178,-9.478489,-3.330712,-2.7857943,-7.39597,happy
-540.2644,43.22235,-17.589552,1.167436,-4.4971485,-2.3227499,-14.634726,-1.7894887,-10.922587,-10.481071,-5.681403,-3.5488997,-8.019908,happy
-481.32968,45.330578,-25.77842,-1.0444739,-6.865455,-1.4418141,-16.78976,-3.2724988,-14.649792,-11.086796,-3.743202,-4.3522882,-9.171733,happy
-714.926,58.92017,-2.2613804,10.7485695,0.063996665,4.058053,-10.326864,3.746149,-9.372711,-5.7699003,-7.4116015,-5.204499,-3.6649158,sad
-620.8028,50.96894,-11.089162,6.051006,-6.11395,0.4184348,-11.886858,0.075231746,-9.171984,-11.411818,-5.850647,-3.6563659,-5.5421333,sad
-620.6483,51.693184,-13.691478,9.1694145,-7.7159405,3.3060734,-16.740505,-0.47793278,-10.380008,-12.447655,-6.0122275,-6.0219464,-7.287868,sad
-626.03076,40.31365,-14.831151,6.110169,-10.760503,1.0036303,-18.530842,-1.6004074,-9.732136,-13.919212,-5.187503,-4.8113027,-7.581248,sad
-565.69745,46.103344,-24.922596,1.46014,-7.8693585,-0.3392649,-17.838968,-4.9960194,-11.284072,-13.911072,-5.638132,-1.6299545,-6.68796,sad
-525.3172,37.81082,-19.1767,2.4001231,-9.788606,-3.3128777,-13.756036,-1.5912617,-6.910181,-10.687584,-4.789828,-0.9323876,-2.8365777,sad
-479.5994,31.606533,-34.470085,-2.649624,-14.19438,-5.0190835,-21.579617,-9.044331,-14.25628,-16.108362,-5.293347,-4.50399,-6.3209643,sad
-506.00177,37.360924,-30.697752,1.15774,-10.724967,-0.73509955,-21.256823,-4.7944293,-11.756956,-14.0519285,-5.895701,-6.4499445,-8.037617,sad
-585.7502,52.763435,-10.848471,5.0388374,-3.4996078,-2.7646472,-9.978086,-1.51359,-9.520383,-9.057546,-5.041693,-4.515839,-3.724873,angry
-561.96045,47.473927,-13.251722,4.4711323,-4.5030093,-4.604955,-10.232055,0.18582244,-8.08424,-9.680566,-3.9618137,-3.303894,-4.0507364,angry
-581.2424,45.47343,-13.178677,4.51052,-7.382491,-1.8964874,-13.71788,-0.9018183,-11.908792,-10.635848,-6.4171185,-4.595913,-6.1112204,angry
-605.2989,54.979652,-13.335759,6.3971453,-6.1841564,-2.4634278,-11.923446,-0.29316252,-12.15719,-9.66214,-5.599291,-3.4929156,-3.3241642,angry
-434.078,36.961742,-23.049946,3.0066395,-9.176474,-5.653897,-12.089823,4.5838404,-11.562513,-8.591844,-2.254698,-5.7823358,-5.214154,angry
-458.08084,40.76658,-21.140192,4.420616,-9.136565,-6.276565,-12.101268,1.5584242,-11.671695,-10.561809,-2.9004,-3.528738,-5.1100135,angry
-423.49173,31.004133,-22.148771,3.4257364,-9.467512,-3.3779647,-17.521366,1.2703159,-14.576901,-11.1318,-2.0783727,-4.4621325,-4.3308268,angry
-477.797,31.894796,-23.476091,2.0521407,-16.8929,-7.158306,-16.534233,2.093184,-16.666027,-9.390957,-4.582633,-6.798019,-5.869928,angry
-589.78467,48.458622,-17.03529,3.6782794,-7.4377565,-0.882383,-10.65313,0.33379272,-10.826944,-13.163971,-6.807017,-2.859561,-5.5852356,fearful
-572.09424,50.042564,-21.697388,4.18329,-5.0425167,-0.8314681,-14.074547,-0.050433308,-10.486915,-10.856222,-6.2900615,-3.3590667,-6.9415164,fearful
-584.62537,47.72827,-14.669302,4.1121936,-5.6083713,1.6194793,-12.514425,-1.5982171,-11.525729,-12.2675495,-6.1141267,-2.2879748,-7.767298,fearful
-578.8705,45.900986,-12.976329,3.769631,-7.435761,0.31070632,-11.26998,-0.6254529,-9.921249,-11.898968,-7.7918725,-3.5014262,-6.5017447,fearful
-442.46124,33.120922,-29.705448,7.6972427,-11.136109,3.3971586,-10.724293,0.6040794,-12.326486,-12.598688,-3.2374501,0.54230213,-2.5151794,fearful
-466.4921,36.0915,-21.330093,1.4909928,-10.0976,-2.3705316,-11.139613,0.04056835,-9.778443,-10.375284,-7.6365724,-4.51074,-6.1518855,fearful
-456.83792,35.915585,-20.035975,0.9602468,-14.24059,-4.8589487,-13.391955,-2.4712825,-13.753416,-9.989329,-6.6431155,-5.802396,-7.1988344,fearful
-454.50644,32.319195,-18.824198,-0.7997932,-14.787984,-2.805204,-15.612923,-2.1631312,-11.931266,-9.572286,-5.633501,-4.569239,-6.541347,fearful
-628.2414,59.146286,-3.4290042,7.125199,-4.969314,2.9737246,-8.271731,1.3791871,-6.1414022,-5.632515,-8.136983,-2.4559796,-3.0034993,disgust
-623.5349,62.788006,-7.899061,6.872773,-4.465645,0.6549191,-9.667309,-4.9473457,-10.507124,-8.48374,-7.2640786,-1.1004088,-4.9298124,disgust
-607.0526,47.369076,-5.2597456,2.3479323,-6.7923193,3.1112688,-12.387634,-1.5565336,-10.128782,-9.2807665,-5.2952495,-3.558451,-4.9606423,disgust
-582.59906,40.56071,-6.2352,4.637279,-4.030807,6.2687993,-11.810603,-0.6322427,-7.755147,-6.4656105,-2.3125734,-0.83323467,-4.8807116,disgust
-525.27374,43.546585,-10.552707,7.84151,-4.056154,0.19931786,-9.377732,0.2935078,-8.576916,-9.400686,-5.53306,-3.920709,-4.088529,disgust
-554.0527,47.178516,-11.127878,6.675734,-6.217259,-0.6855663,-8.4404335,-1.3440255,-6.809578,-7.748882,-8.001543,-3.0150523,-5.0041137,disgust
-576.42413,47.466667,-10.136213,3.4668012,-8.102889,1.3025728,-12.188063,-3.6243463,-11.2244005,-13.746991,-9.409172,-3.2289066,-5.5875363,disgust
-552.21106,44.343517,-10.9074745,3.767647,-11.894563,-1.5275773,-12.239072,-3.3832269,-13.124718,-11.654501,-9.218627,-2.839418,-7.54649,disgust
-632.14813,55.13037,-11.448425,2.8375683,-4.156297,-0.56297255,-12.387322,-0.9419133,-9.6177,-9.696001,-5.886963,-4.1076922,-5.8245463,surprised
-616.6903,53.155014,-13.383676,3.1072385,-4.9707093,-2.1606867,-12.975248,-0.4767677,-10.4039955,-10.607459,-5.9552855,-2.8042028,-7.1143575,surprised
-586.83923,52.020916,-8.250874,4.104121,-8.962163,-0.16708848,-15.317615,-1.7943237,-13.023827,-10.802557,-5.9426174,-3.767671,-7.8844404,surprised
-584.8598,51.7918,-13.968862,2.58043,-10.106236,-2.3737288,-14.875517,-0.8849597,-12.832587,-12.883438,-5.811565,-2.6960545,-8.05152,surprised
-514.4334,46.786995,-20.912458,0.3645039,-9.637873,-4.2173777,-15.6945,0.6441528,-11.531986,-13.113554,-4.4939137,-1.5545621,-6.7152343,surprised
-521.4643,40.111767,-17.088331,-0.1545687,-9.875235,-3.5395157,-14.183048,-2.2638743,-13.793419,-12.599933,-2.83697,-1.6027918,-3.7747252,surprised
-525.2512,43.674725,-15.526361,1.909097,-9.6181,-1.7924355,-14.234855,-2.737251,-12.660791,-9.056192,-3.7469487,-2.885585,-6.650779,surprised
-510.62125,43.665714,-17.165808,2.9127667,-13.560441,-2.3012664,-15.39314,-1.7677385,-15.824569,-11.702564,-4.9234595,-5.313554,-9.497405,surprised
-745.62787,79.435814,11.096165,14.474286,7.888728,15.525535,-2.4213848,4.975185,-0.916488,-1.1385552,1.285164,1.0312934,2.5144024,neutral
-770.86664,85.491714,6.573692,15.811795,10.540722,16.954483,-0.7035442,7.914267,-1.6544687,-1.4567353,2.8554602,3.303988,4.837098,neutral
-717.5823,78.185074,5.8663735,13.899031,9.541054,13.190982,-4.5445065,6.119659,-1.2851963,-4.528586,-3.6096153,2.6806617,2.2844653,neutral
-743.37396,79.36496,9.5264225,17.085663,7.9080863,13.541262,-3.4233587,6.993732,-2.1070848,-4.7845626,-0.54506844,2.7404082,1.372921,neutral
-771.8971,89.86551,9.974906,20.97704,9.715436,10.3552685,-0.349787,3.5301304,0.4618424,0.77888656,2.690211,1.9315163,3.5646236,calm
-804.9232,80.672035,11.463866,24.3296,12.855053,9.199524,1.4415293,4.7873425,1.5345402,0.30472475,5.752466,2.2068622,2.323348,calm
-779.2038,86.27436,9.48881,24.385427,7.622753,9.100188,0.6717529,4.375345,-0.6787247,-2.711605,2.4223843,3.5341513,4.808419,calm
-739.96356,85.02769,7.8096256,24.409292,1.8952535,8.188356,0.5513839,3.2693956,-2.0227065,-1.5710258,0.83524173,3.127672,4.2859507,calm
-760.5218,82.40443,6.1907973,22.071682,9.353237,12.615443,-0.5623711,5.5802655,-0.7639396,2.9593804,2.5859995,3.6632988,4.0792813,calm
-818.1124,69.37383,11.634334,22.768675,11.425703,10.675944,3.4388795,3.3643246,1.1843287,0.38709477,5.925577,5.276464,5.5398927,calm
-791.41437,78.845634,9.958046,29.421923,8.649224,9.487894,-1.8774338,4.2423434,0.9241691,-1.5308381,4.2767177,5.5863986,3.970733,calm
-807.4257,73.703896,13.295908,29.378805,11.626424,12.725355,0.7406576,5.2077723,0.11511185,-3.2490222,6.3512106,5.512262,4.6029315,calm
-714.2118,83.85258,4.0629964,17.653406,6.317357,14.02469,-1.367708,3.2249463,0.13680884,-1.5748109,-7.5801845,-2.1825895,4.7174673,happy
-690.7287,77.73015,2.730664,11.091739,8.788775,13.939948,-1.7518771,2.3258402,0.910495,0.23204422,-3.4204137,0.40626234,3.685342,happy
-705.6408,67.12863,5.3879642,16.698217,5.6570563,12.044302,-2.9805415,3.4887762,-1.4503423,-2.4397235,-1.5370629,0.018558696,1.7478687,happy
-632.35693,82.63757,2.668416,12.087468,4.4029384,7.6572347,-4.7660136,0.3008073,-2.7310128,-4.6293035,-5.351835,-0.6607264,2.8053591,happy
-654.8162,70.19015,2.0936165,14.880124,-1.5901055,5.2150106,-4.647345,0.45621458,-5.282748,-2.4086297,-8.816509,-5.3364472,0.96770114,happy
-586.4469,78.43536,-7.0535927,4.401645,-2.3162043,8.728765,-5.473476,-2.745218,-4.8881197,-1.6251888,-10.706304,-4.8901553,3.2905896,happy
-583.29614,76.37156,-1.4949576,10.523987,0.7835962,8.559765,-4.559662,-3.3534722,-4.3829613,-7.1172166,-12.456309,-4.484814,2.290599,happy
-581.93896,57.64692,-1.0170158,10.131009,-1.6710632,6.6569147,-3.9997993,-0.5909109,-4.1202464,-2.979383,-7.823537,-7.3153963,0.8450422,happy
-807.9156,78.80208,18.301233,20.22539,12.266488,15.055645,0.37127507,7.652366,-1.1482174,-2.4365408,3.881323,3.410954,1.1622692,sad
-787.7235,86.2447,9.011122,18.975998,10.758525,14.432211,-1.9265211,5.2886224,-1.0911802,-3.5004325,2.3677983,4.0089946,3.2417512,sad
-806.65906,73.12427,13.3854065,19.376148,8.624548,16.145151,1.4619992,6.499918,-1.3463495,-3.577196,-0.24339509,5.009816,3.4874496,sad
-777.7711,83.46096,16.423904,23.009153,9.652596,14.920284,-2.115239,7.3887377,-1.0237086,-3.1468568,2.0324345,5.7039247,3.4100251,sad
-774.4121,79.73259,13.315589,20.63134,9.764149,14.491449,-2.628854,5.5204315,-2.5079188,0.9942371,0.12339967,0.6459771,1.4845028,sad
-790.59973,81.00657,9.106668,17.74947,14.382375,17.070662,0.79103196,3.4602296,-3.4732122,1.5508635,0.6458633,0.10719394,4.09367,sad
-738.37933,64.149254,5.344612,17.254885,9.875319,10.171444,-1.5616273,2.9478457,-2.6297617,-1.0007085,0.34376913,-0.5584886,2.6812787,sad
-768.28424,75.991165,5.6833153,13.939804,9.684701,13.050103,0.04128604,2.1897538,-0.8372332,-2.1460805,-1.6406525,0.07493007,3.9798775,sad
-567.54004,77.56695,-8.457943,3.920734,1.9460759,11.819979,-14.057415,-2.265314,-1.5817612,-2.4103527,-5.664477,-3.5412087,0.5504964,angry
-583.9638,73.541756,-4.8610735,13.352509,5.8811965,13.631638,-11.971298,-0.0745821,-0.5113357,1.731417,-2.8484917,-1.6721636,1.4208887,angry
-658.3985,92.25712,10.439391,15.382305,1.1310185,17.144245,-11.963671,5.0916057,-2.6617105,-4.4118814,-2.721963,0.91068065,4.2951636,angry
-617.5812,86.21082,1.0662209,14.839282,3.6984608,12.383148,-13.410375,4.534248,-1.8325533,-4.6551275,-2.5967085,-1.2582726,0.43521154,angry
-410.08502,53.68095,-17.276892,0.9002446,-3.7101836,5.73275,-12.284323,-6.4308867,-6.3808928,-0.5300134,-9.137878,-4.2107553,0.5410031,angry
-443.39395,57.006424,-11.7556,7.276813,-2.541634,7.9296765,-12.702968,-2.009066,-6.871614,0.37461388,-6.7978516,-3.8408446,0.28460002,angry
-378.97305,46.19807,-11.885606,2.7652798,-7.97421,6.9928646,-11.228325,-8.709319,-6.546465,-0.9612977,-9.294931,-6.717619,2.6781518,angry
-375.92233,48.67503,-15.678991,0.9130914,-9.62566,6.138091,-12.655765,-6.9641724,-6.01877,0.40665245,-11.7507,-9.210701,3.0688975,angry
-679.86957,67.4138,0.6443341,14.287672,1.3319824,9.708746,-7.92942,0.34221563,-3.1056933,0.2781311,-0.40730554,-0.94388986,-0.853048,fearful
-683.11664,64.314705,2.5644445,13.713731,4.293927,11.677069,-6.6618986,1.3347564,-3.0110304,-1.6245217,-1.3743638,-0.65132004,-0.33572224,fearful
-735.6164,74.10585,5.410368,17.390242,6.5559363,12.561914,-3.631566,3.4709134,-1.7304357,-0.34628803,-0.886611,3.3862295,1.3162736,fearful
-639.7596,65.10845,2.5356524,9.924289,3.7262785,8.331626,-8.568151,0.099396914,-4.1446877,-1.7943085,-3.7831912,-1.7559727,-0.7657043,fearful
-494.5333,52.20041,-13.822655,1.4291772,-6.267287,5.561171,-10.054079,-4.2174177,-10.804308,-3.0954976,-6.6993117,-5.426561,-2.0620782,fearful
-487.92834,72.33608,-20.228128,3.4798777,-5.387781,5.915009,-11.829039,-4.924957,-15.595353,-5.6148868,-8.889962,-6.468467,-0.03904337,fearful
-503.2778,49.311733,-10.858417,7.091203,-2.227603,7.33086,-9.972189,-3.3602614,-5.889543,-3.2389328,-9.900846,-7.267537,0.07608168,fearful
-494.52658,62.234695,-13.827054,4.022485,-5.873456,5.2173634,-10.575431,-3.9609723,-12.859762,-5.5710487,-8.6237545,-10.310333,-2.3601134,fearful
-758.5461,69.87072,5.249477,22.440687,6.83653,10.896713,-3.1182969,4.9660892,0.8583696,0.23329887,3.3944948,2.122541,5.839977,disgust
-694.624,61.53536,0.7714964,19.819183,3.4739587,8.116658,-6.211774,2.5990348,1.2059218,1.8568199,2.3991847,1.9591492,5.469426,disgust
-745.0414,74.68063,2.9166036,24.985044,-0.7815652,13.4194565,-4.9082327,7.9895205,0.58247715,-3.9836006,1.5053064,1.0048107,6.48243,disgust
-683.0968,60.523193,6.5681815,18.146255,1.6740507,7.8042374,-4.170031,4.721233,-1.456921,-3.6950996,-0.5599991,0.21939418,2.9029307,disgust
-699.59015,72.308266,5.6202145,19.47585,4.63601,7.8679647,-11.673281,5.971952,-5.4705286,0.5809957,-0.4999265,-1.9358522,0.7753355,disgust
-622.9234,65.84624,0.86262786,15.21992,3.321306,5.6528516,-11.741512,0.46349126,-4.1002045,-1.4250213,-2.6941624,-2.9560647,-3.217234,disgust
-615.2668,68.453636,3.2453578,15.10863,-3.665051,7.4217124,-9.700256,-1.7449671,-9.193847,-6.184594,-3.6485453,-3.9422462,-2.890904,disgust
-662.8744,103.94456,5.9789705,25.181475,-2.6262097,5.326764,-12.232278,1.7989259,-3.0362077,-1.6805546,-0.28292423,-2.1807954,-3.3785346,disgust
-658.2851,69.19514,1.9624767,14.425354,2.3983486,9.600539,-6.348393,0.5347501,-2.5102575,-1.2904505,-2.283602,-2.462925,-0.08590077,surprised
-646.34155,74.12912,-1.6168959,10.048206,2.140601,8.542957,-11.360659,-0.8596175,-2.2113142,-3.2036679,-4.4763355,-4.226305,-0.80088776,surprised
-688.12317,70.1468,-2.9030228,5.632284,3.1993637,9.514027,-11.829024,1.7929635,-1.9158647,-5.4103394,-5.6767635,-1.0669152,-1.430518,surprised
-633.0782,69.727844,4.185075,13.3742285,3.630677,9.555896,-6.489276,1.1586784,-5.136414,-5.1565523,-4.516792,-2.888665,-0.74152243,surprised
-633.66455,58.254837,-1.096031,21.999395,-2.7220535,8.565698,-8.440319,4.7220063,-6.540898,-1.7313105,-3.8496182,-3.3014972,-0.34174103,surprised
-605.8551,68.6233,-0.2138545,15.73917,-5.427988,5.890583,-10.449751,2.4604182,-5.55246,0.3309797,-6.9227567,-4.0636144,1.0659692,surprised
-589.54834,58.11989,-3.6030607,9.387148,-3.2152383,5.0621853,-9.304837,-0.65498435,-6.680671,-4.5606112,-6.979706,-4.666886,1.3564453,surprised
-621.5712,67.74282,2.3976157,13.145085,-2.8208644,8.465307,-10.479221,2.815673,-5.4487224,-3.7028115,-7.617901,-5.23445,-0.93262887,surprised
-767.4759,73.5274,-14.756846,3.7603445,2.1794364,7.1440024,-11.641492,-3.9296544,-6.3410864,-7.774187,-2.549265,-1.2185841,-3.3801289,neutral
-727.09766,79.94852,-17.029322,7.2597513,4.871838,7.3673596,-14.306727,-4.3764863,-6.887235,-6.512152,-0.04131141,0.5865182,-3.106719,neutral
-732.2728,74.715416,-11.193757,9.882124,1.4883373,8.246992,-9.908221,-4.1388254,-6.7703857,-6.9630594,-0.82841,-0.029410506,-2.3578668,neutral
-739.9889,78.82425,-13.175588,7.84388,1.1601878,7.9514666,-11.558872,-4.7770457,-7.6044974,-7.612889,-1.462203,-0.69141465,-4.291258,neutral
-760.0963,70.38165,-7.0369244,14.895753,1.5187687,12.564792,-9.262008,-9.043738,-9.607507,-5.015429,0.31003782,-1.3192326,-3.5726733,calm
-752.2438,79.83723,-6.42213,14.22143,1.2245241,14.126369,-9.305338,-9.426623,-12.13879,-7.8767815,2.4101808,-0.3793958,-2.7276566,calm
-731.6196,91.31346,-4.1083093,13.896773,-4.15542,14.478597,-9.02882,-9.328955,-12.819087,-7.841082,1.4780833,2.0386918,-1.7077609,calm
-713.6052,91.171875,-7.003136,10.2425,-4.775912,14.227138,-12.581234,-11.554876,-14.503422,-4.8884044,3.0239637,0.71669614,-5.1817756,calm
-732.1636,79.045334,-10.74372,12.762476,4.1499114,11.836023,-11.580831,-7.697507,-10.697311,-4.504571,1.3837156,-0.97065556,-4.725746,calm
-741.6592,78.75681,-7.444064,15.780491,-0.22835413,11.3930235,-11.2624655,-5.226492,-10.305707,-5.2053156,2.5254238,-2.4537706,-2.6842628,calm
-735.5878,79.41244,0.60509384,14.837402,-8.089906,12.08187,-11.700296,-7.775462,-14.775683,-9.437133,0.17559117,-2.4581497,-5.1432524,calm
-755.84753,84.86619,3.9826868,14.217865,-4.377262,12.027837,-8.769316,-4.0765033,-9.268899,-6.663219,-0.3563892,-0.66747147,0.64081603,calm
-652.02704,94.69933,-29.828405,-4.8826027,13.840915,5.2129054,-20.845322,-12.188813,-10.927518,-9.06096,-0.98933744,0.9480405,-10.48848,happy
-608.05676,79.35598,-42.20317,-10.743568,5.452472,2.8259382,-22.118572,-11.73423,-10.78048,-14.367832,-5.315158,4.8594413,-10.820103,happy
-676.9961,73.689415,-26.894987,-1.8294779,2.815586,2.6750963,-17.42479,-7.633116,-11.001441,-11.814997,-1.7620538,0.60113096,-10.357549,happy
-641.2782,64.531006,-21.573975,-5.8818607,7.13482,3.4226034,-17.3173,-7.9399815,-9.006384,-11.929434,-2.36287,3.054592,-7.6307354,happy
-458.94272,44.012955,-45.58838,-16.589989,-6.329837,3.9651985,-18.925444,-15.704324,-13.868009,-7.1733146,-10.793342,9.323428,4.180902,happy
-485.51123,42.387985,-45.32649,-14.4224,-9.234356,1.087739,-19.549278,-11.127477,-11.445007,-9.855343,-12.610653,1.9391221,-5.567971,happy
-484.18665,40.23873,-47.015965,-13.493349,-8.785811,1.4309944,-23.656483,-11.573657,-12.019522,-11.572693,-8.228212,3.106581,-7.728936,happy
-469.18704,47.72425,-40.387558,-15.152858,-4.8166256,1.3948017,-22.896873,-15.089243,-10.314307,-10.407693,-6.202414,3.1687143,-7.077639,happy
-781.7784,76.38863,-5.567322,16.752487,0.089470066,11.960409,-7.5350847,-4.4526343,-7.23544,-6.6756196,0.93023354,-2.8291128,0.22928886,sad
-760.2038,82.78668,-12.983112,13.90902,4.607139,11.596461,-11.681245,-7.079911,-8.173424,-8.096255,2.2099779,-2.6249802,-3.0217106,sad
-739.06885,68.97819,-3.521415,8.448589,-5.7618003,7.108215,-12.136314,-6.158264,-10.154979,-10.241537,-1.7823108,-3.812592,-3.4111238,sad
-772.6052,74.988365,-2.319596,10.768792,-5.3147073,10.790869,-11.333268,-6.382632,-9.749052,-8.5212345,-0.8131559,-2.3640933,-2.6014967,sad
-538.00366,48.87625,-42.743336,-2.7120426,-3.0545266,5.1465025,-22.605494,-3.842747,-3.8082068,-14.554675,-2.2159712,3.6610348,-7.4154654,sad
-728.8901,59.39587,-20.916838,8.074091,-6.164287,4.6396756,-17.723711,-4.867445,-7.6284385,-11.7288475,0.1415838,2.0757425,-2.0905976,sad
-539.8534,50.83616,-25.744158,3.211646,-11.660536,2.1852999,-18.576763,-4.154043,-6.56839,-11.744352,-2.22522,-0.38392958,-8.800098,sad
-601.22845,67.22256,-43.22933,6.640947,-10.576336,7.2271523,-29.964558,-9.75127,-12.751556,-18.716078,-3.6401722,3.8949444,-8.069677,sad
-648.0217,63.34721,-16.731077,3.6040108,1.2166498,3.2086396,-13.740052,-3.57434,-8.288426,-6.9835887,-2.4755273,-2.0340204,-3.5617228,angry
-647.54266,77.7722,-11.207561,12.850751,3.874683,7.23199,-13.245911,-0.64404523,-7.0401073,-6.635784,-2.0067537,0.011814966,-0.017089762,angry
-604.39777,65.40564,-19.0879,2.2016296,-3.8812475,0.50134,-21.305948,-4.804779,-9.561754,-12.292964,-3.3509321,-1.1010501,-4.096262,angry
-573.6514,55.04719,-16.191498,3.3417962,-3.8714046,0.09816538,-16.442095,-5.7413125,-5.5722895,-9.8566065,-4.522477,-1.0006738,-2.6680763,angry
-374.82858,45.08974,-35.61872,-16.695122,-11.255357,-4.590291,-20.95162,-5.1012225,-8.588925,-10.689441,-3.8886225,2.3984988,0.39810815,angry
-389.973,45.46704,-36.46586,-13.050208,-10.678765,-2.5088704,-21.19824,-4.1147485,-8.531493,-7.584085,-4.4957457,0.6046416,-0.34129253,angry
-394.4819,40.03071,-29.224438,-12.893313,-14.664667,-3.3436122,-24.441795,-2.5518978,-7.242924,-11.303535,-6.244759,0.34570727,-7.217691,angry
-412.8523,41.163254,-32.127094,-10.742178,-10.059185,-2.6104815,-22.063776,0.18856223,-7.0065203,-12.419466,-6.1815395,-1.8752118,-6.7860084,angry
-706.16113,69.24902,-12.193131,7.8442526,-4.807556,12.632401,-13.430633,-2.1288419,-8.727879,-6.395971,-0.68556887,-0.6570877,-4.539715,fearful
-689.3041,78.4527,-22.808409,5.914672,2.194606,11.987536,-14.404403,-3.0464222,-9.567472,-10.421532,1.6596723,2.465826,-5.3814692,fearful
-676.7442,70.20417,-12.805855,2.2184446,-5.0519023,7.8292093,-19.823072,-6.7644124,-12.74171,-12.5507765,-2.5946822,-0.43780792,-7.3700385,fearful
-675.3297,63.21178,-11.654977,9.173196,-3.2936656,12.814124,-14.673178,-5.1945376,-8.607683,-7.6521463,0.06305294,-1.400824,-4.4405475,fearful
-405.236,42.63794,-51.957912,-17.508692,-15.064602,-4.9716225,-19.916105,-16.536037,-16.146717,-5.348471,-3.4939706,12.639794,10.506026,fearful
-407.7009,36.308372,-48.177834,-16.509857,-15.522624,-6.4527416,-23.39292,-14.367491,-9.536464,-2.3708944,-0.84886867,15.74098,12.900077,fearful
-427.01346,41.47662,-47.299862,-10.3636055,-18.520557,-2.2371206,-24.6353,-16.975168,-11.929381,-9.798536,-5.392827,9.718987,4.5178256,fearful
-368.05917,39.131107,-46.64387,-17.280827,-22.566322,-0.989352,-22.741255,-13.1342535,-7.591075,0.27452552,2.818435,18.046015,13.240598,fearful
-718.33795,83.775734,-10.532091,14.579582,-8.153665,7.6110387,-13.185247,-5.073295,-12.631404,-7.4369893,-3.287561,-3.2462053,-3.6715481,disgust
-746.84735,66.07601,-7.9269695,16.191668,-1.1958228,8.4654875,-9.016899,0.33046508,-11.256493,-3.0241997,-1.1394885,1.9444678,-3.1940053,disgust
-787.4723,58.103172,4.6398044,14.107577,-11.283278,7.531764,-6.7445197,-5.9489746,-12.463589,-3.11031,-2.7152522,-2.8157108,-3.2317882,disgust
-745.98395,60.662273,-2.9393277,11.873779,-10.64839,10.891391,-11.088223,-7.028767,-13.442156,-4.699273,-0.6339442,-4.0726924,-7.0729966,disgust
-586.4936,50.82391,-20.859858,3.5630875,-6.3549786,-1.5031474,-21.45965,-5.897205,-10.310334,-5.7842603,-6.885939,-1.4328072,-5.0612974,disgust
-687.5083,66.78211,-18.883026,-0.4805814,-4.8789,-3.2152932,-15.660713,-7.3110166,-9.110935,-7.2761707,-3.981827,-1.9911081,-5.830417,disgust
-629.46295,66.98709,-10.120667,2.2578092,-3.9102123,4.96349,-15.361145,-9.032662,-9.719402,-3.5475385,-3.6072872,-2.1067884,-6.891881,disgust
-673.5971,66.37311,2.418327,11.185238,-3.2442987,5.791528,-7.7468686,-3.5326233,-3.6031153,-0.48248437,-0.2268842,1.9832561,1.1216587,disgust
-763.42786,73.529305,-6.8283434,5.0051713,-3.3933992,7.140934,-11.051926,-2.5068452,-8.445263,-5.621273,-0.9042172,-1.5756576,-3.4416962,surprised
-722.79346,64.21685,-9.025169,0.8867537,-2.9964635,4.025441,-12.680366,-3.5293932,-9.380221,-9.209736,-0.5865555,-2.5455966,-5.158428,surprised
-702.38635,58.243023,-5.4226384,1.9346088,-6.2564692,4.6922464,-13.596423,-4.7090716,-10.352064,-7.049742,-0.86484325,-1.2889206,-5.4154205,surprised
-708.7773,73.450836,-3.2192984,9.616068,-1.2912333,10.986929,-13.941433,-5.2214346,-10.556053,-5.04459,2.8956165,1.0174404,-3.4875224,surprised
-717.5757,79.602974,-13.107271,7.6213474,0.22719494,9.038008,-18.661291,-3.940175,-11.512816,-5.4177423,3.147604,-2.6033888,-5.2764373,surprised
-605.0874,55.275497,-23.393785,-7.995293,-6.9491367,-2.1199071,-17.265993,-5.1109557,-10.836965,-10.59833,-4.4940248,-0.45501125,-4.9166675,surprised
-610.2141,51.69551,-21.12021,-3.095409,-5.5816274,3.3488526,-18.5954,-6.7456236,-13.261194,-11.246963,-1.9342049,0.09000776,-8.470365,surprised
-608.8314,50.989857,-16.87635,-6.3927217,-10.912248,3.7400644,-19.679558,-5.2548885,-13.089554,-13.068455,-2.8921685,1.2514362,-6.6063004,surprised
-685.1911,91.44493,6.7003827,19.388222,8.06428,17.239891,-7.0186505,2.3264654,-8.858726,-1.7122339,2.0464091,-2.941984,-3.6179066,neutral
-682.37585,94.25595,8.088109,20.869526,7.556281,18.462164,-7.737593,3.6498573,-9.894824,-0.8045711,3.1283548,-1.6335583,-2.6802008,neutral
-670.8587,76.79632,11.147035,15.564753,5.95075,17.093586,-6.5601497,0.97778785,-11.249627,-3.3218868,-0.97752696,-3.03093,-4.4691815,neutral
-682.14435,90.102974,12.780686,22.22966,5.2732944,17.1316,-6.8241796,3.4352596,-10.751446,0.38751316,3.329706,-4.0515714,-3.0682955,neutral
-723.5354,91.70691,10.917064,14.811353,5.649635,19.646393,-5.7743382,1.5954498,-5.906316,-2.3711736,4.501402,-2.2118204,-1.8213048,calm
-738.5714,98.130775,7.3637176,12.641453,4.1095085,17.988504,-6.0968604,1.7653868,-6.673278,-2.1309683,4.278433,-1.4487147,-2.1509602,calm
-721.6017,99.201096,13.109674,23.732002,7.0613513,23.371855,1.5737796,7.4987636,-4.482366,-0.14401774,4.4698014,1.7516934,0.23722686,calm
-720.1585,98.58431,4.9210544,15.639675,4.472946,19.3,-4.1599026,4.3577867,-8.172111,-5.401268,2.5868928,-1.6316074,-3.1975546,calm
-664.9177,92.84802,-3.6773832,25.765017,7.134531,27.950075,-10.749874,-0.07582867,-14.0831375,1.4403571,6.190103,-3.4484394,0.2231223,calm
-689.03253,94.663246,-4.526793,24.745512,4.9283867,18.276054,-7.894153,3.9149475,-12.346135,-8.685496,2.170455,-3.3549225,-3.5423625,calm
-672.8893,94.30765,4.719887,27.00029,5.0508075,22.288437,-6.3512583,1.9591646,-10.226255,-4.7528973,0.04233374,-2.7284856,-3.3234515,calm
-700.043,108.81173,10.519987,19.894226,6.4233475,20.240381,-9.258765,1.6630961,-12.542186,-3.9181664,5.31185,-0.35931936,0.39507225,calm
-690.8388,97.60097,-4.8136754,17.438318,10.129062,19.369835,-4.1547446,5.2636385,-6.2675486,-2.6730418,3.817072,2.834687,0.34836975,happy
-672.12463,95.8703,0.99978167,9.010865,9.643557,12.556572,-7.5497193,-1.7909493,-8.257576,-3.4055538,1.7168201,1.2082635,-5.821294,happy
-648.88885,93.78957,-5.750032,11.752817,6.6184034,14.632291,-5.867281,-0.84166086,-10.115384,-5.070194,2.3150811,0.74289924,-3.6212883,happy
-648.88885,93.78957,-5.750032,11.752817,6.6184034,14.632291,-5.867281,-0.84166086,-10.115384,-5.070194,2.3150811,0.74289924,-3.6212883,happy
-512.1969,86.0672,-7.3359504,8.854346,2.6489406,15.201008,-13.776928,-6.245088,-6.9126635,-6.03758,-6.650435,2.464894,-2.5476649,happy
-469.40402,72.412445,-14.685673,11.758047,2.7314086,12.90853,-15.329283,-5.5797715,-9.356756,-3.313785,-5.561155,0.23645245,-3.3300793,happy
-525.0778,91.01579,-13.522921,5.6760387,3.8942118,14.811387,-18.78126,-4.965507,-6.936727,-9.46572,-6.834322,3.474491,-6.488342,happy
-485.2619,70.141365,-8.326092,5.9631495,1.4007695,15.818752,-11.914036,-8.521184,-9.074766,-0.017516147,-7.5997043,1.8971361,-2.9053352,happy
-755.40985,87.45532,5.782381,13.41448,3.6879442,13.727745,-5.1937156,1.3381411,-6.324772,-7.3969316,-2.3823295,-1.8764329,-2.8198495,sad
-730.02045,95.807076,12.3033285,16.089125,9.707285,19.362137,-5.149747,4.988009,-4.53109,-7.2329974,-0.5048348,0.19100754,-1.3840377,sad
-739.68524,87.9206,12.172471,17.540768,1.3879102,15.421913,-5.5896606,4.0069685,-7.7555585,-7.3176165,-2.3549864,-1.4693485,-3.1007814,sad
-658.00586,94.38582,0.06499353,14.858917,6.3506913,14.752876,-11.687055,-0.38070047,-6.819074,-10.327941,-4.7720175,-0.6235122,-5.5890946,sad
-633.6809,94.717926,-5.434954,11.03422,6.998949,20.168148,-11.770556,-9.371553,-8.13206,-7.7728925,-11.795867,-8.572509,-6.093226,sad
-635.9413,75.94277,5.589508,13.226606,7.2068524,17.061924,-9.983245,-3.5265985,-3.3042383,-2.935399,-6.090469,-1.0889865,-1.5229537,sad
-592.1257,69.157936,1.7986248,15.329565,2.400572,15.389956,-4.3150916,-4.7667603,-8.977144,-4.756286,-6.3082514,-5.084374,-4.416496,sad
-616.4188,69.513985,2.4691534,13.518837,5.353673,16.909077,-8.667481,-8.921057,-5.704484,-6.543907,-10.842329,-4.1780553,-3.427842,sad
-544.7713,73.16177,-10.358592,13.33844,4.810055,15.029965,-13.3049135,6.249743,-5.0035567,-7.4147716,-1.2825496,2.6496706,1.619419,angry
-458.93402,61.729923,-11.86241,9.636173,3.7703946,11.24039,-15.426912,1.2915667,-2.0289,-4.6397867,-2.0542307,1.9982165,-0.9243732,angry
-625.76447,74.51775,3.4087174,19.435621,5.9884806,14.310299,-8.246129,3.6989021,-4.829188,-6.985098,-1.7010751,-0.23504616,-1.018587,angry
-543.35187,67.59553,-4.3970594,16.146328,3.479627,9.014055,-12.870681,1.0161595,-6.158005,-7.485533,-0.7225876,-0.97106487,-2.274447,angry
-451.0677,59.39181,-6.2777314,11.081311,7.4657464,14.533327,-10.614185,-1.9838299,-0.2860958,-1.3567564,-3.121423,3.996511,1.0603617,angry
-390.2718,51.95064,-13.199333,8.289696,6.2049513,11.455559,-14.3901415,-2.3950167,1.2023746,-0.6362697,-4.5785875,3.2610638,-0.6927104,angry
-373.48856,43.320103,-23.760143,2.1682,-4.434816,6.8627806,-19.870396,-2.7718577,-4.9798427,-10.118385,-8.905963,1.094752,-2.6953123,angry
-394.6726,50.606495,-19.806034,7.1794224,0.48968115,11.269997,-16.017725,-1.3698667,-2.678834,-7.0616603,-9.979268,3.9967027,-1.0736018,angry
-682.5831,80.96609,-1.944016,17.106361,4.744398,16.50449,-8.158102,0.49049896,-7.9564342,-8.35938,-2.6578085,0.50506467,0.15806499,fearful
-666.31006,77.826775,-6.2345257,11.061894,1.8930616,13.460344,-10.770214,-5.606112,-9.452147,-9.306153,-5.7762713,-1.3667862,-1.9807466,fearful
-680.71045,68.62199,0.72880244,14.265648,3.7119632,13.285194,-9.092105,-4.579479,-8.964406,-5.5340424,-5.180951,-4.05171,-1.0777074,fearful
-668.09564,60.92727,0.72272885,13.420864,-0.101740055,9.842351,-10.222768,-5.575291,-10.726356,-9.328766,-4.7444983,-5.2158113,-6.1112704,fearful
-499.42136,55.029373,-17.23886,3.335398,-5.3892903,8.037549,-18.651106,-6.7728834,-10.586461,-10.385616,-7.906575,-7.0368514,-6.808771,fearful
-547.91174,52.481342,-12.485001,5.7450953,-4.023797,6.554358,-19.839005,-5.646112,-6.016216,-4.6249747,-8.0011635,-6.1411023,-2.7891903,fearful
-462.9533,45.73113,-22.421932,6.2853556,-8.094124,9.149704,-21.062582,-8.943297,-11.324056,-12.091948,-7.0072403,-6.466037,-7.65359,fearful
-474.66946,45.231026,-18.042658,4.273756,-8.425743,4.389859,-18.731024,-5.8153377,-9.747096,-10.960723,-5.4074216,-3.7505825,-5.615645,fearful
-721.46344,68.96521,2.163214,19.849573,1.6471117,12.879541,-11.429649,-0.7940904,-4.78458,-1.3390468,-0.10191651,-3.0055697,-0.73101383,disgust
-691.84064,76.6491,4.1484766,15.059004,4.415301,11.945502,-12.732775,-1.3045107,-6.577256,0.5656574,-0.30837846,-2.4009817,-0.030777117,disgust
-747.5718,75.8435,13.432491,21.44305,3.3708265,18.788002,-4.668682,3.0660918,-6.763699,2.6156259,2.20392,0.8472361,0.40522492,disgust
-698.91364,67.23646,6.175064,21.191086,2.8763888,15.74372,-14.501318,1.3329839,-5.1051245,1.124434,-3.1243463,-3.663961,-1.7426924,disgust
-561.69666,66.061844,-0.76260877,19.809284,5.9594355,8.413821,-16.410505,0.61695564,1.2869052,-1.9939556,-6.198728,-2.971222,-0.3752534,disgust
-612.7453,72.11917,4.390731,24.674278,8.5527525,13.575851,-10.706611,-0.079563685,0.04544193,2.4189112,-3.445172,-1.5923555,2.4489448,disgust
-611.15546,72.80772,7.5252447,27.887709,7.331596,14.004911,-10.3113,-0.39940038,-1.056008,1.3321077,-2.7885478,-4.4365306,0.4804065,disgust
-610.02893,67.16418,7.213645,29.855272,1.011643,14.8390875,-13.544244,0.19634011,-1.4775399,-0.47852877,-5.8871183,-5.527038,-0.9474312,disgust
-663.73065,79.73736,6.132358,16.629654,3.5607207,13.981419,-11.292764,1.5988294,-7.3753266,-4.639025,-0.11865639,-1.0928252,-5.134788,surprised
-643.116,74.25263,5.7097435,19.294641,2.9605572,13.386591,-12.936573,0.40643635,-5.831004,-1.6517537,-0.9465893,-2.7198567,-3.6315954,surprised
-666.7544,81.005875,9.412706,20.818691,2.467875,15.377818,-11.241872,2.0945663,-5.6508775,-2.4866955,1.1019539,-2.0797029,-4.054178,surprised
-657.79675,79.70089,7.9413238,19.277292,5.706423,15.907753,-11.701764,2.6415145,-5.000104,-4.8821087,0.4393439,-2.352606,-5.1961184,surprised
-522.09204,69.305,-3.8338795,17.697077,-0.5418765,8.605195,-10.912233,-4.0253987,-7.1844654,-6.294817,-4.817645,-3.3349993,-4.0313044,surprised
-610.06555,64.37167,1.7510109,19.925608,2.1790502,14.261856,-12.798636,-1.1385704,-5.750867,-4.009406,-2.5531626,-4.2642813,-4.209443,surprised
-544.6024,59.524452,-4.9843564,14.8963585,-0.7195281,9.685143,-12.071995,-4.671689,-9.281243,-7.182359,-3.514343,-3.2812605,-6.6773343,surprised
-597.75604,63.733124,-0.4394254,19.118214,1.0428809,11.306883,-11.958356,-2.7801764,-5.4922724,-5.0113626,-1.6239886,-3.3878596,-5.8471375,surprised
-724.56476,79.07821,8.611061,21.369987,9.2174425,15.374386,-6.712665,13.984431,-6.3313217,-2.7364106,4.1792,-2.754071,2.2542312,neutral
-713.52106,81.572136,10.422806,19.672953,10.870365,14.779566,-7.505935,13.92227,-5.167852,-1.9298285,2.41937,-2.472002,1.2329038,neutral
-712.07556,76.01943,12.366279,21.779139,8.561011,15.253534,-6.7557926,12.9458065,-7.8019505,-2.1838298,-0.11524872,-2.7567084,0.2629502,neutral
-707.11816,78.951454,9.952194,20.884295,9.219158,13.815606,-3.8895664,12.485267,-5.8106246,-1.650964,-0.046970725,-1.0281692,2.5656004,neutral
-738.0594,82.47542,17.920815,19.800371,11.05121,16.203539,-6.047359,15.335152,-6.8628674,-0.20040902,-0.8113584,-0.95714486,1.6784493,calm
-751.6501,79.0511,14.257443,23.402027,9.972133,14.853502,-2.5346231,13.012793,-6.0469337,0.34785253,-0.6599209,-0.7449381,1.2615848,calm
-734.58673,76.02552,18.408405,27.65915,8.235409,18.009077,-2.1107478,15.266913,-5.8784995,-0.98352414,1.0556163,-0.21209408,1.3765119,calm
-749.5714,80.20373,15.098431,23.601667,11.268713,18.50822,-3.0873,14.3216505,-5.0389414,-2.5427527,0.9421838,-2.6905234,1.8892622,calm
-739.93256,78.968544,12.634917,22.879969,10.848471,15.267878,-5.751885,15.464789,-3.848919,0.80433846,-1.0269958,-1.7512646,2.7819445,calm
-745.79755,80.0959,14.088288,23.498203,8.414594,15.66805,-4.3374863,16.080757,-3.4792686,0.05971412,0.74232,-1.8944675,0.8141544,calm
-740.8795,75.02702,15.722651,25.33917,7.6566496,16.88337,-1.768054,15.706873,-3.8716726,-0.05128625,-1.360598,-1.504559,1.096425,calm
-741.57135,78.062775,13.605332,24.908443,8.786871,15.43477,-3.3599515,13.845227,-6.236078,-0.17710094,1.3940274,-2.6355605,0.9180983,calm
-680.248,80.759995,-2.6151357,10.746902,11.002704,12.974257,-5.2417603,8.461748,-5.499209,-1.4153496,2.758783,-1.734185,-0.37492588,happy
-671.64575,76.22051,-5.0666475,12.957191,13.695049,11.643517,-6.815738,6.645009,-3.8864179,-2.5205948,1.878753,-1.7442207,0.27202886,happy
-689.87415,75.23065,2.456315,15.774593,10.91035,15.331782,-5.904238,7.7073565,-3.9542806,-3.3261914,3.2548723,-2.0291884,-1.1960236,happy
-657.70416,71.03656,-4.3567715,9.794089,8.801399,13.087369,-6.201259,2.8914225,-5.820916,-5.526744,2.053065,-3.2496364,-2.2880564,happy
-573.8005,74.897675,-13.586638,1.7171093,6.930485,8.643815,-11.512801,4.1588473,-4.778054,-7.124047,2.0131142,-1.9298193,-5.823857,happy
-573.10315,71.586334,-15.409598,5.6119814,11.04418,8.164157,-8.634753,5.800166,-0.60476166,-2.6669319,2.5430334,-1.1637816,-4.1334815,happy
-547.67664,67.31983,-16.447685,4.0809746,7.404388,8.380779,-11.701619,1.1645885,-5.455678,-8.660601,0.4752672,-3.5810838,-7.9081883,happy
-576.72675,75.47739,-17.455122,2.709566,5.7126846,7.6499896,-12.940028,0.7955644,-5.9988585,-9.920557,0.17967793,-2.3339798,-7.7428374,happy
-752.6742,71.02371,17.396671,21.823,9.684851,20.47241,-1.4175568,12.607273,-4.493764,1.0431207,0.07177008,-1.1728071,1.800034,sad
-763.1553,81.491425,14.177751,21.60927,11.740057,15.128365,-3.4880002,12.748921,-3.749606,0.5241134,1.8428491,-2.761961,0.8670603,sad
-761.48303,71.77338,14.63363,23.550846,8.441535,18.252174,0.082436815,11.601342,-4.0753775,-4.015073,0.15829176,0.43211883,1.0884382,sad
-750.23004,78.00762,18.142235,20.196814,8.863704,18.825556,-1.588972,11.107013,-8.741,-2.4979157,-1.4644737,1.0835046,4.38955,sad
-672.263,81.34509,-1.6024891,7.8976336,12.350101,13.619333,-6.2543283,1.6281979,-10.51683,-11.310379,2.2848275,2.657166,-5.2193604,sad
-667.4974,75.98007,-1.1553489,11.72173,10.113526,13.819391,-6.0249166,4.5952516,-8.358834,-11.790726,-1.2405605,1.8800522,-2.7367866,sad
-693.51385,76.252785,0.19576876,13.265514,9.592599,13.882136,-3.6745138,4.917798,-3.6443472,-9.518985,0.77779514,4.5056705,-4.83998,sad
-667.7666,88.06519,-0.20923834,15.459056,9.9412565,15.146427,-2.4944248,4.3425765,-9.931569,-16.242912,-0.22210641,6.405866,-4.187488,sad
-590.5436,67.69341,-2.131812,9.23549,4.092191,6.9172754,-7.9933214,10.75549,-3.011429,-4.38023,0.66879064,-2.60176,-1.1368266,angry
-563.1117,60.14698,0.49472135,13.174311,3.6939774,1.6408786,-8.199457,10.116116,-0.26296762,-3.105442,-0.53386754,-4.308655,-0.044127423,angry
-615.93634,56.863453,6.5108356,16.81343,1.4356965,6.8695664,-6.7518487,11.228787,-1.2423972,-4.2991276,-1.1952131,-3.5644991,-1.2349874,angry
-616.5013,60.57787,6.2622404,18.998875,2.2578604,6.9956326,-7.732967,10.039289,-0.6213268,-5.022889,-2.2598693,-2.6442676,-2.6676192,angry
-497.90558,65.29833,-11.077437,5.135659,-3.5838757,-2.2700012,-13.080158,11.33167,-1.729251,-7.120029,-2.7146888,-2.91602,-0.3607541,angry
-408.2311,47.0189,-18.03269,1.957992,-0.0039990097,-4.4925556,-13.249787,6.8105454,-1.0759634,-5.3663344,-2.4399314,-2.9037335,-3.414387,angry
-509.6059,45.79214,-6.162908,8.651158,-4.831096,-0.030923154,-12.48243,9.538957,-5.068142,-8.011456,-1.5563583,-4.365634,-3.4668663,angry
-496.92203,49.02907,-7.7851806,7.83199,-1.9128767,-0.39858902,-14.291061,9.964621,-4.352246,-8.533032,-2.2001374,-5.068646,-3.4936237,angry
-564.7043,66.44487,-15.156415,-0.37144262,3.278944,8.824377,-13.074861,5.59104,-11.038133,-11.045896,-0.8757748,-3.078941,-6.3938284,fearful
-578.7491,77.713196,-7.886115,6.4203253,6.1790733,11.582044,-6.7127166,11.458735,-4.745237,-7.660063,0.61240226,2.0053778,-1.5718396,fearful
-559.1436,73.91423,-10.133403,0.0009896661,-2.1637888,10.200247,-9.610006,3.4559615,-12.340852,-14.598627,0.91852856,0.84702003,-5.7449827,fearful
-603.7793,64.6044,-6.5783005,7.7807336,0.40321928,11.610985,-9.78573,7.4725447,-5.785016,-11.302113,-0.23333439,0.3497755,-8.050129,fearful
-456.71066,38.930515,-18.339876,1.4907622,2.0190573,0.107170045,-10.820808,3.382612,-5.432341,-8.170106,-1.3711201,-0.94340926,-2.4659653,fearful
-478.3167,43.46618,-21.455143,1.4111396,1.1486086,1.1120379,-15.069955,5.2670174,-7.6467657,-9.6517515,0.41652074,1.7362399,-3.242529,fearful
-490.92932,40.064003,-13.0052395,-0.9589418,-5.936728,1.5594661,-12.899522,5.3264556,-8.466018,-9.615185,-5.755553,-1.0977768,-3.97657,fearful
-480.16528,42.46245,-14.77758,3.9738295,-3.056888,4.1650333,-15.0421295,9.742045,-7.471276,-10.203081,-1.6924112,1.5132855,-3.7068233,fearful
-713.2265,75.70802,13.946222,18.867203,6.8324356,13.979442,-1.75986,11.598976,-4.0447874,-0.80289894,-0.10143426,1.7402614,1.7817883,disgust
-718.5485,86.36029,11.85385,17.63505,5.865285,11.1290655,-3.1403136,8.56189,-6.6018815,-2.4473488,-1.3963547,0.84758127,0.32368216,disgust
-700.8483,73.97922,13.752046,24.008165,2.6427054,15.74782,-3.2453492,6.6408463,-6.408341,-4.687808,-0.68404746,2.4558165,-2.9643462,disgust
-713.86414,66.1257,15.227442,21.168427,5.660247,15.869121,-3.1656227,7.9530993,-2.7597554,-3.6840506,-1.3869962,2.3718946,-0.93604916,disgust
-638.72363,66.814674,5.8330154,16.455235,3.7717867,11.230489,-6.3240304,7.089318,-10.032094,-7.123924,0.19448788,1.5221838,-0.5090104,disgust
-682.0469,85.51465,11.570074,13.146573,8.888207,10.2969265,-8.16215,2.390495,-7.4307275,-0.69006914,0.049322873,-1.5543149,-1.1764765,disgust
-682.11255,66.412796,11.97867,20.292315,5.122791,13.1235285,-6.246447,4.137274,-5.933222,-3.902303,-1.0801928,-2.5178928,-4.898322,disgust
-661.7349,61.95157,9.833343,19.527044,4.5423346,11.088471,-6.52652,1.5998114,-5.236032,-2.7234254,-0.038846355,0.4409526,-4.0637,disgust
-646.0458,62.353695,2.8754468,12.085875,4.534707,12.167144,-2.9285216,9.685594,-7.894397,-6.0491753,2.9983773,1.055013,0.70359653,surprised
-646.91315,64.79808,1.8552997,11.193873,1.9319556,9.161091,-5.5480227,10.237468,-7.8167024,-6.40926,2.7511635,-2.9373195,-0.4711521,surprised
-613.01984,55.149414,3.1949236,12.161334,0.87981325,11.947279,-5.5443945,9.2991085,-8.140087,-5.988984,1.8149217,-1.1900929,-1.6734898,surprised
-650.5581,62.038345,8.731861,15.758364,3.2302122,11.115848,-7.1421156,11.02891,-5.964324,-5.0820327,-0.06770196,-2.1671624,-0.68631995,surprised
-587.63367,64.97155,-6.8798122,8.017025,0.8175458,8.49184,-7.399456,9.058397,-9.939093,-7.883545,-0.051321495,0.9610316,-1.5578569,surprised
-583.58875,64.018776,-2.285424,8.20616,-0.12553993,7.133336,-7.4472027,8.925392,-8.326935,-8.810607,1.2589017,-0.7234292,-1.5156876,surprised
-592.37866,54.34656,-0.35552037,7.277545,-4.4156184,5.5840793,-9.459206,10.641981,-6.8839436,-6.393493,-1.8503135,-3.0424914,-0.20122436,surprised
-586.86536,52.14702,1.7075881,9.61272,-3.1205516,8.212399,-7.3695073,9.680877,-9.424283,-9.235979,-1.5394739,-4.1279607,-1.4502339,surprised
-771.5905,100.49775,22.603916,28.222462,20.75665,24.176329,5.546236,8.003059,4.282117,4.4004383,7.340108,4.594511,1.8255421,neutral
-804.2408,87.265015,15.950047,20.883507,11.536417,16.146484,1.4695983,4.7994595,-0.26299906,-0.12396544,5.91643,1.6510326,-3.3918803,neutral
-794.5776,78.50654,11.63548,24.444126,9.2387905,17.8448,2.876209,5.36347,-1.5300016,-2.4725573,2.5964527,2.0632522,-2.556126,neutral
-786.6148,82.17687,11.750974,21.509884,11.027834,15.774215,0.9615348,4.918613,-0.84726673,-2.5568788,1.9989249,1.6798426,-2.8888485,neutral
-792.878,84.40292,11.711248,22.659185,10.396309,20.110916,3.0317125,2.0337048,-2.0643637,-0.72472495,5.1504865,1.3622676,-1.8162388,calm
-748.0795,88.041374,-5.0058846,24.20742,15.657138,19.641262,-1.9607716,-0.58038354,-5.164155,-1.7119659,7.145405,3.7931056,-3.8685517,calm
-707.94806,87.46981,0.07352939,27.07075,7.478424,16.719027,-6.0988207,2.3026304,-1.7294663,-1.3146081,2.9656425,2.4015594,-2.9335027,calm
-778.4702,86.27202,11.932851,27.689022,10.715957,20.678667,5.5093546,5.1907487,-0.83649594,-2.7420046,4.7898045,4.64159,-0.020634165,calm
-830.0441,70.96747,16.022293,25.754526,11.738506,18.585415,6.715222,4.0248013,-2.0392466,-0.8188071,9.350846,3.872114,0.5784627,calm
-806.15894,88.302795,21.558975,32.5593,21.130018,23.172146,9.770877,5.0304275,-0.9769497,-0.06523865,8.438056,1.2884731,-0.42046496,calm
-740.17645,103.091484,9.369387,30.884558,17.233189,22.836563,1.9232925,3.1272452,-2.7031004,-1.9183567,5.451071,5.070609,-1.9334942,calm
-786.0075,88.12206,12.140054,25.658705,9.477612,17.079185,5.8761315,3.1438367,-2.0430398,-2.7043834,2.2366574,2.6261194,-5.0437884,calm
-744.04865,110.98149,14.427489,20.26433,11.643726,22.722557,3.756552,-0.20558679,-1.0587759,-6.2092915,-5.4843354,-1.4126265,-0.32096672,happy
-706.43005,95.19896,4.8495064,12.3258295,11.46919,20.62806,-0.0710156,-1.0984094,-1.4116838,-3.3764505,-0.6458125,3.6381857,-1.3834313,happy
-739.79645,85.127625,4.527689,17.342657,7.05217,20.471792,1.9207075,0.16811956,-2.7770493,-3.6245167,-0.6334817,2.9498897,-3.2186477,happy
-686.3137,87.54293,-0.9497287,10.884496,10.358189,16.295143,0.44240734,-0.5529381,-4.8674116,-9.224182,-3.4825099,3.8011088,-1.9972246,happy
-513.2139,77.748436,-9.6038685,-1.04548,2.2851644,11.323059,-10.479511,-11.735534,-6.7239356,-8.394719,-10.070301,-1.7504987,-0.08048878,happy
-520.7686,97.80062,-4.670929,-2.2087877,5.0271845,12.694645,-12.967272,-13.053026,-6.7100525,-7.83524,-13.761657,-4.2174187,-0.4825567,happy
-498.84366,60.077618,-13.457317,5.9213457,0.97223336,14.555322,-8.644185,-5.4394503,-5.4151745,-5.7204165,-10.8357935,0.5122413,-3.4320219,happy
-535.40607,76.763855,-2.8835275,4.621793,4.2818875,13.343359,-4.2245407,-5.800919,-6.062205,-10.833878,-9.805347,-1.5630763,-1.9201146,happy
-833.1103,75.954056,17.767277,17.619589,15.692232,21.089626,5.650587,8.639272,-4.7371902,-3.8014832,1.7416662,1.497454,3.1815734,sad
-846.89026,62.25801,9.305574,16.331127,10.4107485,14.865271,4.8120904,3.2966888,-5.206042,-2.7848752,1.7032714,-0.3520114,1.2816538,sad
-819.2772,63.17293,8.697166,21.44213,7.31605,16.75701,4.9297185,8.851721,-5.159259,-3.86771,0.21762256,0.50352037,1.6569961,sad
-843.609,69.014694,19.271357,26.026855,13.544138,19.910967,7.492044,10.563536,-2.974152,-3.3435502,3.6024342,3.8830476,3.6513124,sad
-749.0336,101.30604,5.393279,22.51313,12.124168,22.545036,1.6236635,-0.35847688,-6.050264,-6.767978,-4.1160235,-3.505361,3.0343502,sad
-732.14703,88.472305,-0.7468742,19.823257,12.085446,24.854338,-0.50841343,-0.62972724,-8.034478,-2.306292,-3.4337518,-2.326408,0.40814042,sad
-742.97876,88.85757,1.4107476,22.267487,9.935181,22.045414,0.4300163,0.84872735,-8.388711,-5.4616857,-4.1307583,-1.4386042,1.2901171,sad
-736.28687,93.6069,6.6209135,24.096865,15.632917,22.217258,2.391218,3.6043618,-6.3431287,-5.898136,-4.742833,-0.2322055,1.1327465,sad
-746.457,86.925804,3.571607,15.467492,11.325593,24.662954,-1.481607,3.1364388,-3.275879,-2.1990364,-2.6134226,0.80919856,3.0865297,angry
-706.47125,82.020454,4.6318946,13.913571,12.063453,22.864555,1.0376799,3.6893022,-3.2020938,-1.9987652,-1.2489327,1.399234,1.5463247,angry
-621.83234,82.457634,-4.856926,8.79317,9.40036,21.183865,-2.586216,-0.28825408,-0.37769443,-7.8018064,-7.604285,0.25195286,1.6407535,angry
-673.2418,84.008514,-0.74129516,12.946439,11.025363,23.535898,-2.479437,2.1982234,-2.0174427,-4.689605,-5.9075084,2.692625,-0.76747847,angry
-399.54877,67.49266,-13.572152,1.2879984,-0.9436094,11.64477,-13.362787,-0.81568384,-6.428547,0.06532574,-4.721436,0.55930644,1.3103422,angry
-400.9085,70.01186,-15.256239,-0.68578535,-1.7376443,9.108093,-13.3830385,-1.5339918,-6.3704853,-3.9253163,-5.1817007,-1.2224289,0.014426539,angry
-374.67752,62.34436,-14.717811,2.6255622,-5.2457614,8.565713,-14.848738,-3.3576074,-9.407193,-0.94936466,-3.5787697,-4.34665,-0.5560464,angry
-388.88422,62.739193,-15.482232,0.4680539,-6.5064316,7.696175,-13.269678,1.8480194,-8.49275,-1.6862711,-1.2939726,-1.4734181,-0.117926545,angry
-830.15466,65.553635,8.614589,18.598824,9.240534,19.702559,0.17140433,7.2024517,-2.541711,1.151043,4.8310575,0.2735285,0.9447372,fearful
-797.9074,66.312195,8.155643,20.696667,11.643408,18.705593,1.0999451,5.933385,-3.9448733,-0.62895876,3.0434427,2.9750714,0.6768924,fearful
-794.6928,68.686356,13.798,25.34966,11.023882,21.045525,4.947568,9.988978,-1.2857411,0.65190107,6.042357,4.8131166,1.9056433,fearful
-824.50305,64.43211,7.442528,26.1101,10.378474,16.509895,1.9762306,6.495816,-1.9610633,-3.606118,2.995768,1.6566997,1.3758776,fearful
-625.4124,89.34572,2.3605025,14.402074,15.371239,23.466175,-5.4004145,-2.7349796,-2.4098306,2.8678443,-4.8571386,-3.0337396,0.9715289,fearful
-722.7524,70.37574,-0.45693144,21.64806,10.698453,23.90074,-3.5557754,5.2706733,-3.2625847,4.5330815,-0.73915935,-0.5237588,0.4545565,fearful
-590.84784,63.92951,-0.20305634,12.907093,5.051848,15.743986,-7.3245897,-1.9383252,-3.8757164,1.127293,-7.9485145,-3.9707553,-0.17498057,fearful
-548.77136,66.97168,2.5110023,11.2334585,6.497959,17.236658,-5.9687996,-1.3964244,-2.8320863,-1.040355,-7.437386,-3.289478,2.4086933,fearful
-759.09924,95.37824,4.398301,8.495858,12.264965,15.748286,-3.0453792,0.69004226,-8.448871,-1.7203872,1.7873199,-0.92757016,-0.9265833,disgust
-763.85223,90.35125,1.3556038,9.936077,12.82099,16.637604,-5.663872,-0.55181533,-6.867971,-2.5168064,1.445957,0.11520488,-0.5248183,disgust
-788.92346,78.24274,8.959163,18.795086,13.454979,17.358524,-2.4571955,7.0099034,-4.500436,-0.12002657,-1.2853688,-2.626377,2.3559697,disgust
-715.6486,90.17246,-1.5214837,19.32875,16.847553,17.406622,-2.6491976,2.4283986,-11.832019,-4.847843,4.999734,-0.99513257,-0.90078914,disgust
-731.93427,84.93627,7.4826317,12.743996,10.170668,15.557388,-7.993048,4.465274,-3.343207,0.69859177,-1.6128386,-4.0052896,-3.413181,disgust
-698.40314,90.15875,2.951091,14.607257,12.337191,16.08213,-6.775425,2.0506058,-1.7485101,1.0701942,-2.8971152,-2.823257,-2.2045693,disgust
-683.97955,89.55301,1.0026097,12.814185,13.847642,15.458847,-5.6366916,4.8592043,-2.277772,-2.5270846,-1.6911,-2.6375418,-0.4646322,disgust
-677.3322,103.013565,4.941694,6.229761,14.362885,14.914571,-5.6324153,0.36417222,-0.44860685,-3.2079859,-3.3756263,-0.9201572,1.3112893,disgust
-791.64734,85.73398,17.1845,21.360312,12.790649,20.197716,5.1101446,6.271457,1.861642,1.7826432,5.337021,2.651128,0.42516634,surprised
-800.434,83.26973,10.438977,16.346899,11.467578,17.064434,-2.4187145,2.1261895,-1.7168413,-1.5840585,3.635866,-0.79837096,-3.0067518,surprised
-759.8757,91.138275,12.346633,23.812124,14.40076,20.983604,1.9275002,7.130632,0.35729554,0.8279109,4.6098757,1.9644927,-2.1764402,surprised
-779.5073,86.03685,7.4223022,18.159237,9.4910145,16.713518,-2.2024567,2.0485103,-2.746372,-3.55787,-1.1033887,-0.24700205,-3.3189058,surprised
-656.88727,60.64273,5.7021036,10.648007,8.580759,10.174667,-4.102378,-0.42305475,-2.0111258,-2.1265488,-0.8857845,-2.1194057,-3.6443548,surprised
-734.0454,85.08358,15.516115,20.813972,15.595805,19.558165,-0.24271087,3.4979248,-0.8173965,1.5834929,3.8114944,1.2003844,-1.0858479,surprised
-751.9646,76.017136,10.174408,21.782381,8.567366,16.729588,-0.15796661,4.6586313,-2.6025584,0.2695206,-0.40571278,-2.8928747,-3.0875595,surprised
-743.5969,79.10719,6.510736,20.560448,10.9146,17.416252,-3.3495798,3.9741216,-2.1207461,-0.39205995,-0.75300455,-0.9858629,-3.7914503,surprised
-596.9454,64.63007,6.648077,8.077851,-0.23067428,11.433213,-8.115619,0.8882916,-8.19381,-3.273792,-2.920718,-1.6070095,-3.1588488,neutral
-578.1701,73.206566,2.0347974,14.9115305,-0.5970043,8.493226,-12.140992,-1.3571067,-11.369603,-6.9111547,-3.326637,-0.8523188,-2.8861938,neutral
-566.4882,66.1096,3.7538123,7.080296,-0.90836763,11.579635,-11.926803,-1.9896832,-14.338025,-9.761962,-2.648264,0.051392905,-3.275125,neutral
-618.22595,64.04152,9.29801,18.992546,2.3333464,13.190053,-6.9062486,4.8707886,-8.8215475,-3.6123178,-2.2860518,-0.78382957,-1.8436751,neutral
-563.8482,79.28924,-8.369286,14.4295,3.5074437,7.5667872,-16.690989,2.3697815,-13.943831,-11.143151,-5.2998753,-6.1051035,3.7261317,calm
-604.18646,74.32354,0.17630854,11.393934,2.2746482,11.601082,-10.305856,4.1613684,-10.589807,-3.807657,0.19454983,-1.6261134,-2.9923494,calm
-557.1139,61.53977,-1.3741652,12.489706,2.005976,8.978362,-18.886354,8.524689,-16.038456,-11.179732,-3.6539905,-3.9874501,-2.3584929,calm
-559.7589,64.457634,3.5966105,10.952442,1.1674403,9.388881,-18.542377,1.509217,-12.442172,-9.902979,-2.6637545,-2.533957,-3.5987625,calm
-584.09845,74.61062,-0.5562803,5.7222786,1.1550863,13.801443,-12.21127,-1.4731793,-17.286146,-10.782848,-2.6320286,-0.26959682,-1.9759916,calm
-582.3269,73.66345,3.5461707,6.040065,-3.9498866,10.24262,-9.203853,-2.0130832,-13.870252,-11.930876,-3.2548766,-1.1376237,1.1699817,calm
-590.4057,71.67921,2.7852144,11.256137,3.1456077,10.231235,-12.192984,2.5936055,-10.011454,-10.451084,-1.0408258,-3.6297672,-2.7112553,calm
-631.78436,74.591446,9.421776,15.847111,1.842416,15.649767,-7.3110404,6.318061,-8.644055,-3.6783197,-0.78838825,-2.4813354,-1.811815,calm
-518.85535,58.90859,-3.3557403,-0.724691,2.358441,6.758806,-9.757605,-1.1889898,-8.046124,-10.20984,-3.723081,-2.2465975,-4.2662697,happy
-529.4572,59.658825,-3.9162123,1.9397029,-0.030130586,7.6929955,-12.442546,-2.2602549,-11.08167,-10.726847,-5.354788,-0.24625663,-5.263193,happy
-533.5716,58.919846,-13.940795,-1.9503165,2.0629027,4.51277,-13.081351,-5.3030252,-16.581518,-11.907195,-2.0147169,-1.7206618,-7.4169188,happy
-535.36005,66.8623,-6.2552166,4.612798,0.13215062,3.6647987,-16.212788,-2.6981525,-13.52698,-13.774392,-4.1546564,-0.3740639,-7.1439157,happy
-402.77496,58.16032,-25.085873,-7.2832766,-4.1447377,1.7662868,-22.14202,-7.745809,-11.441942,-18.811954,-10.462535,-0.2633383,-9.623913,happy
-416.00418,52.35721,-21.31299,-5.6443386,-3.7148266,5.051618,-17.672102,-8.342634,-11.866908,-16.485523,-9.217528,-0.75235856,-7.5042424,happy
-377.4277,43.896805,-24.442991,-1.9149348,-6.929686,0.47552603,-18.031034,-7.2075458,-10.983022,-15.06227,-11.0956745,-2.9686933,-7.7734118,happy
-391.66772,50.540382,-27.797194,-5.3079314,-4.2769437,4.182506,-19.880129,-7.113822,-10.059877,-17.584042,-10.786218,-0.8335674,-8.884531,happy
-650.48944,70.19714,6.7805333,13.649959,5.5938983,13.404814,-8.8595295,5.772001,-7.7939863,-8.117298,0.893146,-3.382716,-1.0170015,sad
-628.594,77.31315,6.5591493,12.851236,0.3228773,14.039378,-9.931388,5.592822,-13.277714,-10.0428915,-0.50202537,0.9986848,0.8636223,sad
-637.66895,73.86638,14.166146,16.178993,4.8461494,13.720256,-9.029245,3.7535284,-11.576624,-9.54151,0.19487436,-2.8815672,-3.3547776,sad
-645.6941,76.85908,15.359509,16.445667,-2.1409087,13.495273,-8.285694,5.4122024,-12.382337,-6.1888766,2.0813549,-2.1387846,-2.1822493,sad
-549.6969,76.24895,-6.8534317,9.939269,6.331542,13.003709,-13.456019,-1.3782586,-9.234915,-14.701338,-0.43682176,-2.7769828,-6.1216784,sad
-590.1153,85.34381,-8.786713,9.313595,6.0355673,16.448029,-14.044169,-2.2006114,-17.799042,-17.516993,0.7504395,0.36111724,-2.1902728,sad
-626.65265,66.950424,9.3114395,21.612192,3.6184292,13.681565,-6.788178,2.206592,-11.317223,-8.705804,2.5789807,-2.2305746,-3.4474185,sad
-611.62354,66.78094,3.449656,19.386967,5.769998,12.156928,-5.88949,3.9846542,-10.693566,-10.592658,0.17221501,-3.7423608,-6.8198714,sad
-553.47015,88.234634,-2.3688972,8.792579,3.029175,6.401692,-14.079582,-0.15231207,-15.495272,-12.7613,-2.7191932,-3.6386392,-0.648829,angry
-505.87006,81.6538,-12.842392,1.0868381,0.42972454,2.614168,-13.505511,0.96336675,-11.061431,-11.353541,-2.7054658,-3.3675888,-1.5594362,angry
-534.1194,78.02651,-2.25674,4.935314,-2.4330263,7.734362,-10.023837,0.6846241,-13.829264,-9.341181,-2.6267073,-1.9240074,-4.213579,angry
-529.8806,81.08531,-6.026219,5.742434,0.8521977,5.579107,-12.371506,3.1703916,-17.437128,-9.6819315,1.3312435,-4.592171,-3.9383192,angry
-387.10577,57.350224,-14.919951,-1.1047062,-0.76392245,-2.6003342,-15.092125,-2.0791073,-9.92163,-10.112857,-3.5207868,-4.5788155,-5.3045206,angry
-398.36682,61.800625,-18.434244,-3.8000762,-8.24678,-4.3279595,-15.773356,-2.7261915,-8.563694,-9.873085,-10.200603,-5.562945,-4.9734178,angry
-419.39987,52.741863,-12.726398,1.2444073,-7.3824553,-2.1719096,-14.265615,-3.152967,-8.690493,-9.774142,-9.652477,-4.720683,-5.6438646,angry
-414.0394,55.819607,-19.067305,1.8836796,-8.054758,-4.679798,-16.170132,-2.3083322,-10.847314,-9.434908,-8.544183,-5.6883974,-5.7119155,angry
-571.376,73.519936,-6.626982,5.5569487,0.11920357,12.270017,-9.628481,-3.7037132,-17.401941,-14.563513,-0.96971685,3.242291,-1.0769436,fearful
-640.56067,71.85816,3.2813218,14.148529,-1.1688437,11.712356,-4.76581,4.9452534,-12.258069,-6.307091,2.3039792,2.6720219,-0.7890297,fearful
-611.25903,62.58029,5.968865,12.238518,-2.5109706,12.6237955,-9.189692,1.2985094,-13.795719,-11.055338,-1.6835551,0.55243814,-0.53023374,fearful
-608.02515,59.844227,8.679351,13.863491,0.46856198,12.895133,-6.9407296,5.083264,-10.899532,-6.2234664,2.4504328,0.18926501,-1.7884669,fearful
-462.18417,58.300858,-17.537727,0.90795827,-3.5306091,3.059823,-16.407509,-6.9654765,-11.590751,-13.739644,-5.0656924,-2.1740773,-5.5037484,fearful
-499.41486,61.027733,-19.182016,0.74077845,-2.7776911,5.6433625,-17.922499,-3.6160502,-11.969255,-14.113431,-4.7447033,-0.956391,-3.4269276,fearful
-477.25894,55.464527,-11.763212,2.944173,-3.2857013,3.8635623,-16.97844,-3.5644438,-12.757456,-14.06837,-7.2951365,-2.6486115,-4.988352,fearful
-568.2842,68.41204,-6.4412756,8.530449,-0.6738978,5.859104,-14.383101,0.29998747,-12.10426,-12.466692,-2.6276278,-3.3786557,-5.5348086,fearful
-636.0877,85.16804,1.8340468,9.812815,3.8140528,10.5914,-9.112691,7.6494,-11.184825,-8.160668,0.8143359,-0.35297367,-2.0785844,disgust
-626.5254,94.99737,3.0830617,5.275088,3.793873,13.29705,-7.233472,2.3746293,-16.984272,-8.537978,5.124689,3.0119653,-5.97587,disgust
-607.84125,78.518005,10.916772,10.1059675,-0.4014731,12.2782,-7.5293946,3.9885874,-11.350042,-7.5806055,1.239083,3.8458402,-1.4199263,disgust
-559.569,72.53224,-8.041326,4.641993,-2.6467953,11.688649,-12.281905,4.105152,-15.934987,-6.426921,6.342727,3.5644073,-10.265973,disgust
-485.30457,74.91643,-11.972434,-1.0199047,-1.7015235,6.736183,-16.05528,-0.09810719,-18.787296,-10.812352,-3.2232974,-1.5914457,-9.335125,disgust
-466.5606,73.485405,-14.642855,-2.5740726,-0.17254889,4.354225,-16.840578,-2.6020455,-17.841452,-12.022663,-2.2144918,-2.663331,-9.036466,disgust
-515.4236,72.37723,-9.096273,-1.7219108,-3.6338012,7.4969096,-17.193258,2.647223,-21.486061,-11.457668,-0.7597918,-1.5592257,-10.737356,disgust
-476.0867,70.18886,-10.707117,-3.3511496,-10.387791,4.6795917,-19.215637,-1.4569956,-16.61834,-13.975317,-6.4380064,0.48318422,-8.370224,disgust
-570.51654,53.701954,1.3271428,9.562969,0.8598376,8.916297,-10.791361,1.0856662,-9.239048,-3.1580944,0.55675256,-1.3061165,-4.8071895,surprised
-589.026,67.63633,4.9304214,11.69105,0.29456598,8.508433,-6.898902,0.729575,-8.612042,-5.5961685,-2.1099634,0.8912978,-1.5169055,surprised
-520.56665,57.123196,-0.477673,6.28597,-3.3060648,4.8988853,-10.563694,0.20612259,-9.693843,-4.864597,-4.3381696,-0.89825743,-6.1395082,surprised
-596.6689,67.47552,11.211584,12.176373,-0.18447708,10.295311,-11.800258,1.8291708,-9.830633,-1.5661734,-1.5972703,-1.2042618,-3.9362164,surprised
-497.897,57.262745,-5.3051248,2.4611502,-2.7557511,5.4732223,-11.944717,-0.40087324,-9.003604,-9.008351,-6.6912065,-2.7575068,-3.5248737,surprised
-504.48895,55.19649,-11.310443,1.4097906,-1.6465305,-0.5098449,-12.559837,-3.8015962,-11.008413,-6.7522492,-4.2338557,-4.225988,-5.7254505,surprised
-466.98376,45.48193,-3.3368535,2.0831475,-9.271566,5.9087863,-13.520139,-2.262851,-7.104465,-7.264107,-7.666126,-2.0499134,-7.079326,surprised
-463.9473,55.791977,-4.675094,4.4859443,-7.2063923,4.994133,-12.510364,-1.9095058,-9.404054,-8.369539,-6.246583,-0.94842225,-4.934122,surprised
-758.8544,71.90479,19.165865,27.339312,8.181487,17.790678,1.2747118,9.492997,3.147951,2.6817024,1.2542042,1.4822493,2.8047476,neutral
-732.5187,76.38943,17.638344,26.667929,5.4494395,18.025307,1.0683857,10.585946,3.309341,1.4424696,-0.63250846,0.8491357,2.8457286,neutral
-739.2804,70.36791,17.302437,28.55305,9.391957,17.10453,1.5385967,8.9337435,2.297414,1.7264214,-0.45298386,2.2758436,2.7612376,neutral
-733.25635,79.312614,20.48084,33.42806,10.248781,20.7964,2.6663644,9.544006,2.682493,2.2736034,0.6557429,2.9822109,5.3194246,neutral
-768.209,72.479195,18.02152,29.731403,10.034633,21.671068,6.7402043,12.245995,6.0878534,3.5209444,2.2097752,4.1666636,6.3089046,calm
-753.7456,86.04419,19.870487,31.126114,12.524379,23.635899,7.207679,11.000593,4.222551,2.1261408,1.4994439,2.4003177,5.1807437,calm
-742.5898,77.87263,16.302908,31.207113,7.2443495,17.545584,3.6896102,9.412281,-0.23175634,0.19097428,1.3019345,1.9625459,4.9610734,calm
-753.3549,78.284836,15.46835,34.490685,8.380394,22.007301,8.406257,9.259832,4.595808,3.831504,0.44680476,2.637773,7.6279807,calm
-759.66895,81.5417,16.198223,28.417454,8.285497,23.475157,4.777773,8.465812,4.701557,2.2609782,1.885921,2.0923853,7.692547,calm
-774.5937,70.74321,8.281498,31.23466,9.911882,21.056744,6.55848,9.031161,5.864817,4.2574306,2.684318,0.2399965,6.807194,calm
-751.35645,74.12404,17.598696,32.9411,9.036399,24.251823,4.0120482,10.606648,4.4465384,3.9987247,1.1864195,3.437894,7.0952277,calm
-752.089,79.75933,16.11674,31.51675,9.46981,20.750896,4.685381,9.287197,3.576999,2.9288707,1.4672899,2.6454413,7.6168294,calm
-691.5276,67.64158,11.938578,16.43815,4.749771,13.948555,1.1265167,5.302118,-1.9748181,-0.53971195,-1.1379021,-1.7436148,1.6346164,happy
-691.32794,71.89916,14.167541,19.753836,3.7533953,16.2706,2.509738,5.5251164,-0.060414664,2.0776737,-1.9135065,1.1648685,3.2938542,happy
-685.7315,67.12879,11.678577,22.698023,3.2329319,16.0328,3.4011948,4.0362735,-0.36767498,0.98980385,-2.271305,0.6836374,2.6733751,happy
-680.117,64.21047,13.815179,22.578897,3.9125214,15.696125,-1.2008842,7.06071,-0.65351266,2.1166143,-1.9157319,-1.1438131,0.81872845,happy
-518.1816,67.13934,4.3139734,15.141035,-1.4810346,8.512429,-2.2059865,3.8421106,-1.1363127,-0.61463594,-6.5249534,-3.6665432,1.209945,happy
-514.6045,62.555244,-0.16409329,14.666086,1.1578262,9.740502,-3.0039861,2.7485201,1.1188414,0.16323678,-2.8586307,-0.61221033,1.2960459,happy
-532.39343,68.55252,-3.2168443,13.159064,-4.7356954,6.3896136,-6.5848784,1.6762503,-3.0002737,-3.8860216,-7.7787876,-5.6636777,-1.775321,happy
-534.58734,57.255585,3.9571714,13.832829,-2.3468115,5.326597,-3.008405,-0.12048284,-3.1616578,-1.9302611,-4.396206,-5.44185,-1.7616674,happy
-728.32996,70.00835,12.096616,26.873281,8.910946,20.300043,2.7989378,8.51889,3.1881168,4.2155175,-1.7485254,2.7803721,5.090331,sad
-740.29376,76.22516,17.390541,31.961319,10.291513,21.04695,2.1729908,10.960994,3.2092705,4.124545,-0.8392274,-0.21939701,5.3315825,sad
-727.67084,70.09895,16.423567,30.12283,7.419349,14.084158,2.5438063,8.4206915,1.7196255,2.980688,-1.1151,-1.5581787,2.88185,sad
-728.0648,68.76649,17.807657,28.844748,6.7409496,16.37297,2.437414,10.408105,2.4962635,3.4472132,-1.5671787,1.0027066,3.6467543,sad
-635.47363,63.993034,6.8975763,16.907991,0.07839517,9.819348,-0.16363856,3.4819324,-2.0873644,-0.17977165,-3.0077584,-3.7073565,-0.40139848,sad
-579.0722,81.82524,4.5997615,19.85055,2.241045,12.950649,-1.5788999,0.7400022,-2.3578205,-2.391623,-3.805175,-4.2085004,-0.14486463,sad
-597.0054,61.306602,3.722465,18.924969,-0.81007695,8.881651,-5.6663995,4.264951,-3.2671347,-4.861645,-5.993853,-5.11075,-4.0681047,sad
-555.52844,54.855057,4.1999674,19.728914,0.28959876,8.306349,-3.6686802,5.1586347,-5.519344,-3.1201112,-6.4236965,-5.6419034,-2.779518,sad
-570.80414,64.99627,2.8052142,17.679733,-0.6299583,10.008672,-4.04525,5.495784,0.061961878,0.21514085,-2.9295425,-1.2619102,1.9666748,angry
-611.8498,65.9326,7.326173,21.691463,1.1237137,10.333849,-0.66108,5.367178,0.27251354,1.1494321,-3.557552,-1.608097,3.6782796,angry
-566.9577,64.87337,-0.0557412,17.342953,-3.3469882,6.539287,-3.3267763,4.8000417,-2.1107717,-1.0518438,-4.365917,-4.6788044,1.7928996,angry
-563.58875,68.88383,2.2525272,20.982067,-3.2884414,8.304085,-2.9706047,4.567684,-3.48683,-1.4316785,-3.7615685,-6.4557724,2.7940562,angry
-476.8604,55.22922,-5.190891,15.66881,-2.5836658,4.870916,-6.6226087,1.381127,-0.22890197,0.25789598,-3.765286,-4.5730085,-0.32228395,angry
-407.55774,54.45603,-13.608109,13.5738,-6.770721,-0.42783812,-8.232095,0.3622618,-3.520916,-0.0037950613,-7.098348,-5.576873,-1.2700322,angry
-393.40836,57.16402,-5.2826514,15.507657,-1.7194501,2.2483084,-11.081664,3.628679,0.09609474,0.9674676,-5.5669513,-4.3821363,-0.6871108,angry
-372.38046,44.784588,-16.108162,12.324383,-9.942547,-2.0335052,-10.663689,2.761692,-3.6376016,-0.60298073,-6.8955135,-6.729144,-2.064318,angry
-682.21765,72.50126,10.495388,24.943312,2.7502697,15.018012,0.91092855,9.396455,1.2740455,3.2063186,-2.5157397,1.4255546,4.151856,fearful
-650.5551,71.148705,11.252196,24.18941,0.17565371,13.545242,-0.8255597,8.978571,2.1034904,2.7192082,-3.1302063,-0.7896443,1.3107778,fearful
-639.8367,69.84196,6.485267,20.101355,1.3025185,12.839445,-0.06037862,6.64149,-4.000487,-5.13464,-4.207615,-1.5266211,-0.16529447,fearful
-626.8488,66.11755,8.598803,18.635511,0.64586264,12.805634,-0.8650831,6.600624,-2.4932745,-2.6597872,-2.077098,-1.8546114,0.5347922,fearful
-512.7294,64.373215,-9.571567,12.608449,-2.8773801,7.5383162,-6.5301986,1.54813,-2.0637116,-4.56417,-7.9781766,-3.5056963,-0.9217748,fearful
-472.82214,53.581142,-7.775904,11.045127,-1.890745,7.6940746,-4.9109936,1.6305258,-0.9769776,-1.9669666,-5.455019,-0.7456889,-0.73622745,fearful
-462.72717,50.606747,-12.509428,9.563113,-5.0601645,5.7997503,-8.065089,1.1617408,-3.5079677,-6.5436096,-7.583008,-3.5594232,-1.8323154,fearful
-452.08484,50.328873,-10.448164,11.337684,-9.023392,5.6652822,-5.5315776,2.9118345,-4.795626,-4.235192,-7.4464116,-3.4620097,-1.5028547,fearful
-649.1862,65.535484,9.518448,23.14117,4.719982,10.930837,-1.7183034,7.820291,-0.5744995,0.044595912,-4.112142,-2.1226356,3.4710958,disgust
-621.0192,63.13957,8.43082,20.049997,5.6631594,11.390047,-4.0644774,8.196553,-0.77209,-0.9812949,-3.2626896,-2.1505773,2.4727726,disgust
-657.07434,65.92716,15.524601,20.474106,0.9697359,10.091519,-0.9571333,8.445911,-2.844802,2.8921936,-1.7736987,-2.082708,4.272558,disgust
-628.4022,71.628784,18.12577,22.606133,0.6876776,7.724906,-4.560065,8.276053,-2.570548,2.0133154,-5.076804,-3.1602116,2.518326,disgust
-583.4716,63.945915,4.80797,21.99493,3.512938,11.254563,-3.155287,8.18498,-1.1488979,0.14680973,-4.9769907,-0.8577298,4.9166393,disgust
-606.97766,73.96348,6.360736,27.191916,3.8589404,16.837132,-4.192284,10.653203,-0.5451389,1.3081303,-3.6224458,1.2863989,5.445768,disgust
-622.7744,78.39273,12.709979,24.91866,-3.6150246,10.30835,-4.9431095,9.893761,-2.595801,-1.0701951,-5.911109,-4.375165,3.0161905,disgust
-572.6427,67.05291,8.615543,20.611252,-1.1430883,7.117086,-3.8800275,6.206889,-2.2448645,-0.6360551,-3.2924423,-0.9322022,2.4547842,disgust
-704.7359,55.665096,8.526432,18.34552,-0.23844634,11.729694,0.100148305,6.772727,-1.0767462,1.1970295,-2.307468,-0.16060597,3.2865467,surprised
-664.84436,54.07535,7.8392544,13.92642,-3.8931413,8.116676,-2.015189,3.136302,-2.481886,0.10773455,-3.2373848,-2.8011482,-0.15710315,surprised
-605.7032,58.04222,4.126603,18.6121,-0.5964847,9.617891,-1.9341619,5.449337,0.59189254,-0.20220926,-5.631972,-1.7613423,1.2533011,surprised
-603.42084,63.460587,-2.5123181,13.960493,-5.738648,10.271082,-2.413992,4.424173,-4.8901863,-6.735041,-8.776105,-2.4676697,1.5158812,surprised
-618.6782,51.336807,0.84473675,13.7760725,-0.73259246,8.760256,-2.8669484,4.1627007,-3.003808,-0.70938796,-3.807003,-1.6861856,0.9125519,surprised
-527.11316,49.621777,-4.658979,14.762074,-5.5727806,5.5491385,-4.479635,1.7607231,-1.8204362,-0.24819694,-5.846453,-1.9976655,0.9735856,surprised
-571.0102,50.202183,-2.85783,15.233767,-5.576381,8.237309,-3.2185264,2.8895998,-2.794404,-0.72063327,-6.5015554,-2.8549702,0.92015445,surprised
-553.1301,43.558586,-4.590524,17.522242,-6.128591,6.788306,-4.580125,1.3852925,-1.9342749,-1.1717763,-6.341938,-2.107463,0.7319951,surprised
-708.8339,75.429184,2.318978,11.532309,3.199732,8.529489,-8.022232,3.2352843,-4.8939056,-7.322584,-6.556319,-3.1947448,-5.166245,neutral
-722.42004,76.77516,0.25772095,12.855943,2.5285304,10.758529,-7.955712,4.1667466,-5.3882613,-5.8595543,-5.7082753,-0.17370076,-4.368734,neutral
-692.4902,75.90439,2.1122992,13.222737,0.90738475,14.055507,-7.4258966,1.2569332,-7.5006456,-8.698587,-4.9581227,0.9658427,-5.4881744,neutral
-703.15576,71.299965,3.021367,16.090376,-2.5790958,13.61456,-8.11228,4.207314,-6.7119956,-7.47399,-0.7866254,-0.33709028,-5.905824,neutral
-691.65106,76.12364,0.3863448,13.250223,-0.7968721,11.390364,-8.911751,5.0593085,-4.259523,-5.5769563,-4.1232963,-3.4571269,-5.8168206,calm
-701.8375,88.787476,0.10012386,14.011082,0.91848326,12.445513,-6.926969,6.0673585,-6.958461,-6.100503,-3.3593311,-4.80974,-5.2343507,calm
-700.39966,70.46904,-0.026043046,12.896729,-1.6745088,13.46279,-9.60528,2.2119243,-7.946399,-6.753214,-5.458518,-3.2210217,-6.7395225,calm
-693.7057,67.95179,-0.38780817,13.6174135,0.73230034,11.593903,-7.825334,1.3342601,-7.548838,-7.629045,-4.371366,-3.0597057,-6.936396,calm
-709.2109,75.48191,-2.8160498,13.39944,0.8165972,9.991022,-7.3866544,3.0766103,-4.2274446,-5.44761,-5.0095153,-5.670119,-6.221265,calm
-711.04736,81.62979,4.766016,16.030996,4.864413,12.737478,-6.08885,4.1380873,-2.3983755,-5.8316975,-4.625157,-3.2499387,-4.7891803,calm
-701.5932,69.74202,2.5566492,15.458292,-4.493707,12.849492,-10.054173,4.526251,-8.399968,-6.1357117,-3.5517154,-5.489461,-6.62625,calm
-706.8333,72.367256,0.4617903,17.170359,-4.6562223,10.280715,-8.922843,3.1175752,-7.1093073,-7.0460887,-3.9600382,-5.25,-8.250252,calm
-634.9757,83.63218,-16.486906,5.4437304,2.4057446,7.374163,-11.282814,1.90379,-5.965931,-10.416774,-2.5082378,-0.12234633,-4.9426627,happy
-633.54846,85.4299,-10.514045,7.655918,2.0158033,10.284643,-10.051627,2.5019567,-2.8076982,-8.739515,-2.3354824,1.237436,-3.3787017,happy
-621.8661,65.24586,-11.991793,7.4111342,-0.5194858,7.619534,-13.272074,-0.297851,-10.450953,-12.336401,-5.1724114,-3.2451825,-8.796328,happy
-619.3244,75.79368,-11.967565,6.1189976,0.2724919,8.626915,-14.338244,-1.8716636,-8.648002,-13.241169,-4.3916287,-1.7560585,-8.2123165,happy
-493.52792,55.06227,-15.164302,-0.8972403,0.20331861,4.5822725,-12.973036,0.06342704,-1.3606892,-4.2468195,-2.6980944,2.9794242,-2.4216354,happy
-499.23,56.19915,-15.056889,1.657803,1.1090629,6.857947,-12.224187,0.3200371,-0.87820095,-4.1014204,-2.9136686,3.2919195,-2.6787436,happy
-574.6626,64.088646,-15.850733,3.1314385,-1.7499992,7.125395,-13.760668,-0.70322114,-7.2785926,-10.577116,-4.779141,0.62424654,-6.5731006,happy
-490.84058,49.75734,-21.677732,-8.1267185,-8.014036,3.20893,-20.749594,-4.329236,-7.555845,-10.2118225,-8.186279,0.015127719,-7.525017,happy
-654.4894,77.30408,-4.0832987,5.640423,0.22231366,8.601616,-10.11448,0.45647296,-7.6464577,-8.527757,-6.4510126,-2.3830173,-4.607969,sad
-641.9382,81.56063,-0.5259815,9.225303,4.056046,10.26979,-8.156503,0.7238309,-8.141051,-12.107889,-4.507112,0.4854673,-5.047546,sad
-680.7999,61.00883,1.2701501,14.231955,-0.044370968,11.020168,-3.0975714,5.9617367,-5.4588294,-8.235135,-1.9498408,-2.0286105,-4.7433696,sad
-660.8053,71.03138,-4.3198166,9.91731,-1.5432397,9.513564,-10.299267,2.76707,-10.620562,-11.835575,-5.518936,-3.1857545,-8.290751,sad
-552.9022,63.664406,-12.066323,1.5254161,-3.2258966,3.7924657,-16.36722,-2.0265262,-6.85989,-9.8166485,-7.7200165,1.2529553,-2.8513649,sad
-519.8947,60.835354,-20.85623,-6.5389533,-10.295874,0.7751961,-19.840963,-5.2140083,-10.483442,-14.694821,-6.955492,1.4908454,-5.9056244,sad
-549.86694,52.858532,-15.043639,-3.9188156,-7.1932364,0.8287492,-15.303743,-5.6959047,-9.45774,-11.704675,-9.62858,0.14783321,-4.268402,sad
-497.04245,48.981846,-17.444773,-2.8209183,-12.929659,3.2779713,-20.796005,-5.880804,-8.276211,-11.337586,-8.908095,0.3817591,-4.2822495,sad
-612.195,70.89709,-2.834483,12.857362,0.96341455,5.618651,-7.5659776,5.6870294,-1.9150604,-4.8749886,-2.7596445,-1.2486274,-2.1003,angry
-614.28076,78.30935,-3.6116793,12.051402,4.9035378,8.097507,-9.611396,5.24467,-3.811637,-4.9961343,-4.6010118,-1.9630982,-1.4781867,angry
-655.6513,67.52313,1.2115294,15.549086,-2.581603,12.275012,-8.146252,2.1148963,-6.246282,-8.89178,-2.6185634,-2.3032904,-7.4034247,angry
-636.2,62.22908,-3.2901554,10.136466,-1.7316986,7.742423,-10.05664,1.020993,-7.394131,-10.39739,-2.4464684,-1.8292198,-6.3580914,angry
-467.5924,60.114483,-7.122107,5.2939734,-3.8941424,4.52205,-9.095437,2.6549177,1.7752393,-4.8790674,-2.1616645,0.8012346,-2.233209,angry
-401.38705,51.26153,-13.474899,-2.6061218,-9.51567,3.8318388,-11.841293,3.2786193,-1.2997476,-3.8834438,-4.1248937,0.1072531,-3.6307285,angry
-490.34708,59.74647,-6.189666,6.0628242,-4.950231,6.9862866,-11.66882,2.899812,-2.2994401,-8.272705,-4.559092,0.033856943,-5.518786,angry
-443.34454,56.854424,-10.043819,-0.5422423,-12.282593,5.850629,-11.562101,0.9983831,-1.778562,-5.93136,-4.5618477,2.0896974,-0.9134164,angry
-552.2887,68.21869,-8.064596,10.55949,0.37219754,8.717837,-8.236539,0.822642,-8.751875,-6.5306616,1.0018697,0.23487648,-3.5032406,fearful
-569.85095,67.66922,-10.471859,8.100476,2.0610523,8.147166,-8.725266,0.46771288,-8.016748,-8.261861,-0.77178717,2.1533244,-3.8108332,fearful
-606.2666,63.189014,-11.997489,9.063613,-2.296099,6.7200956,-12.701521,0.33555546,-13.618792,-11.606782,-1.0407099,-1.6872288,-7.1851206,fearful
-596.18115,62.0593,-12.281594,10.210357,-5.1059675,9.019827,-14.009146,-0.29585215,-12.934438,-9.569944,-1.9122789,-0.46434724,-7.11692,fearful
-455.34348,53.560013,-16.697002,-0.08248319,-7.089504,5.9812117,-13.340648,-0.55286884,-5.3425336,-8.68628,-2.8004944,5.1185446,-1.874693,fearful
-425.49866,48.12052,-23.09628,-4.48033,-12.656036,3.470421,-14.318053,-1.7385843,-7.0042677,-10.641643,-5.832264,0.8592431,-2.3440533,fearful
-442.30905,45.546432,-16.904997,-3.612067,-13.997831,1.7156192,-15.980715,-3.7169893,-12.6091175,-13.15918,-6.6575847,-1.6987514,-6.4517217,fearful
-440.12503,46.075397,-21.30261,-5.747719,-12.697239,2.000091,-14.666952,-1.3022616,-8.89966,-11.969929,-8.272011,-1.157729,-3.559413,fearful
-645.41064,75.00698,-5.6455984,11.208323,5.1563325,7.834976,-6.709151,0.78433603,-9.7491455,-7.461309,2.192308,1.2250931,-5.925898,disgust
-642.9461,93.470764,-9.670234,12.886888,6.481733,7.974361,-7.320442,3.6812177,-9.00948,-11.249386,-2.7236862,0.85716933,-6.0820904,disgust
-661.7816,72.79921,-1.8302625,9.354646,-2.1174479,8.860427,-7.8706775,0.51344657,-11.4238205,-9.144059,-0.4995565,-0.66958845,-5.3538365,disgust
-654.50476,72.61038,-0.12953204,12.12579,-2.8337636,9.310341,-6.9137974,2.6878693,-9.142766,-7.1586633,1.3151207,0.4423736,-4.9378734,disgust
-586.676,75.49629,-14.064238,8.442436,-0.44568467,8.136446,-11.516167,-1.2745779,-12.177855,-6.54925,-0.9614642,2.7631645,-5.9963503,disgust
-546.4038,72.9331,-12.618839,-1.1598091,-7.3497577,0.18359561,-13.168865,-0.11847175,-12.8974905,-14.776369,-4.4167547,0.73887753,-8.916276,disgust
-547.4563,63.849575,-12.045344,8.263463,-3.8147695,6.573385,-14.494331,-3.0310233,-13.171044,-9.679636,0.7588344,2.8944726,-10.464361,disgust
-551.6,63.799294,-12.149488,8.131042,-7.8830743,6.7697845,-11.828072,-1.306365,-8.772338,-11.912495,-7.6369915,1.7169112,-11.210947,disgust
-651.0413,72.93923,-7.6211033,7.1601105,-1.6847365,8.074778,-11.860309,0.39400813,-7.52086,-8.410813,-2.9411094,-0.69945073,-7.849843,surprised
-621.04297,67.558655,-3.2876103,9.348312,1.0539554,8.891879,-5.7492514,0.7921203,-2.7477756,-5.1020417,-2.928237,1.9438558,-3.6252618,surprised
-641.97095,63.338978,-7.0112143,9.317674,-0.6943022,8.1079,-9.042125,1.406672,-8.183418,-8.210976,-2.7032175,-2.5492232,-6.5521445,surprised
-631.82965,63.83547,-5.925134,10.356487,-3.831637,7.765431,-11.151327,-0.13814563,-10.605638,-11.7463665,-4.866015,-3.355398,-9.010463,surprised
-586.1337,67.37062,-9.223767,5.978288,-3.056433,7.861066,-10.929953,-0.94760424,-10.415199,-7.659863,-1.5298469,0.79326326,-5.7562943,surprised
-560.0796,62.747696,-17.05057,5.0434513,-3.936124,4.6306853,-14.278303,-2.03146,-10.077669,-8.629728,-1.9414806,-0.4949833,-5.477532,surprised
-565.5392,60.67557,-4.0886292,6.4590755,-2.8199081,4.89515,-10.469533,-3.5836062,-7.9111633,-8.803016,-2.32469,1.076306,-7.749758,surprised
-586.74115,55.769215,-7.5314565,3.4976585,-9.60809,5.0431814,-12.7684965,-4.7359476,-10.63826,-10.045532,-4.943071,-0.2624696,-9.591129,surprised
-752.0955,74.34215,7.89519,9.511388,5.648328,12.030303,-0.7333286,1.5818408,-1.0220778,-2.0227282,-2.5054338,-0.13211884,2.646599,neutral
-753.37396,75.758835,9.839034,10.68764,4.9769454,11.265549,0.8313401,1.8299726,-2.2822616,-1.5628347,-2.237413,1.6300111,2.249972,neutral
-746.4887,71.78011,5.5644608,10.422284,4.2007465,12.986828,1.4725289,1.646214,-3.1401422,-4.0793667,-2.338433,0.9254926,3.735377,neutral
-735.38324,72.62126,-1.1814308,11.689086,4.2535324,10.88235,0.4463084,1.0610938,-2.5453866,-3.8680258,-4.9072804,1.5997665,3.6446865,neutral
-767.8199,96.30624,12.284285,16.002476,9.135193,16.56061,1.792268,3.5189059,-2.266263,-3.4389617,-1.2352519,0.4388023,2.2571738,calm
-760.3465,86.168915,7.410422,12.323776,6.122831,14.394656,0.4510841,3.6656313,-1.8169687,-1.5772226,-1.5608,-1.2766179,1.7647882,calm
-752.08795,78.91528,13.15616,18.344519,5.4620156,15.542674,1.9799579,4.8321347,-0.5287152,-4.004568,-0.9851118,1.6448697,2.6409879,calm
-759.9447,78.95212,7.1195893,17.171106,4.7005525,13.386535,0.3593039,3.7373445,-1.5954285,-5.837335,-1.4178734,1.2840661,1.8976717,calm
-770.6481,83.21256,8.639112,15.078211,6.1445208,16.419651,1.7734706,3.0853937,-1.919617,-3.962749,-2.1386962,1.9791359,3.8945549,calm
-742.7421,83.3902,6.9014773,9.379109,4.036463,14.052818,2.2575107,1.9008485,-0.39025575,-4.2757277,-3.1351132,-0.60407376,3.8877325,calm
-740.4508,75.06194,3.7541642,12.875745,6.78359,12.704029,0.9735839,3.1306753,-0.7665713,-7.003851,-2.4702067,1.1869296,4.016994,calm
-750.76086,78.874565,4.1671224,10.915863,6.2486687,11.752572,-0.61749977,3.0485198,0.3248396,-5.9448285,-2.9517374,0.9763064,2.432938,calm
-694.52014,76.6706,-1.8159063,7.7751255,4.8428655,12.204663,-1.8201215,0.29096624,-2.7119224,-4.325731,-4.1571617,0.6116436,3.828372,happy
-700.17847,78.88419,-1.3514948,9.293473,3.723179,12.917513,-0.24822988,-0.7911817,-2.0443597,-4.0487075,-5.058275,-0.28085437,3.9386878,happy
-693.6511,71.460754,-1.6341286,12.33967,2.698555,9.690232,1.474687,-0.36759436,-3.9417264,-4.491202,-5.0335474,-0.9266111,3.4871264,happy
-668.4759,72.63825,-5.6275096,13.632459,0.5160395,9.710215,0.9756458,-1.1413745,-8.806963,-3.7782872,-5.4789286,-3.355305,3.8373175,happy
-621.5084,75.618,-5.325118,7.1101556,6.2858176,12.78642,-0.62462074,-3.3136277,-5.6311817,-1.916511,-5.7834215,0.5065892,3.0017104,happy
-569.4323,76.60446,-7.522757,11.827303,-4.339583,9.696519,-2.843865,-5.316527,-10.664309,-1.426863,-8.058596,-4.579631,0.7261335,happy
-549.74023,55.989716,-12.765321,10.724632,-10.467363,2.3290837,-2.9252698,-5.7174463,-12.104343,-2.9469554,-7.480254,-4.9365807,-0.5823393,happy
-575.30145,61.173153,-11.60694,10.126664,-8.310213,2.0718944,-2.70339,-4.882133,-10.221014,-3.0330632,-6.5006933,-4.5874634,-0.076544374,happy
-749.798,85.68237,18.154587,20.902193,6.0137353,16.219364,1.4390076,5.1146383,-2.0210915,-0.49855775,0.57205975,1.3450211,3.3552494,sad
-759.3959,86.951866,13.116575,19.226503,5.129732,16.907377,1.2714878,1.5714417,-6.140475,-1.6146402,0.038569808,0.527018,2.238546,sad
-750.39105,80.87668,14.441536,15.772464,5.003344,15.426699,0.74602914,2.757376,-4.042686,-0.6187484,0.13711661,-0.07132662,1.7220999,sad
-741.58527,78.17808,12.876209,15.833035,3.14796,13.104959,-0.83752584,0.9124642,-5.8719473,-2.2271721,-1.6233879,-0.1319384,1.9364052,sad
-700.75476,84.1646,4.55056,13.064027,6.9362707,13.315514,-1.3873934,0.029490609,-5.8086495,-1.8513116,-2.3814397,-1.3781345,1.6678314,sad
-709.2355,74.459526,10.407193,16.993525,8.209037,12.707258,0.82146055,-0.29640839,-5.8415055,0.15233736,0.07325085,-1.4401292,1.6031853,sad
-714.13586,75.87796,16.055277,15.854089,2.0022964,13.926706,-0.50350165,3.19211,-3.3214447,-0.5808214,-2.1059637,-1.4665114,2.701386,sad
-756.87146,74.832565,17.293522,23.745298,8.652236,18.880537,1.4567176,6.5103035,-1.4267961,2.004037,-0.055397213,0.32810694,1.568725,sad
-650.2244,74.1937,-1.7698956,11.045038,4.623851,10.025935,-5.593804,2.2735739,-3.1318998,-2.3598351,-7.2273088,-0.9804281,0.09811831,angry
-607.1767,69.64046,-5.5676093,10.788411,1.2558451,7.298412,-5.241711,0.31707478,-3.4492023,-3.6468234,-6.937588,-1.033141,0.44517517,angry
-603.27124,68.39223,-4.1049185,10.763319,3.5729406,9.676021,-4.098875,-0.94583064,-2.6815264,-5.0953298,-10.768066,-1.3166013,0.7047929,angry
-588.8746,64.093506,-6.401286,9.289889,2.3853912,6.9573,-5.1069283,-1.7820326,-5.0046024,-6.4533944,-10.386215,-2.8425949,0.07917636,angry
-380.1555,38.70965,-17.30552,5.56149,-8.182484,-2.1282651,-6.9008083,-4.99253,-6.5536337,-2.8991103,-6.890148,-3.1873758,-0.977976,angry
-447.40405,54.817165,-7.3139224,11.059675,-0.63539165,6.5858607,-7.9865003,-2.8920107,-1.621812,-0.09316004,-6.2682624,0.060567345,0.4052407,angry
-429.9001,47.652134,-19.53129,7.663101,-11.761482,-0.25748646,-7.2614055,-4.602808,-8.127217,-3.098479,-9.516851,-3.4308105,-0.3416386,angry
-357.3585,37.06396,-26.635603,6.291933,-19.237795,-7.0992002,-9.533578,-5.3499146,-10.1311,-2.7288992,-8.067003,-4.6380243,-1.625093,angry
-710.88824,69.339165,6.155699,13.708727,3.6817615,12.686827,-0.6591797,-0.515108,-3.6914964,1.6447071,-3.1560102,1.1874634,1.2845808,fearful
-730.12964,65.057495,7.8500576,18.962786,4.6054425,14.304852,1.108378,3.5400734,-1.6698978,3.8268888,0.3283805,2.0433607,2.8524375,fearful
-657.45557,62.585716,4.290033,14.0428095,2.328866,12.417358,-1.7207268,0.6121462,-3.360545,0.59648937,-4.65357,-0.04478414,1.7535492,fearful
-663.2447,70.70001,4.6999946,15.1073,3.3509083,12.1759205,-0.19166535,1.5409607,-2.388156,0.94805455,-4.529077,2.6210046,4.2626824,fearful
-699.7569,65.033104,5.286937,17.045431,1.4565861,11.822034,-1.4694477,1.756168,-3.2553997,2.2144582,-3.1294124,0.34866798,1.2783468,fearful
-519.4723,47.38946,-7.656304,8.520169,-4.010078,4.595386,-6.9368114,-4.25197,-7.740158,0.6918093,-5.232281,-3.9782739,-2.356901,fearful
-521.5936,51.229965,-4.092645,9.03071,-5.701173,4.097411,-6.890765,-4.142277,-5.661804,-1.7964251,-7.949201,-3.2377098,-1.3457794,fearful
-678.6172,66.45694,4.128095,15.309054,3.832736,13.382062,-0.48011145,1.36004,-2.1894686,0.5171477,-4.59643,0.5353114,0.995392,fearful
-761.21124,81.408676,6.931586,13.737689,7.4487157,13.584228,-1.0575315,4.5994,-1.3511947,-1.9272089,-0.83550316,1.7631453,2.3660147,disgust
-767.14746,81.46546,6.044533,15.021845,6.6779313,11.25488,-2.558422,5.570777,-2.9318416,-0.74988323,-0.71307594,2.4793055,3.0517542,disgust
-747.70435,78.05218,11.174167,16.198946,5.05314,15.694272,-0.8084099,4.662673,-3.343812,0.32008764,-0.43524995,2.3116355,2.6372087,disgust
-741.175,74.186714,8.91033,16.318424,2.432359,10.946048,-2.7010202,2.0499718,-4.4867063,0.48973405,-1.8280804,-0.39348418,2.2872665,disgust
-667.6387,68.60933,5.389425,16.353907,2.4600549,11.60643,-4.552091,0.58525294,-3.900987,0.9629981,-1.7491726,0.1370039,1.5447521,disgust
-654.8556,79.63393,6.2885857,13.829747,4.540806,10.025559,-3.636409,2.1551397,-6.6590757,-2.1361442,-3.177771,0.18994974,1.0370353,disgust
-738.7881,74.97325,17.217335,15.897275,2.7305026,12.60502,-2.3651483,7.117254,-3.6039262,1.0636983,-2.6268518,1.0843678,0.8169104,disgust
-688.77496,77.54946,9.69202,11.790917,3.478482,9.365699,-2.9332025,2.4418435,-4.0233874,-0.5334516,-3.628405,-1.2990304,3.1380675,disgust
-639.1232,70.2596,-1.3261741,9.224055,-3.8641262,5.90789,-3.1789162,-1.9167271,-9.713315,-2.580618,-4.271498,-2.4569116,0.04747305,surprised
-713.73895,68.78501,-0.5483252,10.700444,-4.327046,7.450561,0.0946438,-0.56404394,-4.190354,-2.5474665,-4.7426543,-3.0885785,3.6785553,surprised
-719.00867,72.45062,-0.12927495,14.170637,-1.4032512,7.1086473,-1.1772773,-0.68688744,-5.237882,-4.5115714,-3.8586545,-2.6345806,2.5027068,surprised
-711.252,65.0442,-3.0459237,13.515722,-1.6865681,5.794517,-1.4253923,-0.65719897,-5.2576394,-3.9518485,-2.263127,-4.269534,1.5135167,surprised
-644.5278,64.56487,-4.5266943,12.617378,-1.3395929,8.43286,-3.3381913,-2.1382337,-5.568493,-0.89533484,-3.653052,-1.8895154,1.497704,surprised
-658.2409,64.98202,5.770968,12.6938925,2.819152,12.724113,0.722822,1.1001556,-5.031783,1.1176887,-1.6570041,-0.13961561,1.0730509,surprised
-606.3505,63.985786,0.5908769,11.471451,-2.9363256,10.05048,-1.5360197,-0.5114014,-7.296652,-1.3137808,-5.5626554,-0.49796867,-0.55537456,surprised
-596.48987,60.75254,1.0968419,10.348159,-2.365429,7.9867454,-2.027191,-0.11649032,-6.654691,-1.4068564,-6.2525344,-1.3481717,-2.1250374,surprised
-784.7431,52.277733,6.131366,14.390514,0.262269,2.738638,-11.140385,4.423401,-8.787228,-1.9141564,-3.3079875,-2.1420603,-0.48702726,neutral
-777.7557,53.671146,5.614629,14.474957,1.1254702,3.667881,-8.997253,4.417482,-9.755705,-0.091573164,-1.8970698,-1.3845673,-0.7691221,neutral
-765.14105,51.844822,3.9125,12.692248,-1.3999423,3.8285527,-8.389103,4.507469,-12.085243,-0.79925096,-3.326051,-1.0671655,-2.4400752,neutral
-762.94727,56.769203,3.8833485,13.072181,-3.7232723,2.3344018,-9.853498,5.2469516,-12.928979,-0.8750419,-2.575524,-3.1367457,-1.8810505,neutral
-741.97723,51.872158,1.3553998,11.463151,-2.5505354,1.9403534,-13.237915,-0.38334852,-10.5269785,-3.5549166,-3.6411884,-6.252504,-2.375358,calm
-805.89764,50.434246,2.865829,15.137083,-0.1487465,4.572341,-10.148129,3.43048,-9.754265,-1.1678054,-4.811864,-5.516477,-1.7368157,calm
-744.2637,37.92167,0.38046035,15.578995,-4.476041,3.0739894,-10.679926,1.8628056,-12.48387,-2.1643884,-4.9365077,-5.750819,-3.7500596,calm
-754.68695,45.075043,1.157356,15.802201,-2.9266703,4.2478886,-12.0712385,3.771626,-12.300541,-3.9868605,-3.633382,-6.3439527,-3.1959202,calm
-793.7185,47.604687,6.1680937,13.021605,-2.1996832,3.4003851,-9.262202,3.297968,-8.007885,-1.9330506,-2.4519749,-1.4003689,-1.0105779,calm
-799.4614,45.47828,0.8536544,15.637839,-2.2413638,5.7038136,-11.779102,2.3210196,-9.476761,-3.1025617,-4.251998,-6.326401,-1.6152791,calm
-800.91986,50.396084,6.960777,13.710007,-5.116372,4.6018615,-7.781662,3.2723086,-11.155942,-1.7970512,-3.456107,-1.9591892,-1.1315455,calm
-765.0505,49.012142,4.278963,15.899024,-4.6163177,3.953322,-11.840416,3.535985,-13.6812725,-0.9759809,-2.2391474,-5.4690223,-2.6864314,calm
-562.2397,50.41874,-20.86877,7.4069037,0.51063645,-1.4212564,-18.802832,-0.26600984,-9.523643,-9.657219,0.5332357,-6.2613945,-8.192252,happy
-571.9857,43.71309,-10.179641,2.1187007,-4.953745,0.6403619,-16.099394,-0.39015636,-9.182436,-6.3437233,-0.8934615,-4.932686,-7.201542,happy
-620.6532,42.990753,-11.990129,5.510529,-2.5727477,0.6105317,-15.819781,-4.4312334,-15.529684,-5.6307044,-1.3911349,-8.037686,-6.2260437,happy
-625.8718,39.718826,-8.870752,4.1161304,-4.180976,1.8583624,-16.037657,-1.1596191,-12.393285,-7.520563,-3.7112527,-7.036233,-7.9700327,happy
-480.1158,43.784584,-32.642303,-4.8113503,-7.5116787,-5.8416443,-22.375097,-3.3219812,-6.873304,-13.184855,-1.4204203,-3.0383654,-10.661269,happy
-492.63434,44.09988,-32.15527,-2.199273,-6.580583,-5.3015337,-20.51121,-0.9437049,-10.7751,-11.935283,0.9628795,-7.489644,-9.016652,happy
-470.3906,35.887913,-37.332798,-8.035315,-6.304792,-4.6507406,-24.319626,-4.206108,-11.0291,-14.685556,1.1383132,-5.269269,-9.587854,happy
-486.71234,31.769545,-27.611523,-5.281473,-6.3019247,-2.2651062,-23.13441,-2.8721933,-10.737165,-14.252846,-2.6564612,-6.172504,-9.044862,happy
-740.00055,59.858368,4.734866,19.31307,3.3547728,4.5176983,-10.249933,1.797056,-11.411061,-1.584962,-4.5000095,-4.4267273,-2.2304618,sad
-724.65216,55.716625,4.6216836,12.570419,-2.3908503,2.9152904,-10.98298,2.046193,-11.857315,-1.3309908,-3.3324819,-6.0525336,-3.7942739,sad
-712.2363,48.604145,-0.80552393,17.317318,-1.0035467,3.3518784,-11.279218,3.2805364,-13.935434,-2.094264,-1.0699122,-3.7842462,-2.5010855,sad
-702.1876,53.13882,4.2449684,18.424067,-1.137204,5.611201,-9.737691,2.627494,-13.522017,-1.7688135,-2.0758326,-5.17866,-1.913599,sad
-656.0705,47.953396,-8.494379,9.619265,-4.34209,-1.3159221,-11.532947,-0.1750261,-14.9651575,-4.890008,-2.6845467,-4.111731,-2.604222,sad
-699.65625,58.715607,-9.147858,10.718529,-1.0751355,0.9471877,-10.783718,-0.9351748,-11.653315,-5.556725,-2.4211805,-1.5437601,-3.5009356,sad
-643.95154,50.93908,-7.256976,6.9210095,-3.4186492,-3.5157206,-13.030897,-2.448693,-15.380572,-7.3554597,-3.8848517,-5.632603,-5.6736293,sad
-612.4762,52.518757,-16.488113,6.2435584,-1.9437561,-3.7030087,-20.615383,-1.3121789,-15.851131,-13.3435955,-1.6329156,-5.708755,-10.783426,sad
-621.2703,45.318142,-9.525034,7.8127584,-5.353625,-2.3450818,-12.254922,2.1518393,-10.855036,-3.1249313,-3.1416044,-6.1917644,-4.744223,angry
-605.04694,47.476833,-9.615088,6.7400136,-5.050027,-2.455464,-14.211086,3.2186139,-8.974826,-4.625892,-3.9941988,-3.1720202,-2.0450475,angry
-576.3299,42.46231,-12.112496,7.068585,-3.7462244,-5.2669735,-16.452454,1.9841021,-12.740789,-7.8647237,-4.742643,-5.888573,-4.21389,angry
-571.9035,41.11635,-11.14185,1.7524008,-8.361308,-5.094497,-17.753565,1.9025023,-14.487945,-7.720416,-6.8479886,-4.668683,-5.022902,angry
-412.90613,52.427887,-28.589626,-5.5563045,-9.916738,-10.55007,-20.345621,1.1806977,-10.10506,-9.804389,-4.0505366,-3.9238007,-6.970243,angry
-425.39676,45.91073,-28.6863,-5.9394946,-11.003021,-11.918348,-21.17058,1.2520868,-10.718549,-10.203408,-1.4454273,-2.0023556,-5.615315,angry
-407.61267,36.383263,-26.083984,-10.011393,-14.937064,-10.919665,-20.391617,1.4986299,-11.693726,-12.170898,-0.25242096,-3.5097537,-1.678469,angry
-441.83807,42.00844,-21.299633,-1.4298694,-11.702882,-10.373579,-18.30763,3.556864,-13.491261,-11.803978,-3.344918,-6.2167706,-7.4702644,angry
-744.66705,54.15869,-0.4014255,19.561022,3.4543912,5.84006,-9.483125,1.6419655,-12.6078825,-2.4720776,-4.3929615,-4.4929757,-4.466255,fearful
-700.01556,54.19821,-8.732887,14.826685,-3.7054548,4.1359067,-9.573526,3.9449723,-12.830865,-1.5893672,-1.7431928,-3.1772573,-3.8016117,fearful
-714.44006,46.36921,3.1328201,13.724387,-1.7752888,4.937009,-9.849574,0.7223562,-15.014275,-1.2461426,-3.6874645,-6.913563,-5.37811,fearful
-673.2973,46.399525,-5.887792,8.79814,0.3826321,3.5619724,-12.489608,-2.5247946,-17.740757,-3.269824,-1.162978,-5.7099237,-5.8532863,fearful
-460.09604,33.511303,-35.925156,-5.20702,-11.231726,-6.6704164,-18.947876,-1.939228,-10.722459,-14.385493,-0.63951707,-3.1150985,-4.969375,fearful
-447.3576,31.920568,-32.85078,-4.3399706,-7.76725,-3.0895083,-19.924347,-2.2688193,-8.117994,-13.357086,-0.5899922,-2.0019977,-7.738228,fearful
-521.87274,33.334152,-26.979877,-2.5988147,-10.838759,-5.483819,-19.880278,-2.0627491,-13.693341,-14.032293,-1.5493962,-6.734634,-13.192415,fearful
-504.58667,34.55746,-31.639624,-4.7425995,-11.167628,-6.3770566,-21.719921,-4.526497,-13.256851,-14.909799,-0.58302206,-3.2818077,-10.479443,fearful
-604.8104,46.07312,-9.138094,10.465099,-6.21108,2.960123,-12.492638,-1.2112621,-15.8136835,-4.7473145,-6.1985927,-4.510638,-3.2796273,disgust
-679.64386,52.956005,-0.861786,5.048058,-6.740587,0.6533613,-14.481859,-0.43120223,-14.223879,-4.399508,-4.549455,-5.937574,-3.5054145,disgust
-682.0326,42.182083,1.4682137,13.034567,-8.128888,5.976802,-10.374999,2.976326,-11.283821,-1.3909936,-5.1539392,-5.692413,-3.509358,disgust
-600.70386,52.258972,-2.8908954,9.503267,-7.4385085,-3.8364604,-14.707506,-0.53597987,-16.238792,-7.7469363,-6.1909113,-7.265545,-7.0271583,disgust
-546.69196,52.186043,-18.85182,7.9337087,-5.475398,-7.516504,-19.257215,-2.576894,-18.692198,-10.853339,-3.9427247,-2.3127537,-4.3128786,disgust
-625.72375,51.18145,-12.161855,10.705048,-7.2487035,-0.7429912,-13.6333065,0.36629084,-20.579227,-7.092347,-3.326124,-6.980555,-1.4041414,disgust
-613.1899,46.3615,-2.801283,13.5723505,-6.928202,1.4472076,-14.118576,-1.7538533,-14.73744,-3.670538,-4.146573,-6.181533,-3.6702318,disgust
-609.594,46.783237,-4.530296,3.7974072,-7.822949,-3.1807446,-16.811094,-0.1416131,-20.392073,-8.243179,-4.488346,-6.671552,-6.6578093,disgust
-710.78357,48.772247,-2.8655758,5.8728485,-0.8269331,-1.8468432,-11.807064,3.3284917,-12.084663,-0.6052081,-5.4879427,-3.392102,-3.908995,surprised
-697.80884,48.78155,-3.7000659,3.683173,-3.2259254,-0.070589595,-13.354688,2.8448877,-10.612618,-0.88495874,-4.6544676,-3.022302,-3.4353867,surprised
-692.70294,41.62962,-2.3324797,6.8566804,-2.8768182,0.1972056,-12.430207,-0.007364875,-13.692943,-2.2932494,-3.8554642,-5.704847,-4.8047857,surprised
-669.2542,44.0373,-3.5720663,3.5464337,-3.9340785,-1.2044445,-12.074918,-0.7777688,-12.204194,-1.5016712,-4.48546,-4.8020234,-4.6945815,surprised
-665.8939,53.69266,-1.8158028,3.3846314,-6.8851576,-1.1638924,-13.577339,5.1397104,-9.302531,-4.4185843,-5.960267,-2.2079916,-5.4512205,surprised
-627.05566,53.90377,-10.006621,0.4743414,-7.846047,-2.609977,-16.365953,0.87743264,-13.054741,-6.2783675,-3.6267107,-5.3990407,-7.4609895,surprised
-618.6074,41.66666,-6.4006567,2.471067,-7.901648,-0.47676998,-16.783922,1.1726751,-14.65372,-4.1174574,-4.919596,-5.478855,-5.976254,surprised
-625.565,37.601566,-3.6925147,8.979276,-5.6373816,1.969832,-14.028975,1.6211351,-13.249778,-2.7529829,-4.365699,-5.5982203,-5.3990145,surprised
-677.5579,87.56763,3.7571275,10.61997,7.3154707,15.397902,-4.8110642,3.847392,0.48716277,-1.2379538,-1.6548848,-1.0821203,-1.0528023,neutral
-686.42957,84.97954,4.508084,12.335822,9.649668,14.448165,-4.1140437,5.134118,3.7067735,0.8381373,0.41652536,-0.015170259,1.283954,neutral
-668.2037,86.44399,7.5614276,11.908908,7.6258826,17.007483,-2.1642387,5.715648,1.9970465,0.9149661,0.21558279,-0.5619318,0.7254582,neutral
-670.78754,85.75797,7.281554,14.447363,8.060854,16.174084,-3.6816247,6.474453,1.958257,-1.7364264,0.06213951,0.2467647,0.5733342,neutral
-695.8135,96.01543,10.699649,15.173567,7.7363544,15.4044485,-2.7497926,4.937383,2.15451,2.9831786,1.2629077,-0.028954715,0.5931699,calm
-684.0992,87.81722,4.8647213,16.20318,7.515294,14.567292,-2.81845,5.828855,-0.5176385,-0.37113842,2.2748315,-1.257131,-0.6006571,calm
-649.39923,97.48983,0.5905226,18.013607,9.372816,15.535874,-1.6589081,7.2308326,-0.93877023,-0.90601367,0.074081466,-0.89939004,-1.951909,calm
-683.1076,86.40151,6.5527635,18.81804,5.0434623,17.050781,-2.3122833,4.7285557,1.9281409,0.9747768,-0.49099302,-1.2186266,-1.9267792,calm
-687.13336,92.09869,6.993686,17.715908,5.497921,15.573485,-3.371719,4.878233,0.48406947,2.3377519,0.62431663,-0.8495807,0.4351634,calm
-672.32,90.090805,12.57522,16.303898,9.062466,14.82035,-2.4762425,6.405938,1.5816102,2.1503663,1.6588836,-0.8576836,2.3768594,calm
-654.4788,97.492455,15.237009,19.20266,11.993777,15.137392,-1.3558259,6.982752,1.9879705,0.087258495,0.35980967,-1.8940568,-1.8309197,calm
-674.44617,96.40948,5.0995135,25.444273,6.3215117,18.86428,-1.1418288,9.577474,-2.0761943,1.5441186,2.2683847,0.7602925,-1.360136,calm
-648.27765,85.328285,0.29556483,4.131665,11.61042,14.127127,-5.242032,1.3065116,0.7233337,-0.21031809,-4.078813,1.0122042,1.7930752,happy
-635.9408,84.69347,1.9740384,7.556933,10.839379,14.417019,-3.932061,4.0654078,3.045051,-0.072318956,-2.182489,1.7036526,0.9277487,happy
-634.2405,85.24586,2.5623245,5.776968,12.416353,17.288033,-2.170092,2.9315443,-1.0884633,0.28757703,-1.4908264,-0.48624,1.0356654,happy
-632.52515,85.25532,0.5474003,7.5761085,9.906102,17.834745,-4.6112432,1.2801843,-0.37314054,0.3980817,-3.609107,-0.80585444,-0.6686692,happy
-568.64,71.41573,-4.461471,15.614258,11.390991,16.42709,-1.8279918,6.030004,5.472349,3.3706324,0.30170244,6.1514206,2.443687,happy
-576.25214,83.90235,-5.613059,5.997512,13.148571,17.140965,-4.4828014,1.2255213,3.8982017,0.11723309,-4.1924887,2.5921981,3.0434952,happy
-531.8749,75.8553,-6.1832013,7.205644,9.490891,15.909352,-6.6809597,-0.1558713,1.2973057,-2.138066,-4.4094353,1.6088359,0.73366076,happy
-597.8957,78.45159,-9.4736805,7.5813127,11.11012,15.412742,-6.5347114,1.3878573,0.4539475,-0.8420353,-3.5253289,1.9842426,2.6118987,happy
-647.03296,82.19899,2.747877,12.214321,8.550998,16.845356,-6.4311213,4.508191,1.6590068,-1.7996832,-0.077676006,0.91643566,-0.16995518,sad
-700.3229,87.36529,5.7586265,18.063429,10.3722,21.971119,-2.2251093,9.085389,5.5605106,-0.92977375,3.48494,4.5132256,2.4418504,sad
-653.4483,79.19753,2.4656866,12.461809,9.531789,18.852505,-1.4367388,4.3913093,2.290503,0.6309284,1.6098331,1.7773902,1.5161047,sad
-659.3052,93.342415,5.6223407,14.552147,9.293249,22.007557,-3.9821784,7.5615234,0.2938153,-1.1329491,0.48094052,1.5249852,1.4647534,sad
-586.7413,66.81163,4.5328236,8.876018,10.360225,12.923834,0.050415684,1.8852774,3.7720685,-0.98806643,0.92430705,1.7412761,0.44976762,sad
-587.1087,66.939964,6.1320534,8.907316,8.595459,14.701175,1.047983,3.2890763,3.2952855,0.29531345,0.39257544,3.2163672,1.6025082,sad
-633.3305,77.801445,-6.7490897,9.248065,6.694603,18.06283,-6.0961585,2.6708274,1.2643389,-3.1236262,-1.0087647,2.5154207,-0.44163045,sad
-629.58057,83.7548,0.039152257,12.720496,10.273198,21.078697,0.36713308,4.730263,2.2904167,0.6786783,1.7321014,5.0680885,1.2376957,sad
-571.8957,73.54681,-2.1704488,9.121072,6.4490457,13.102034,-7.219667,3.7972584,4.0626054,-1.0693594,-2.8761282,1.5095387,0.75547403,angry
-546.35754,69.52754,-5.437875,6.8631196,1.9369245,9.940634,-10.234304,2.5252943,2.8649278,-2.3154366,-2.9930105,1.6919794,-1.8518825,angry
-579.6707,77.36847,-2.2405946,9.6343155,6.5402627,18.944317,-8.394689,5.89241,3.6849408,0.7898705,-1.3086593,1.4816147,-0.5492163,angry
-531.42365,60.825382,-8.606841,8.755382,0.54035395,10.125824,-9.970938,1.020677,2.4211254,-3.0283146,-4.7093563,2.295107,-2.1024153,angry
-505.49774,58.481285,-13.300972,4.173773,0.08166173,4.317053,-8.714861,0.9300357,-0.12538727,-3.2603893,-5.961727,0.0031460682,-2.9766898,angry
-476.62927,62.57501,-8.35138,4.968887,-0.6191651,6.05783,-11.04834,0.8309356,2.872614,-4.6068544,-5.0310693,0.26251194,-2.9356568,angry
-519.5254,62.828537,-5.587942,9.451095,5.105152,15.728414,-6.0512643,1.3745397,-1.4418281,0.026770188,-3.2519405,0.25343806,0.55581105,angry
-441.14545,49.6205,-10.523704,6.4992666,0.6552357,7.3392897,-10.8582115,0.10833903,-0.013699775,-4.7142506,-5.0038753,-2.0633705,-3.8500912,angry
-629.8919,71.58582,8.11492,15.095867,8.656446,20.35574,2.9236217,6.3015985,4.1412477,-0.017669382,3.9987879,3.7723322,2.8744833,fearful
-606.7902,73.49235,2.066479,15.99518,5.0865016,19.479918,-1.880203,3.647569,-4.368983,-2.1454203,3.706824,6.265945,0.8893049,fearful
-615.38464,69.022064,5.8673205,19.436499,4.139107,20.316048,0.18099648,6.516014,-2.638298,0.18225048,2.9052098,6.2374306,0.7955471,fearful
-579.47076,81.02226,-13.540177,20.677158,-2.284744,18.321812,-7.7498517,0.4787414,-9.032248,-7.660614,-1.736036,0.94516957,-1.5970588,fearful
-533.5133,66.688835,-4.343951,14.813295,5.7846847,17.014475,-4.6819863,4.4333916,2.3213537,0.9824343,-1.335149,3.3239696,1.1632719,fearful
-490.32684,57.02392,-8.252707,13.788847,5.498104,13.871115,-5.4278955,1.0350976,-1.1452007,-0.76192033,-3.3546681,2.231419,-0.68935204,fearful
-545.6191,66.02776,-3.6222527,14.803086,7.5416074,19.531683,-5.60969,3.3553505,0.59104437,0.44440266,-1.126384,4.2798734,-0.5033353,fearful
-520.62195,62.53065,-10.328557,8.574638,2.1996422,15.2880535,-8.298501,1.140024,-1.4798143,-4.85317,-4.3148856,3.0939062,-1.1822807,fearful
-609.4074,89.939926,0.7270125,11.671098,4.483903,19.264565,-5.8546457,0.52095175,-5.034028,-3.923336,-2.775015,1.1921182,-1.7095389,disgust
-639.4898,101.69428,-8.406315,3.4364564,6.467501,16.099438,-5.80365,3.0144856,-3.0808125,-4.2302656,0.03161299,2.4505367,2.6663969,disgust
-625.5779,94.99907,0.45157143,9.601222,5.2764544,21.247517,-2.9972386,2.3923678,-8.847795,-6.5382376,0.6429113,4.2027397,3.0961132,disgust
-579.0555,83.31342,1.3736446,11.323231,4.2871795,18.536392,-3.878218,1.9540133,-1.3358362,-3.6781797,-3.0899417,1.018926,-0.3546355,disgust
-564.73035,74.76888,-4.694415,8.817399,7.7537837,14.58252,-3.2992651,1.8546101,0.06358539,-2.5229871,-0.58901656,1.3329465,-0.8245741,disgust
-604.4865,107.34652,2.0137434,13.537381,6.740339,20.321121,-2.732044,4.889216,-1.0339944,-3.712642,-0.20683317,3.779216,4.2694,disgust
-571.69446,83.82432,0.28162625,6.6242614,5.6085334,18.245747,-2.9922593,3.4591553,-1.1993018,-3.3736107,2.2037823,1.1364754,1.4262735,disgust
-586.0335,75.668976,-0.22507556,12.634582,2.7934823,20.797981,-5.730082,5.1297884,-3.508673,-2.972696,0.58965224,4.180971,-2.7554681,disgust
-625.15735,101.541145,1.113262,6.917553,12.362641,18.573671,-3.9480324,4.2224665,1.3249797,-0.3127138,-1.08915,3.0502872,1.3810718,surprised
-608.353,75.15093,1.4117887,6.4538217,8.308875,12.260499,-3.1845121,4.089925,1.1301134,-1.7833445,-1.8923497,2.1951156,0.6113625,surprised
-631.79694,84.984344,-2.1606507,7.9216146,6.8407507,17.100754,-5.42625,3.0752249,-0.31556323,-1.7019612,-3.509197,1.9523091,1.9128257,surprised
-643.81995,83.357315,6.8099413,12.203469,8.230432,15.314878,-2.3130174,4.7085876,-1.7713121,-3.4660969,-2.0690227,2.2398705,-0.35172126,surprised
-554.7074,66.73336,1.0622506,11.307657,7.97897,15.5793085,-4.220672,5.3874826,0.64942443,0.9301146,-2.1619864,4.69722,1.9122093,surprised
-596.4751,77.7234,-1.6867199,11.058089,12.93203,19.027948,-4.4987736,4.8225446,3.2114813,1.1704743,-0.36351594,5.747397,3.8531432,surprised
-654.2307,88.34854,3.9162152,13.396237,11.881931,20.413935,-2.1019962,6.969812,0.20272128,-0.6290801,-1.4872481,2.3869908,1.5742757,surprised
-589.09875,81.5907,-0.6766961,12.046851,10.391446,19.571407,-4.8292236,2.3336754,-1.0958728,-2.1895926,-3.9404604,1.3152742,-0.83057266,surprised
-693.5733,69.53658,8.307069,12.569411,1.8204076,5.6317844,-9.4724655,-2.6315362,-6.655187,-3.8533611,-4.3746276,-1.8511716,-4.994951,neutral
-701.00214,72.10109,5.4798393,13.864512,1.0095403,6.3806534,-11.297619,-2.197811,-7.0966225,-2.520555,-3.2190912,-1.6941638,-4.56688,neutral
-663.13184,68.17052,3.68241,14.193284,-0.21097398,8.066274,-12.715483,-6.6121387,-9.278654,-3.1881666,-4.173104,0.03463262,-4.704887,neutral
-665.2718,57.933636,5.258662,13.2363825,0.6685572,6.644537,-11.583323,-4.477791,-8.907585,-3.7285652,-3.0972333,-3.3173385,-4.5043,neutral
-733.0371,70.21656,4.3042316,12.183165,-0.6695662,6.740268,-9.4434595,-3.4874313,-8.388339,-0.29842573,-2.4943273,-1.5153265,-5.5023794,calm
-677.4262,69.57674,6.553035,15.260473,2.2042477,8.82496,-12.819689,-4.0310225,-5.3883247,-2.3762112,-2.4838784,-4.487965,-5.5764155,calm
-690.68744,57.287395,8.065511,16.855116,0.46501148,8.735891,-13.024316,-4.503687,-8.185371,-2.8935618,-4.409372,-2.1193268,-6.2471304,calm
-671.11945,58.30773,4.466759,16.33403,0.37182334,7.974557,-11.2577715,-3.5403695,-9.353853,-3.274194,-1.3890244,-3.0548353,-5.4166965,calm
-674.0994,62.795067,3.5603366,9.729161,-0.023848942,4.4203014,-9.839372,-3.7491684,-8.619714,-1.4153316,-2.3824022,-2.656626,-5.49518,calm
-652.0713,75.070816,2.016463,12.191664,1.6864551,11.937418,-11.239147,-2.688396,-7.788512,-3.5277367,-1.617197,-1.7330302,-6.853225,calm
-702.7425,64.42429,4.4999013,15.070945,-2.9826694,7.1232986,-12.838118,-6.0977902,-8.640533,-2.997946,-4.8970532,-0.61504453,-6.2435017,calm
-696.0972,66.14794,7.0698543,14.015484,-3.42655,9.011341,-12.010906,-6.8540564,-8.274956,-2.6235404,-5.3353653,-1.3872105,-4.876342,calm
-616.80273,60.53386,-10.204832,4.185,2.0699544,2.8012073,-10.635051,-3.7913125,-8.914517,-5.759664,-3.4099576,-0.07002363,-6.2404394,happy
-593.4962,56.980537,-7.2371716,7.5159774,2.2314079,4.328758,-9.237195,-2.9362807,-8.243586,-3.2949524,-1.6675328,-0.73136127,-5.5131645,happy
-598.6889,55.585224,-1.423777,7.48705,1.9551677,5.5452285,-10.158369,-5.5695724,-8.577682,-4.6618266,-4.12237,-1.2116818,-5.667054,happy
-599.62506,52.722225,-5.9427567,6.202049,0.22231251,4.9414864,-10.837505,-5.6027412,-9.493516,-6.8630843,-5.04196,0.22416092,-4.553316,happy
-567.0824,57.704227,-11.601362,2.513105,-0.6057679,2.5127945,-10.712159,-4.4766755,-10.475638,-7.112624,-4.617995,0.4158807,-6.3854594,happy
-482.47052,49.874416,-15.788864,2.7263017,0.071360394,1.5727135,-13.659212,-4.679632,-6.5073504,-6.281516,-3.7363973,-0.048206706,-5.4146395,happy
-553.28174,49.693657,-11.47361,7.8105474,-2.1559625,1.4664522,-15.874313,-7.1222897,-11.199352,-6.842703,-5.6890745,-1.3729374,-8.52939,happy
-554.5332,52.558823,-7.9272623,5.60135,-0.75646085,3.4245107,-13.465367,-4.8056545,-8.31422,-6.799661,-3.5698268,1.1086127,-3.9270422,happy
-700.6365,58.502937,0.0716028,11.967087,2.6264536,3.6068227,-8.471675,-1.8477569,-12.520433,-1.4666042,-3.3290293,-2.6033375,-6.48999,sad
-699.4721,72.06032,7.2975764,10.884043,3.8731945,2.3454242,-9.802934,-5.9796715,-11.092628,-4.559789,-3.895549,-1.7496173,-6.4008,sad
-703.0358,57.28434,5.328859,11.109312,1.6600758,7.8754377,-9.224849,-3.411425,-11.640912,-2.9467003,-4.469683,-0.11886363,-6.490073,sad
-705.6631,57.349407,5.849416,13.384483,3.0264778,6.5376444,-8.087293,-6.1363263,-10.887021,-3.044695,-4.964039,-1.3908119,-6.8461847,sad
-641.3744,74.08121,-8.787225,5.2403283,4.55049,5.285519,-12.394576,-9.864649,-17.020575,-9.249639,-3.1178515,-0.3502967,-8.128353,sad
-664.18884,67.52735,-7.681971,8.997566,-0.25360844,6.194861,-10.2040615,-6.883107,-13.168694,-6.619448,-3.9612517,1.8570623,-6.377367,sad
-648.4471,62.51956,1.12784,10.305534,-0.15752451,5.5520883,-14.340539,-9.248063,-13.057719,-7.8544235,-7.9358454,-1.3084003,-7.7197065,sad
-634.4853,71.03974,-6.5669284,7.721408,-0.30542237,6.9913554,-15.028293,-12.167974,-16.926113,-4.678616,-3.3898427,-0.92398036,-9.096961,sad
-544.1135,56.60416,-5.327784,11.071868,-0.9754632,1.4010571,-10.829519,-0.04872968,-7.938132,-6.5835714,-4.7237372,1.3969225,-4.063578,angry
-513.68665,51.939465,-4.283086,7.829137,-2.169694,0.7833645,-10.925153,-0.34485406,-5.2683425,-7.898558,-7.8295484,0.617869,-3.7931798,angry
-563.28656,49.648838,-6.105738,10.458235,-5.4917345,-0.3315176,-9.9508915,-0.9074122,-10.08037,-7.562869,-8.875398,-1.2832768,-4.3651705,angry
-523.0224,51.59193,-7.600658,12.764341,-1.247192,2.6342394,-11.746138,-1.3233067,-8.60086,-8.8879,-6.967075,-0.73521113,-4.6037045,angry
-470.2107,48.589825,-8.505512,5.728758,-3.0265071,-2.5719056,-14.422111,0.16104396,-6.6395006,-8.884907,-6.19227,0.9303705,-5.094511,angry
-437.09802,43.614967,-16.250322,0.14796722,-4.1375465,-3.3201473,-14.91011,-0.6204229,-7.4736814,-12.08525,-7.4262543,1.1512308,-3.7715929,angry
-451.00687,38.712643,-16.36935,3.6345222,-4.88344,-0.94730127,-17.030104,2.0116603,-6.669933,-13.561244,-7.302331,2.7734642,-6.758627,angry
-467.17688,41.2892,-12.171492,3.8007672,-4.4440317,-1.9300921,-15.296289,0.39723453,-5.8751426,-11.244269,-6.740289,2.8042068,-5.31536,angry
-599.0252,59.32428,-5.2744236,4.3980274,1.4660529,2.264465,-11.350671,-3.8268914,-10.8015585,-8.760664,-5.855504,-0.1986056,-6.510924,fearful
-636.4804,55.530087,-2.0547636,9.373142,1.3357902,4.4300356,-7.8803725,-0.35135356,-11.072628,-5.682192,-4.967769,0.78847736,-5.5897555,fearful
-612.30835,53.503334,-2.0079331,10.402097,2.2268364,4.601609,-9.351031,-5.8819737,-11.738347,-5.585459,-2.4626203,0.5475785,-6.451239,fearful
-582.41504,53.82776,-6.217736,7.7031937,-1.535678,4.7516317,-11.035255,-6.731742,-12.881447,-9.406088,-5.0807076,0.43318984,-7.476513,fearful
-437.10773,47.720474,-25.498999,-1.1662166,-5.6191254,-1.8165745,-17.658611,-6.515475,-14.733835,-10.685083,-8.00297,-1.4002978,-10.193921,fearful
-418.49988,39.591274,-25.592108,-2.8347983,-5.6961985,-2.1065917,-18.492926,-7.5460377,-12.406196,-9.510558,-6.9370213,-1.2075871,-9.490372,fearful
-432.5458,41.63202,-28.746717,-1.899193,-6.894362,-1.0959446,-20.136286,-6.9980927,-12.867241,-14.555251,-8.496089,0.3316668,-10.029803,fearful
-423.42587,43.87132,-24.625359,-2.5527585,-8.003719,0.455268,-19.947565,-6.51398,-14.080051,-12.363243,-7.039395,0.76167184,-9.032461,fearful
-650.4923,64.39037,0.82921916,11.523897,-0.35862207,3.5913172,-6.460954,0.64066356,-12.072954,-4.1151204,-5.8277154,1.0929084,-3.342395,disgust
-635.1883,68.793945,1.0901686,9.482593,-1.9832805,2.056746,-5.975643,0.4139787,-13.032721,-5.8162165,-4.0503545,1.0776272,-4.175379,disgust
-657.4202,57.9715,1.098434,12.260184,0.96899563,2.8161948,-12.378307,-4.8745446,-9.668941,-1.1497717,-6.027021,-4.350648,-4.999123,disgust
-609.2556,59.138504,2.7715023,11.167488,1.1004584,4.964831,-7.206599,-4.531483,-7.9267855,-4.641064,-4.488956,-0.8024744,-4.859542,disgust
-620.8125,64.52452,2.70383,13.219963,-1.1197923,3.6689038,-10.509879,-2.9686399,-12.981803,-7.562493,-3.7048726,1.5335947,-4.679432,disgust
-588.10223,58.794395,0.6493012,11.139725,0.29564878,1.6682473,-10.773801,0.4792896,-11.60262,-6.5516276,-5.47385,3.0202906,-3.4129562,disgust
-600.0875,59.866695,6.064599,18.24708,-2.0502331,7.751212,-12.605536,-2.6126618,-10.890645,-7.04582,-7.5973454,2.0695343,-6.358903,disgust
-578.7062,50.90783,0.87120986,10.556559,-2.1691494,4.323413,-13.912044,-3.4247034,-8.636928,-4.835866,-7.3674707,-0.14934367,-6.3766108,disgust
-634.4156,60.700737,-4.737706,2.8596604,-0.49712372,-0.025504652,-11.302062,-6.2819915,-9.782394,-4.028159,-2.6037016,-1.5207692,-7.3608003,surprised
-592.0512,55.809,-5.4778686,3.937996,-3.6063886,-3.1764524,-12.855871,-7.3604274,-8.989612,-3.3460429,-5.7538133,-4.4114,-4.5577645,surprised
-595.9804,52.181553,-5.2190475,5.122527,-2.6709146,0.082706206,-11.780095,-5.1161866,-11.766125,-5.7771688,-4.309497,-1.6239067,-8.249356,surprised
-561.812,47.887672,-6.839162,5.1632924,-3.960181,-1.7451289,-14.383552,-8.741566,-9.332543,-2.535533,-7.774136,-5.3624763,-6.226189,surprised
-585.705,57.267277,-6.1712403,-0.7724894,-0.92451024,-2.01503,-10.335775,-5.846648,-13.503956,-4.9356446,-3.0534775,-2.328507,-7.4681964,surprised
-568.80005,58.65654,-7.1742964,2.8390567,-4.2369223,-2.8390348,-13.680382,-4.462888,-8.784939,-4.2337074,-6.444661,-3.8979118,-6.706844,surprised
-538.68353,53.07105,-7.990157,1.0590999,-5.0612955,1.435333,-16.121513,-7.4946203,-11.9467745,-6.2145114,-7.865437,-1.7555795,-9.163767,surprised
-567.8613,50.748333,-6.9963255,2.5079713,-4.6914763,0.18836884,-15.399067,-8.173095,-10.79702,-5.6569653,-7.212382,-3.596134,-8.914769,surprised
-673.91614,88.269806,12.876281,19.375847,11.144217,21.512186,1.7958342,12.669813,2.3426523,-6.4496236,0.07761824,4.3938556,2.1727216,neutral
-683.55316,82.000626,9.359661,16.47619,10.891834,18.308075,0.69569093,11.572233,4.945676,-2.7274399,0.39557275,2.7118635,3.746651,neutral
-673.39343,87.84526,9.991494,19.313725,8.371387,19.045908,-0.23117799,13.769769,3.5123284,-5.3317847,-2.3626564,3.7277365,1.3713243,neutral
-664.89935,85.49887,10.4044895,16.15825,9.546788,17.869493,1.5054276,14.3491335,3.5066981,-7.1630135,-2.1865177,4.6098228,3.225154,neutral
-683.7291,76.50976,10.311881,15.088934,8.491928,17.289288,2.6150117,10.975221,0.85034615,-1.7845162,0.4972922,2.3279526,3.0557933,calm
-673.7038,75.74704,14.209861,21.928137,9.814887,20.580538,2.128836,11.945294,2.2775927,-1.3556763,0.13576572,3.5965178,3.5989196,calm
-673.94086,82.09763,15.079516,26.19265,9.677517,20.453678,2.5075526,15.051533,2.265011,-1.7703454,1.1347078,4.5172687,0.7615438,calm
-660.83704,83.39389,12.946616,22.484018,5.933495,19.834608,0.17620212,13.600431,0.5689091,-6.4416523,0.068894036,4.8160634,2.0279253,calm
-668.5879,85.48602,8.544578,24.722446,12.152295,25.823013,2.3884137,15.745664,0.5969271,-5.0844345,3.4874063,4.440959,3.7849622,calm
-709.39166,86.02695,15.198169,24.7604,13.202328,19.772923,1.7400442,14.4118,4.3517313,-0.7054214,3.7642863,1.9561733,2.7746253,calm
-667.7769,81.94179,9.003327,29.615877,10.886153,24.02875,2.306232,11.649955,-0.74378705,-4.4765778,2.6001859,3.9252093,1.82589,calm
-717.3071,96.5808,15.095712,27.263136,9.035238,19.812435,6.1643786,16.41028,4.6010528,-2.9928052,0.04650116,5.494258,2.962291,calm
-641.5297,74.17926,8.002381,15.411942,6.4672737,17.76356,1.5485222,10.5528555,-3.2682917,-3.2038882,-1.519088,1.9887311,1.7072093,happy
-609.063,71.291046,1.2939909,11.692911,7.4890723,16.844992,-0.23018306,9.317808,-4.469477,-4.917255,-1.798684,3.9414008,4.2078657,happy
-599.8289,68.44413,-0.64706045,13.374181,4.4472733,16.63765,-4.349616,8.975375,-2.1336348,-6.522876,-3.2439883,1.3329813,1.9707795,happy
-585.7344,84.36565,-3.3986714,14.567394,3.9982781,13.606424,-0.53086704,11.342729,-8.24021,-10.847898,-2.3680549,1.4873149,2.5614324,happy
-517.683,52.902344,-0.1550846,12.55624,-1.8521786,7.113381,-5.3325605,3.2639523,-5.1055446,-1.2411928,-3.6537266,-0.77354985,1.9409362,happy
-445.4754,48.17188,-4.655594,8.833798,-2.4233584,8.435753,-3.0164437,4.7376313,-4.696232,-3.5699663,-3.6737742,-1.4297278,0.7217304,happy
-515.8526,56.727833,-8.098578,12.123941,-4.2043214,9.398642,-1.9383178,5.0814414,-8.906867,-4.5668106,-4.6470785,-0.8461584,1.677991,happy
-514.55005,50.971577,-3.2843616,10.462846,-5.1020355,9.42299,-2.3073092,4.645838,-7.077437,-4.2373877,-4.5241947,-1.3175116,-0.98259354,happy
-642.42456,83.98038,2.9511878,9.865699,6.368344,16.989672,-1.068586,12.48921,0.8636478,-7.029082,-3.3499632,3.1815412,5.893447,sad
-624.8712,81.45912,6.1796207,10.65961,5.960289,16.389734,0.2024692,11.002888,2.1326203,-5.0242915,-1.6217052,3.1817799,4.1555233,sad
-667.53394,88.07488,6.5538845,17.171213,11.285568,16.446842,-0.3103255,14.623787,3.051811,-5.7070775,-2.1317103,4.174416,0.28621635,sad
-619.4054,79.0075,1.6332839,11.618473,7.1582637,12.513793,-0.32096907,10.744376,1.4103386,-4.421927,-3.6716723,3.2392867,2.9670463,sad
-559.6899,71.13435,-1.3370802,5.4677987,5.459319,16.007963,1.7743658,7.3560038,-2.2258973,-6.6626368,-2.2035959,6.336964,6.484668,sad
-577.9634,70.66335,-2.5742662,6.970697,7.660141,13.906533,-1.6833076,5.9375997,-0.4632121,-6.8856454,-3.4720101,4.343266,3.6979005,sad
-567.8256,79.936226,-9.501813,7.21849,8.373774,13.064044,1.0359282,7.7454243,-4.975836,-10.560632,-4.5134993,4.494121,6.301492,sad
-574.4236,77.088264,-12.111908,8.536804,4.0881987,14.825943,-1.8953424,5.960662,-6.358538,-10.63752,-5.331799,4.8868484,4.7204065,sad
-666.83655,62.53264,8.672485,14.674374,7.4401984,18.991274,0.8307834,10.232109,1.0199383,1.6990038,2.7893558,2.9665866,3.1194384,angry
-625.6506,77.68839,6.3918333,15.649535,7.145759,17.115622,-0.79954284,10.7652645,1.5302438,-1.867582,3.4961736,4.1676545,2.324322,angry
-594.60455,72.60279,-2.0867827,13.542324,8.082681,16.307539,-5.571217,11.2845745,2.1029096,-5.655621,-1.6971229,3.761856,0.6511413,angry
-646.2055,73.355644,3.299726,18.931334,7.5603285,20.098171,-1.6858193,12.995597,-0.57722324,-5.2285347,1.2588867,4.2221165,0.1840555,angry
-476.84186,60.610386,-8.844462,4.91619,7.033622,10.65618,-4.163401,4.3237147,1.9951909,-3.1509438,-4.087602,1.8758668,-0.7420317,angry
-422.5755,60.301495,-14.126132,4.6262007,4.56062,9.893972,-9.930542,3.5146058,0.023560613,-5.9694943,-5.5368867,3.364352,0.08017511,angry
-490.47467,64.447296,-8.425392,7.454643,2.2632122,12.092965,-7.8334875,3.8843138,2.202237,-3.3854504,-7.722024,1.6041385,-0.5294237,angry
-470.5969,66.89417,-19.218834,7.63335,5.344477,13.217861,-8.231798,5.794859,-1.3590784,-6.6745434,-7.7395377,1.8332325,0.300682,angry
-577.30725,67.79376,3.1828809,8.651199,4.880295,18.089401,5.8142276,10.075783,-2.497818,-5.678147,-3.4443216,3.8882525,5.9088674,fearful
-556.95404,71.95226,1.205254,10.434267,4.6651554,15.885624,1.3344153,9.597681,-1.6189458,-4.1755066,-3.6598272,4.7008853,6.027417,fearful
-540.1478,81.833206,-4.0941396,9.9690275,5.0141287,18.847385,1.5512882,9.593007,-2.881739,-8.523481,-4.4592175,6.234225,7.370698,fearful
-460.46014,49.333733,-8.923924,12.084932,0.7744597,9.937576,-0.20160127,5.9058957,0.87659335,-1.6142517,-1.945149,2.9424808,2.932609,fearful
-422.79163,43.14863,-5.195187,9.439736,1.8519697,9.908107,-0.03504786,6.4778595,-1.386283,-0.7489486,-1.0186478,1.3018101,2.437946,fearful
-458.823,47.2707,-8.372229,8.616371,0.6202596,10.665261,-2.0302556,4.1361294,-1.389054,0.58194786,-2.018391,2.0395095,2.567959,fearful
-472.74112,48.40907,-7.277092,8.732543,-0.66230327,10.484187,-0.65865225,4.5863085,-2.1150548,-0.8904598,-4.0842533,2.0570455,3.4689686,fearful
-453.83295,48.729862,-13.12764,11.758018,-2.6004689,12.874213,-1.105009,5.679937,-3.917078,0.365301,-3.638521,-0.012160916,3.4523146,fearful
-630.7431,66.02335,3.7780247,15.882983,7.3673205,13.082877,-0.27647975,7.2263846,1.4592485,0.30392534,-0.38276824,3.4455974,2.0918012,disgust
-636.09564,67.20168,10.979697,17.199385,9.100975,14.1577635,1.7865019,7.292507,2.56201,0.6021755,-0.4072044,2.7944624,1.8853921,disgust
-597.3475,56.524155,5.925285,13.7801485,6.56141,13.157757,0.6349408,7.9254184,-0.16413984,-2.9352627,-1.0996438,4.0867834,1.0565525,disgust
-636.7628,76.00474,3.008643,19.400595,4.0726285,16.21105,3.231596,15.389886,1.6518772,-4.775532,-0.5635304,6.802077,2.6378758,disgust
-558.987,49.686333,2.841834,15.870418,-0.08680405,11.420198,-0.649173,3.5608206,-3.3465357,0.16675358,-1.3757256,3.2831502,-0.4619404,disgust
-567.40234,55.708935,4.0557084,14.375594,0.074168846,12.371813,-0.7693504,2.691989,-4.281221,-0.8766731,-2.5016263,3.2053342,-0.9373792,disgust
-563.11194,55.543358,-7.8536315,20.541206,-3.6355262,14.102583,2.4668894,4.67312,-4.756813,-4.1372657,-3.546801,6.165074,2.1753125,disgust
-571.3126,53.150234,4.0400653,19.802498,-0.10313324,12.582777,1.242159,5.413042,-4.2092156,-3.9590838,-2.3811824,4.072733,1.212552,disgust
-585.49945,56.989544,-2.827146,11.749994,0.46559983,12.72895,-2.207777,6.59442,-3.1979737,-2.5471997,-2.6253102,-0.50264007,0.5696579,surprised
-589.16644,59.493687,1.778286,19.554316,2.7799108,13.095903,0.54662395,10.840823,0.38527513,0.81713814,0.078319244,2.765897,2.8743663,surprised
-587.17395,58.460247,-3.6971166,21.5881,-1.4361864,11.0863495,1.1631914,9.060267,-4.816523,-4.22627,-3.6644094,1.4948052,0.1788274,surprised
-595.6538,69.483864,0.97774994,16.4533,2.107253,11.84639,2.8290741,11.741789,-2.548794,-4.1726437,-3.7016156,4.104871,3.4012651,surprised
-530.76056,51.74447,-2.1483088,18.807043,2.54728,11.871601,-1.710174,9.572876,0.13549143,3.8861043,-0.8613971,2.4640632,1.0169804,surprised
-512.9418,57.49801,-3.9760869,18.791986,-0.602881,14.378422,-0.26124135,10.177639,-1.9059131,0.85747707,-0.8192797,2.6898613,3.5348048,surprised
-473.29184,46.750793,-1.1275578,17.78164,-0.8623501,7.2577763,-2.0266457,5.540056,-0.0661024,1.6656086,-2.426845,0.75789577,1.2383876,surprised
-493.30597,48.234047,-3.0278718,18.852697,-3.5901353,9.721631,-2.7243574,6.184735,-1.8787808,2.7971716,-3.59669,0.31369627,1.5809422,surprised
-776.58417,67.14871,8.780921,14.383939,-0.13287804,10.260218,-13.132438,6.926581,-9.562615,-9.002353,-1.769607,-4.1137323,1.7367764,neutral
-764.68945,68.56538,9.405327,13.641615,-2.346594,9.777696,-12.641465,6.8331532,-9.732703,-8.624976,-0.87396294,-4.38308,0.5290722,neutral
-785.0691,59.15985,12.515004,17.763601,-4.2677794,7.6800723,-11.846793,9.54002,-7.778509,-8.979357,-2.9706116,-3.5958915,-1.0531088,neutral
-791.3226,70.86482,9.540017,12.143424,-4.176733,7.5994625,-10.357199,5.981751,-9.464372,-9.756189,-2.372332,-3.238916,1.9354327,neutral
-720.6222,61.749256,1.7936525,14.88203,-0.6545195,8.332651,-10.6930895,5.308539,-6.5430293,-9.690411,-1.8537244,-4.521874,-2.2747447,calm
-733.8371,67.95543,2.9854019,13.132647,2.8292713,9.173277,-11.106444,7.923678,-7.2644053,-8.801796,-0.5971422,-3.7836246,-0.83947504,calm
-717.7396,66.69447,7.624549,17.123014,-2.2784202,10.637121,-6.0229964,4.213785,-5.8658686,-9.819799,-0.7131906,-5.773388,-3.8169432,calm
-707.4629,61.71383,9.3125,15.514553,-2.908448,11.471708,-7.6409264,4.978368,-5.326109,-10.510428,-1.2476317,-4.4533367,-3.9483528,calm
-742.2926,63.671303,-1.4899867,17.553988,0.07339204,8.155811,-9.610529,4.993159,-4.038065,-11.5866785,-0.9956147,-4.9104724,-4.1967044,calm
-749.35004,68.83982,2.028281,20.5895,0.85629886,11.225975,-9.47981,5.449946,-3.3252885,-10.442801,-0.3407134,-4.8847094,-1.4189574,calm
-726.07166,64.04815,4.5802565,18.614588,-2.3503563,11.221674,-7.0641623,4.242719,-4.9211926,-10.81566,0.10736499,-4.1635,-2.8651361,calm
-719.27734,59.59689,5.2834754,14.971994,-4.22105,11.400226,-8.386884,5.43118,-5.619642,-10.144651,0.21841195,-4.874405,-4.1614122,calm
-650.4999,61.521507,-6.8846474,4.444444,-2.5924377,6.2441306,-10.429364,2.4675055,-8.441639,-10.932004,-3.943893,-5.586445,-5.184026,happy
-659.3728,60.433094,-11.170638,3.4961622,-1.1086313,6.5946097,-13.950198,0.04347456,-12.831551,-10.950246,-3.7233663,-0.7505852,-4.5102987,happy
-695.3707,68.06368,-4.1603146,7.9907265,0.30152473,7.6260867,-8.85144,2.442038,-9.702423,-10.936587,-3.5460851,-3.8790588,-5.238945,happy
-677.5961,59.050205,-4.0210147,9.31739,-1.8152846,6.383213,-14.391014,0.61263525,-9.757568,-10.271301,-3.7377582,-3.6654553,-5.7341204,happy
-435.63382,30.414162,-23.069134,-5.525141,-10.644697,-2.236236,-10.10989,-4.973722,-4.378268,-8.310051,-9.420911,-2.187839,-6.0112877,happy
-455.84647,39.403103,-21.99267,-2.562673,-8.548673,0.11709248,-9.3583975,-3.9050834,-5.6551013,-7.9723754,-8.638764,-1.1792076,-6.162721,happy
-492.10858,42.304478,-34.118587,-6.3505692,-8.457234,0.38978955,-15.319623,-8.202748,-10.428464,-9.581351,-10.78889,1.8977858,-5.4635987,happy
-439.20355,29.96304,-27.670982,-6.093647,-11.945277,-2.421113,-11.969351,-6.7953005,-6.816496,-9.634317,-7.370639,-0.3123255,-6.67275,happy
-679.45483,71.6397,-3.606426,4.3808627,-4.103542,7.61354,-15.080422,2.461227,-3.2541423,-12.483388,-6.603517,-4.3088555,-1.255471,sad
-692.8894,68.48083,-1.9817265,6.339781,-8.118032,5.0221915,-13.959388,5.1676135,-5.325348,-10.689814,-7.984652,-2.7584684,-1.498599,sad
-723.12286,59.119194,9.214816,13.400778,-6.966353,7.6045346,-11.728667,7.682487,-6.862984,-10.753265,-3.0503285,-4.3620205,-3.3356771,sad
-707.9209,67.27897,4.4477787,13.107912,-8.363963,7.7728405,-10.507047,4.659319,-4.9863787,-14.015734,-3.9350357,-4.7757545,-2.8165984,sad
-541.4923,53.22712,-26.561357,-5.9657993,-12.180583,-5.2539034,-15.648673,-6.9507613,-10.661845,-13.543086,-13.656574,-6.377178,0.016810484,sad
-522.0626,52.86815,-24.411467,-2.9576595,-7.61023,-3.7367947,-16.49682,-9.297041,-12.043566,-15.17613,-13.421271,-6.268383,-0.80335754,sad
-519.6918,57.609253,-19.453764,-5.1748724,-9.757169,1.2914563,-17.556606,-10.00234,-10.207295,-17.59153,-13.108753,-3.8839931,0.008614766,sad
-535.3101,57.84354,-26.71888,-1.4529507,-11.555069,0.75920206,-17.656168,-11.869724,-7.319336,-16.051098,-14.171876,-3.6005585,0.0003648546,sad
-577.52936,66.42477,-12.177218,-3.2548437,-3.844868,-1.3370513,-13.868962,0.30268502,-7.719314,-12.95057,-8.408251,-2.4692106,-0.60843873,angry
-593.33264,72.956505,-13.331355,5.087068,-7.035333,1.3338491,-13.315836,8.464623,-8.667774,-12.896172,-9.352844,-2.759902,-1.5201507,angry
-582.1395,55.954144,-8.914265,4.5497546,-6.830102,0.46325484,-11.83745,-0.0008317812,-6.441773,-12.171426,-9.026666,-4.323584,-2.9410772,angry
-604.1796,65.4558,-11.255745,2.1299593,-8.835856,1.1547768,-14.423818,1.4362597,-6.549638,-11.341844,-8.910508,-5.495027,-2.3093214,angry
-411.2887,25.658417,-33.063896,-5.1307735,-10.87821,-6.1960588,-13.299936,-1.7995654,-5.511688,-3.8884969,-9.321005,-5.120658,-3.0789878,angry
-402.09683,18.9622,-37.676174,-4.6233907,-15.928682,-5.8247766,-10.87016,0.63594013,-8.388565,-2.5667267,-8.450158,-6.9307966,-3.368162,angry
-398.92044,22.812948,-37.872807,-3.7775106,-16.375286,-6.4607654,-10.403359,-3.0548868,-6.210349,-5.109539,-7.7178035,-4.617664,-5.071691,angry
-401.084,25.331026,-38.479202,-5.0326467,-18.697584,-8.060392,-9.078775,-1.3143598,-5.6630855,-5.093983,-6.768844,-4.863029,-5.6504097,angry
-609.46,62.59998,-8.533149,-0.44424295,-10.947049,3.449654,-12.856941,0.3290355,-7.2083254,-12.405253,-6.8502617,-1.1466695,-1.4078212,fearful
-629.67053,58.680077,-10.326651,1.8927279,-8.061831,5.9002366,-11.924639,-0.31668183,-6.3780165,-8.940706,-7.952821,-5.20163,-0.3130105,fearful
-631.0056,55.563316,-3.2841804,8.9369135,-8.764602,7.746304,-10.777286,4.2413907,-5.7289805,-10.43963,-6.435547,-1.1234721,-2.2516596,fearful
-606.31006,69.51655,-7.0605993,2.7783947,-8.13037,7.1355596,-11.923903,3.6027536,-6.4216805,-14.666798,-6.205822,-0.45138156,-2.4002514,fearful
-502.31,49.06056,-26.738482,-3.0020971,-14.048622,2.0120971,-13.70061,-4.179733,-6.120668,-11.116526,-12.501085,-0.30598035,0.96538687,fearful
-493.5906,45.543186,-21.465,-2.7342434,-10.200647,0.08030242,-10.672798,-4.0195003,-5.2806716,-9.423757,-10.2353325,-1.1182361,1.0136664,fearful
-545.42725,48.67006,-19.531494,4.3400183,-13.57731,5.0383368,-12.0924835,-3.9302666,-8.256692,-11.292128,-8.646495,-0.37709016,-1.1942378,fearful
-499.33606,44.588066,-24.63372,-3.2172885,-13.303326,0.84383506,-14.332308,-6.497133,-5.798439,-12.186359,-12.486409,-2.448212,-1.0470582,fearful
-645.19604,64.790474,-0.30664185,7.6447816,-4.796847,1.9077461,-9.393701,6.542179,-8.617154,-6.758532,-7.8781,-3.8733485,1.8972477,disgust
-580.3468,60.67309,-2.850726,1.5516608,-5.002619,-0.59193724,-9.869601,3.4721246,-7.8700027,-9.810647,-8.249761,-1.4261526,0.56429964,disgust
-618.8852,65.21158,-7.1126013,5.3696322,-13.80595,6.75471,-9.835039,2.5236075,-11.782198,-8.704145,-8.247321,-2.5081186,0.4484465,disgust
-598.18866,59.422256,-1.4895415,3.5391922,-10.25005,6.200447,-10.931191,1.0275557,-10.835167,-10.086814,-7.1009903,-3.588604,0.11573598,disgust
-509.0367,37.55888,-22.583635,-2.6307678,-7.3256974,-4.155247,-14.18966,3.1269612,-10.681503,-9.903638,-10.674848,-1.890537,-1.5642178,disgust
-516.5845,41.96442,-12.288616,-1.9679471,-6.53949,-5.2233562,-12.017015,-0.004192897,-10.824507,-9.956346,-11.5578985,-3.547512,-1.7812294,disgust
-501.9472,44.17207,-11.031919,-3.310133,-10.378845,0.35534596,-15.37332,3.4113626,-11.094648,-10.508227,-7.942953,-1.5448661,-0.9805842,disgust
-485.51367,37.74955,-17.401468,-2.6193204,-11.904238,-0.47726804,-14.820769,0.696584,-9.940154,-9.774139,-8.676594,-2.1240423,-1.3969234,disgust
-694.92224,64.70917,-4.611453,10.060948,-5.2106686,6.370267,-16.677208,6.7471414,-8.16823,-13.710858,-5.171452,-7.9038744,-7.2010264,surprised
-698.1557,60.091484,6.3738103,14.979794,-5.718834,5.695845,-12.598233,7.080676,-7.1297884,-10.265816,-5.7508335,-5.3005595,-5.339964,surprised
-664.2792,52.93338,4.9292235,13.623764,-10.902978,7.573945,-12.35904,4.9124007,-4.46953,-12.72237,-5.6041183,-5.356683,-8.468152,surprised
-699.9483,54.74702,1.8782456,14.633469,-6.6950765,9.224676,-10.008347,7.0308514,-4.792551,-8.428759,-5.4231014,-5.041843,-7.0253916,surprised
-622.58813,48.524673,-8.944771,9.128386,-8.407891,7.7788987,-9.049196,8.985635,-5.4766135,-5.361671,-6.162274,-4.459288,-6.066703,surprised
-628.50574,48.4362,-4.3991995,12.62347,-10.814904,3.7285457,-10.646004,8.467681,-4.0539083,-7.635023,-8.088515,-6.217289,-6.6408134,surprised
-601.02136,44.4921,-0.47257763,12.770543,-10.8080225,5.769924,-13.748767,6.0496864,-6.4887815,-10.707225,-10.1272,-6.126526,-9.16268,surprised
-615.4061,43.64291,-6.402692,12.012578,-11.143824,5.0575676,-10.034646,9.767617,-5.3170495,-4.2675724,-7.552485,-4.358122,-6.3807197,surprised
-752.79407,92.82699,13.840122,21.28855,7.730475,12.856149,1.9424822,8.698071,-0.6363,-2.3548274,-3.3139076,-0.115121,4.0278907,neutral
-748.77057,94.283585,13.172687,23.818283,7.978391,15.245955,1.0013419,9.203763,-4.628801,-3.8384087,-5.7266774,-0.49448144,4.578367,neutral
-746.71844,84.853096,10.113579,24.941143,10.38995,16.089588,3.3290765,9.692619,-2.2739756,-1.9814483,-5.3411508,2.425751,5.5947146,neutral
-738.2863,80.14383,10.001027,23.844364,9.246031,13.425353,2.3552885,8.208501,-5.2568326,-3.7405076,-5.4776044,0.5540812,3.7995937,neutral
-788.3855,80.48802,18.790678,32.92984,10.20526,18.362106,10.092591,7.8558693,-0.21809612,1.3896163,1.4552124,0.44184855,5.335185,calm
-774.56104,87.54636,19.207731,33.024025,11.656986,20.653204,7.6573772,7.0383334,0.20865762,-0.5546276,-0.7447869,1.2421249,5.809557,calm
-764.86194,76.164406,13.825058,33.419353,11.955141,18.457256,5.193124,10.448943,0.6141888,-0.88850397,-3.864391,3.0110545,4.685579,calm
-781.6213,76.05635,16.618614,36.563427,13.83231,19.150213,8.551208,9.479683,-1.3870046,1.3777211,1.7078899,3.310108,8.559484,calm
-705.339,95.13448,9.557616,30.822731,4.349822,18.179691,3.5449526,5.143393,-4.5374937,-3.7948673,-4.628858,-6.08446,4.0801272,calm
-714.01105,89.1045,9.167523,33.6558,7.709777,22.469358,4.8020434,8.521916,0.19564313,0.87369514,-0.36326563,0.9303381,2.768107,calm
-728.72345,80.68122,8.507964,30.49712,8.558079,20.295546,5.276359,7.3371863,-4.3905873,-2.5857985,-0.30582556,3.9060674,5.113031,calm
-733.6199,89.57907,12.566668,35.432575,9.959444,21.510374,6.1459765,5.596901,-2.4240942,-2.8382728,-4.972593,-1.8723236,1.9791801,calm
-689.5386,93.82917,7.4693737,20.691269,0.20707653,12.704982,2.2462344,3.6091394,-6.5673056,-3.1764245,-4.467596,-3.5457335,8.061085,happy
-653.6959,84.608734,2.1691377,23.388176,3.6868794,12.7852545,3.6116242,8.135796,-5.0066266,-0.32523847,-1.6994511,-4.305828,6.7312994,happy
-721.0215,89.48579,12.203625,25.903587,6.27397,13.19099,9.462798,8.2741375,-4.892338,-0.3805565,-3.0976837,-1.2961875,5.652433,happy
-683.28894,87.44535,2.666404,21.167562,5.467172,10.0550585,5.652931,10.823008,-5.1258082,0.09361877,-3.6583078,0.30522028,7.69074,happy
-622.56067,77.298355,2.5113106,22.080553,-0.3855588,9.037428,-0.079089835,5.239521,-7.5224442,-2.0562723,-5.724963,-0.5403315,6.581603,happy
-543.3674,73.06883,-17.213865,8.874999,-6.897733,7.6514535,-2.8602939,0.42157683,-14.664878,-8.897484,-5.4762015,-3.5195975,3.010528,happy
-517.35767,64.50358,-9.270983,16.54292,-1.133226,9.194867,-3.045649,2.8716116,-11.887144,-5.868906,-5.4654555,-2.536951,4.2939196,happy
-629.53656,72.542595,6.043394,27.69171,3.5074592,10.616635,-0.58994323,6.363511,-4.3274713,-0.6800701,-5.1897483,-3.2654097,3.8813937,happy
-754.7105,81.55184,15.237496,26.49564,5.756159,17.70044,4.6351047,14.731714,-1.3478371,1.3447961,0.32082874,0.29758948,5.0059867,sad
-777.16144,82.7864,13.401789,26.560884,6.3370013,17.373932,6.8865714,11.744257,-3.1112,-2.3337011,2.914097,-0.7694313,4.537789,sad
-742.4854,87.74168,10.9772415,18.536736,3.9201472,15.040648,7.4695563,10.131972,-6.236155,-5.5634456,0.3436802,2.9379535,8.723259,sad
-763.4525,92.492615,15.3817005,26.738228,10.011418,15.370918,6.223761,11.426339,-2.3733747,-1.6800654,-1.1737303,0.11052193,7.285378,sad
-553.1748,58.913807,1.5594047,15.493359,5.8218102,15.029502,-0.6668266,0.9366499,-8.599382,0.6017365,-2.054886,-5.110834,-0.2641581,sad
-689.1852,82.49488,1.9106557,17.335287,6.6053143,15.966342,0.52349764,5.4782987,-8.557275,1.0963032,-3.0390768,-4.3712063,1.958783,sad
-654.1603,82.15464,5.6015015,14.446498,5.4206743,10.667193,3.8656604,-0.29223052,-9.561084,0.45232067,-2.9449153,-9.67523,-2.9461083,sad
-628.5195,83.718506,3.1425571,14.223955,8.287106,16.429182,3.9674408,1.4451123,-8.028411,3.5152133,-2.0845387,-8.508586,1.1611435,sad
-558.0512,64.939476,-6.308864,11.722993,3.860693,7.621563,-5.8366437,4.29615,-4.8432307,-1.6591263,-7.207257,-3.6034098,4.7379727,angry
-597.4674,76.551216,-2.5095222,13.164075,8.3234,10.686422,-0.4922645,2.1718168,-3.6867146,-1.5902311,-6.145914,-1.3049836,6.5132465,angry
-618.41644,56.099495,5.8077474,16.59425,5.859149,5.9914126,-1.1076963,1.7924403,-5.206154,-3.009405,-3.0623715,0.000109272616,3.627708,angry
-565.1035,65.293884,4.344042,19.718563,6.4343386,8.145812,-4.7628193,4.131821,-1.6032805,-1.7982492,-7.123181,-2.684825,4.4078865,angry
-435.13693,51.788685,-21.236313,3.9540884,-0.8001452,1.4546967,-13.7084675,-0.88845277,-5.2727914,-1.1943518,-10.051502,-3.8040376,2.949404,angry
-382.24332,59.969574,-32.373936,-4.047814,-6.247598,-6.855563,-16.80137,0.028876666,-7.47128,0.28293246,-12.097858,-3.319858,4.961324,angry
-333.37796,50.872055,-29.549711,-5.585023,-9.335829,-4.8856945,-16.105867,-2.1162014,-9.7341795,0.6610601,-10.889682,-4.561246,4.5941076,angry
-435.33838,50.19664,-23.627258,5.7190847,0.61871505,0.62833714,-15.708985,-3.1469922,-6.8110414,-2.0740478,-11.135592,-4.13401,3.6573248,angry
-641.9524,76.72192,-5.4125957,19.414806,2.659499,14.859798,-7.047138,5.52539,-10.666487,-2.3601892,-3.2466023,-3.5745661,4.055771,fearful
-676.4827,74.90651,-1.6572169,19.116383,2.4874814,16.94844,-0.2836508,2.330626,-9.0218935,-2.9490094,-0.015783804,-0.38432243,2.2624052,fearful
-645.8094,60.779633,-12.393126,22.643173,-2.5494626,11.6773205,-1.3597276,5.6581907,-15.076332,-4.9391723,-1.4228354,-1.7072805,-0.79038525,fearful
-676.1473,71.354126,5.7572823,27.666292,4.254641,15.065077,0.7567658,8.503619,-9.153605,-1.7203141,-0.587026,1.8114389,2.783647,fearful
-520.88184,70.51287,-28.24948,-1.3771325,-3.1646667,4.9607716,-9.626356,-4.5268354,-20.117947,-6.560513,-11.59042,-8.483106,5.445719,fearful
-451.27454,36.182907,-27.630154,-0.44819605,-8.6977215,-2.6687396,-14.674696,-5.5823655,-19.322618,-7.980079,-7.539689,-3.8557975,-3.3807425,fearful
-489.59122,38.795708,-21.63984,3.8336258,-11.088061,-1.7055839,-9.096064,0.43481308,-15.359306,-3.5623338,-2.475461,-3.8867097,-0.6696426,fearful
-450.98764,49.818035,-29.205908,7.111694,-8.579675,2.2917812,-8.934335,-0.24990506,-17.32422,-8.188102,-1.1245854,-2.2041395,2.0295365,fearful
-642.16455,82.81595,8.369739,24.758575,4.917645,5.711841,-3.8412418,5.3516846,-10.691513,-2.1399245,-1.8526759,-7.2691517,3.0829308,disgust
-636.9187,85.8544,6.36412,13.548305,-1.4649141,7.2526093,-3.8401034,7.5926595,-14.677294,-4.091826,-2.0365944,-2.9786456,1.5803833,disgust
-635.88336,76.80676,3.8215244,23.764057,-0.52497274,9.931178,-1.1734569,5.9782515,-11.9111395,-3.2042148,-1.9957689,-0.31311733,3.3164823,disgust
-636.27423,63.736736,-1.9936022,18.77451,-4.165905,2.8574526,-4.3775597,4.843396,-13.564891,-3.0619419,-3.5297499,-4.571965,2.4632807,disgust
-568.23346,56.58485,-2.3884976,18.491722,-1.2053916,5.9400096,-4.4571896,2.4333441,-9.257548,-6.9428277,-5.8270273,-8.265619,-1.9142797,disgust
-490.2048,50.333805,-18.54089,14.203276,-5.7726073,0.56833273,-11.674704,2.123715,-13.284012,-3.700049,-6.1013875,-7.4344006,-1.1951278,disgust
-452.16623,35.14191,-23.503103,24.011532,-15.855396,-6.781456,-8.151766,2.843145,-14.555912,-7.5235972,-3.4244423,-4.214543,-2.249654,disgust
-487.29718,58.428097,-5.079902,19.668095,0.7257631,11.126463,-9.248844,7.09296,-5.965405,-0.43378678,-6.419025,-2.9487631,3.7218237,disgust
-695.03546,89.54068,9.15577,22.483864,5.0720544,14.256648,0.13466094,7.8399773,-6.676374,-4.2083144,-4.5125055,-3.7135503,2.5624378,surprised
-686.7554,94.88566,7.029076,12.993558,0.7228399,7.540717,-0.9097409,4.607909,-8.476825,-5.3709164,-2.0541499,-6.5220566,2.9095173,surprised
-697.3357,94.45922,2.9619408,30.520607,6.5406036,10.638836,-2.7036412,8.679976,-4.8072352,-5.089751,1.4945505,1.6448172,2.9423742,surprised
-774.60785,76.40628,13.699202,24.771713,7.8715277,10.201298,1.1395173,9.480952,-0.32974857,-1.6415406,-2.0264697,0.48728445,5.3404536,surprised
-608.0709,78.621056,-0.21126534,18.836021,-0.6195723,10.042688,-3.7115862,3.3080144,-9.152447,-7.688473,-2.0705683,-6.6877217,-0.74494994,surprised
-599.5573,73.550186,-5.173158,16.511961,1.6631587,12.70854,-5.071184,2.7706099,-12.564417,-7.2925134,-6.361124,-3.471531,2.4735992,surprised
-635.995,83.34726,3.4976068,19.47724,4.0697722,10.226214,-4.1053867,5.37065,-5.1485243,-3.5015788,0.2653392,-1.136248,2.6569967,surprised
-696.1875,72.68891,6.99372,24.897886,2.908151,9.816712,1.0068107,9.548923,-5.151385,-1.49966,0.88418174,-2.9453695,4.41745,surprised
-753.01434,54.917286,-8.304626,10.233337,-1.6515218,2.1753933,-11.139573,0.36381263,-10.149351,-5.9359107,-2.9854677,-3.9582968,-2.3144464,neutral
-730.7835,56.75626,-12.5367365,10.968934,-1.9580789,1.96696,-13.763713,0.017719736,-9.321493,-7.345358,-3.0561295,-3.2825348,-5.018789,neutral
-745.69836,53.83832,-3.770981,11.012442,-2.2976384,3.439384,-10.863487,0.86690736,-9.964824,-5.620054,-2.4573352,-3.1111033,-3.7628179,neutral
-732.2666,51.451668,-8.581237,11.2424965,-3.3646975,3.6419754,-13.261434,0.28529537,-11.349353,-6.3505616,-2.4333684,-3.6046143,-4.5742106,neutral
-818.6541,54.58804,-8.855901,12.798459,0.59703517,4.5523486,-11.999045,-0.9807172,-10.778258,-6.4238167,-2.021997,-5.9669466,-1.4940665,calm
-823.37415,52.18623,-10.142682,10.648246,-2.611457,3.280815,-9.381936,-2.116173,-9.196388,-7.7184644,-2.7434697,-5.867174,-2.1640804,calm
-840.60065,49.438396,-1.6757656,15.480057,-3.066563,7.4091725,-6.14605,0.9112464,-8.646751,-6.3229628,-4.0957713,-3.9829187,-3.1423151,calm
-814.472,52.883774,-3.7648044,16.831594,-3.9487944,7.8574486,-9.551528,0.5858818,-8.976347,-6.7989573,-0.8824806,-5.614718,-1.246974,calm
-848.1974,58.638943,-3.7917662,11.980078,1.5994995,4.4407105,-8.278629,-1.8525989,-8.652187,-5.8538036,-2.2817152,-5.455067,-3.6883821,calm
-848.269,58.99201,-5.4046607,14.093776,5.144245,6.211785,-7.5388145,0.5617615,-6.780009,-7.4047666,-1.0537473,-4.682241,-1.9251353,calm
-840.587,59.326096,-3.030983,16.466022,-1.0631169,7.79771,-9.016523,0.17668487,-9.699053,-7.062033,-0.13092425,-2.69937,-1.3831227,calm
-873.2423,47.49095,-4.1082325,15.002878,-1.6197699,4.225445,-7.8070617,0.67397237,-8.472163,-7.2482185,-3.1789799,-4.196705,-2.7426777,calm
-595.36053,53.898674,-14.657289,4.079139,-2.300215,-0.9895491,-14.506567,-2.5397744,-9.126775,-13.126265,-4.5705442,-5.004628,-8.157405,happy
-658.98737,57.7808,-15.421014,7.043191,-5.502955,-0.09134244,-15.610534,-1.1280609,-10.829281,-11.008883,-2.9166453,-7.6213884,-6.8685484,happy
-665.86804,60.922413,-7.8168902,15.1571665,0.42914137,3.9855695,-8.724277,-0.5065357,-10.584974,-9.008353,-4.0078254,-6.305463,-7.4837937,happy
-701.2096,51.621227,-17.159756,5.7558756,-8.519155,3.1141002,-13.370895,-2.3960047,-11.172315,-12.694246,-3.6686478,-6.6275377,-6.6731644,happy
-557.93243,52.81717,-30.490772,-5.739125,-8.47847,-8.446119,-19.983122,-5.639327,-11.734632,-14.093818,-6.109115,-3.0728095,-9.939729,happy
-520.1623,63.045876,-38.493347,-2.7349515,-10.855653,-5.4346457,-22.02048,-5.6394944,-12.053558,-17.709774,-4.857716,-6.309401,-12.519988,happy
-497.91278,43.589058,-26.594019,-3.3010385,-8.18717,-7.3591514,-17.114447,-7.5810094,-14.437506,-11.308444,-4.5763674,-3.0049222,-3.1286063,happy
-451.6976,33.00361,-31.087868,-9.28182,-17.63661,-8.280524,-19.200193,-9.28755,-11.010072,-13.475285,-2.4997864,0.5580267,2.015046,happy
-781.4377,65.72154,-14.2793665,14.6308565,-1.9612501,4.6912613,-9.679202,2.9728343,-16.032162,-9.741715,-2.4161258,-5.314356,-4.3356957,sad
-863.6392,56.917854,-3.45632,11.713878,2.8443792,4.2767944,-2.3578594,0.683348,-9.397497,-4.692305,-4.538089,-3.31589,-2.4600444,sad
-829.12885,51.820835,-2.2729769,12.78214,-0.6308414,5.8214145,-4.216399,4.6770687,-11.263784,-6.3274527,-2.1743226,-1.5786219,-2.8676946,sad
-826.80133,61.33816,-4.784447,15.5404625,2.0006588,7.792152,-1.2634206,3.9589689,-11.875425,-9.168425,-4.6280518,-1.2449272,-0.78973144,sad
-699.6219,61.925816,-9.843607,5.0883446,2.7215335,2.1269941,-13.940454,-7.5626764,-9.591365,-14.608024,-5.8146057,-4.1997395,-6.8381457,sad
-522.64044,51.505016,-29.94377,-5.666643,-8.850276,-3.1306043,-23.63224,-10.781091,-9.714713,-21.439531,-14.4464855,-2.348407,-10.024679,sad
-735.0926,51.483162,-4.4507627,8.33326,-4.127596,2.7216942,-11.042992,-6.9362416,-10.730994,-13.841309,-6.706721,-3.0326307,-7.7717595,sad
-550.45953,49.983337,-27.499136,-2.427308,-9.932304,-4.0416093,-23.560486,-11.636764,-11.473482,-18.40225,-16.424019,-3.4789882,-4.671769,sad
-747.6314,52.891716,-4.180786,11.691941,-3.4282029,3.4137092,-6.4345307,0.22758198,-7.80784,-7.4273105,-3.1882942,-6.8817163,-4.050827,angry
-595.6473,46.199554,-13.741197,4.2887473,-10.609288,-1.1654965,-10.099291,-1.5633371,-7.375106,-10.405723,-5.1999736,-6.2802753,-5.79413,angry
-662.8063,53.951828,-18.076538,8.747986,-4.007865,-0.00025086335,-12.404879,-2.135167,-13.3328085,-9.214782,-4.595155,-3.8976233,-3.9941704,angry
-549.0992,57.285984,-25.187227,2.1913857,-11.901295,-1.108306,-17.173405,-5.254576,-11.706978,-12.933358,-4.9188724,-6.243893,-4.4416556,angry
-461.56403,58.03665,-21.083332,15.2898,-3.2107317,-1.9831603,-14.861038,1.4998226,-11.479174,-9.705467,-3.5911539,-5.9589515,-6.368765,angry
-387.36707,43.635365,-27.829414,-2.9361362,-16.62569,-8.808377,-21.672407,-3.7753162,-9.805802,-10.551475,-3.378014,-3.3883297,-3.5249786,angry
-355.20377,37.438984,-22.085077,-6.2234907,-16.082157,-5.2786603,-18.333105,-3.2804697,-7.4402833,-8.63948,-4.1789265,-5.4347796,-3.501774,angry
-491.55704,37.130947,-14.195751,7.8988304,-2.4059348,-3.261712,-9.313029,-0.878637,-12.417548,-8.419578,-5.78886,-6.6919146,-6.1757092,angry
-743.6188,42.45057,-8.277298,7.0143433,-1.8678924,-1.0172274,-9.626599,-4.5544467,-7.892673,-7.5341415,-1.5218205,-4.238689,-6.18262,fearful
-746.5089,43.637203,-10.270215,6.827247,-3.9282422,0.6471488,-11.98194,-4.5196204,-9.142078,-9.131348,-0.20390739,-5.3544173,-7.915498,fearful
-769.32874,38.486492,-6.8537564,12.7571945,-2.127409,5.5453568,-7.995834,-2.2975135,-14.598733,-4.8992314,0.079553366,-3.115549,-5.331809,fearful
-792.9522,57.668556,-7.576886,16.819056,-0.99100655,4.578677,-10.015674,-3.9076152,-15.848132,-9.174617,-1.3685639,-3.646493,-7.255128,fearful
-383.44806,51.788807,-32.859566,-7.3265095,-12.185316,-5.74948,-17.667572,-3.089412,-11.728675,-10.756276,-0.07433676,-1.5322248,-6.4866853,fearful
-355.47827,57.434917,-43.756554,-4.8047605,-21.321007,-9.761464,-18.201544,-4.9649653,-12.490133,-17.506252,-0.478477,1.1858494,-7.8136225,fearful
-388.61932,37.003063,-29.311163,-15.114929,-19.728373,-5.785509,-21.606178,-5.9291053,-10.992545,-6.9784684,-1.8928287,0.82467514,-0.6913714,fearful
-361.18896,27.845062,-24.417683,-5.8142385,-16.108303,-6.1196904,-15.578501,-6.3619723,-9.919807,-11.709809,-0.93006223,3.3356032,2.407822,fearful
-675.885,56.92987,-7.732256,7.505897,-7.3021317,3.2451286,-13.362057,0.42228425,-10.99242,-6.9730644,-4.9191046,-3.1382444,-3.7033994,disgust
-714.358,72.247696,-3.8086672,7.487391,-5.362573,6.9265475,-13.889936,-0.51155436,-11.692696,-0.79756063,-0.9571534,-1.9280672,-3.4378147,disgust
-734.43134,54.31177,1.3411386,12.54481,-8.250696,6.9333467,-10.011933,1.0732641,-13.27999,-4.082447,-3.898822,-4.5131807,-5.2662926,disgust
-708.07794,50.66046,-0.22071703,13.301193,-8.692361,8.44087,-12.917727,-1.4035361,-15.367788,-3.5271742,-5.3918567,-3.5640283,-6.868892,disgust
-671.78217,50.70359,-5.8298535,12.161357,-8.373692,2.7778404,-12.400687,0.22669184,-8.616441,-8.038242,-7.6951504,-2.845064,-3.1255085,disgust
-629.61597,41.29935,-9.099054,5.5263367,-6.7881913,1.2442672,-12.171976,-2.007286,-8.043741,-6.573359,-4.744956,-5.30676,-4.428361,disgust
-577.5546,31.037722,-8.8449335,3.3683996,-16.129536,-0.5480312,-13.224456,-6.7411494,-11.372066,-9.587445,-6.9921446,-2.9903595,-5.8867044,disgust
-567.80334,54.74064,-14.658242,6.7561164,-18.906065,0.6778689,-14.126146,0.031227302,-12.362721,-11.296851,-8.187755,-4.09067,-4.5274925,disgust
-675.50146,51.637356,-15.045032,2.7866333,-1.3527607,0.6398403,-11.095136,-0.88430643,-13.246498,-8.967825,-3.6656904,-4.3055215,-6.324732,surprised
-612.81696,58.136963,-15.066643,4.7876463,-4.8134713,0.7532782,-13.830415,-1.4770788,-10.007581,-8.163968,-5.3514395,-5.470542,-5.4031744,surprised
-717.3812,51.189217,-10.805838,6.456191,-5.17845,3.5753567,-7.8627234,-0.52673006,-13.204646,-7.0598483,-3.648671,-3.3496108,-5.2239037,surprised
-703.6359,57.355385,-14.369708,5.223923,-2.7216642,-0.35901785,-10.713078,-0.749667,-14.1529665,-8.226538,-1.0936744,-5.3185587,-5.4222693,surprised
-527.27814,56.267395,-24.903807,2.0987084,-8.145054,-2.9493089,-17.689379,-1.0354322,-13.587098,-10.085804,-5.526654,-4.4095073,-8.090686,surprised
-693.9787,59.103443,-14.176633,2.787227,-5.7837863,-1.4151787,-13.230183,0.056114372,-14.062324,-9.03488,-5.75593,-5.7742777,-6.4678664,surprised
-532.54065,63.206,-31.056423,5.510371,-8.487681,3.215446,-16.63758,1.5776985,-16.210207,-15.472166,-9.140266,-2.590596,-11.015903,surprised
-615.78674,53.243088,-18.665054,4.90229,-5.0748167,2.7177367,-12.459075,0.46543497,-15.718543,-9.00968,-2.625159,-3.3661423,-7.5670457,surprised
-625.9124,77.416275,10.293317,11.364496,7.873705,13.188769,-8.483958,4.9011307,0.79378456,-4.9484944,-4.851121,-0.7333062,1.7137856,neutral
-636.8203,82.71262,14.480187,15.694304,10.175739,12.973734,-5.750061,6.175653,0.86277217,-5.6335373,-3.6741257,-0.057745393,2.3700402,neutral
-639.174,82.665886,8.42459,13.437811,7.239353,13.008188,-5.730598,5.096093,-0.6625722,-6.499319,-5.6319113,-0.7061517,1.1822314,neutral
-648.77716,81.550735,8.514516,12.44976,7.86003,14.682076,-3.1039953,4.023337,-1.4574728,-6.3142767,-4.5384803,0.2618412,1.1791816,neutral
-664.46844,86.81846,14.738372,16.534563,8.812848,16.622524,-4.91224,6.0436254,-1.5783948,-4.0492225,-2.1370885,0.091702186,3.0136397,calm
-641.7172,90.89462,10.229212,13.374674,8.747333,15.625737,-7.469733,2.661899,-0.33379048,-6.5001807,-2.6911926,-0.25181645,1.585249,calm
-668.52527,85.19064,17.277266,21.915611,10.794418,19.859766,-2.7477596,9.821264,-0.077596374,-3.184524,0.052712236,0.91504335,3.1948888,calm
-665.7127,94.798676,13.105617,21.403505,11.991526,20.901585,-2.2884169,5.27722,-1.9985662,-3.7327478,0.03122875,1.5975351,2.7973583,calm
-648.2008,88.65393,3.8540828,18.683939,10.469302,17.142677,-6.1051025,6.642647,-3.6502275,-3.9732053,-1.0573767,1.1016378,3.3908343,calm
-628.7844,91.57647,2.6896033,14.668294,11.216597,14.878981,-6.612028,4.697083,-4.2119646,-7.2890644,-3.0641985,0.03147024,3.0983493,calm
-621.4217,85.623146,7.1625423,14.328388,10.574206,19.92952,-9.537478,6.5271907,-2.9023979,-7.529663,-3.3912458,0.42843226,2.7783146,calm
-641.4544,94.33523,2.2067263,15.261353,8.908536,19.352638,-7.359502,5.7029085,-6.643128,-6.1280556,-2.6215684,-0.33734637,0.71810186,calm
-613.1665,79.949554,3.2805834,9.276792,8.4381695,12.0814495,-8.131537,1.742999,-1.8364904,-5.8814616,-5.6228433,0.57778347,-0.52941215,happy
-600.9882,81.75661,0.18038675,7.995958,10.266257,15.838974,-8.378905,1.3350807,-0.21069352,-5.318373,-5.9303083,1.0952421,1.5488174,happy
-575.9889,82.357635,-3.4429278,7.4506106,11.775027,12.833207,-9.18045,0.9027712,-4.400044,-7.95797,-6.9856586,0.7236929,-1.5437622,happy
-606.38983,82.72842,-0.968339,8.95646,6.7520957,12.67962,-6.4221373,0.82861626,-5.3387685,-6.827598,-4.832495,-0.48107877,-0.046347216,happy
-506.64594,74.190414,-10.375495,2.9197772,8.257593,8.889101,-12.12696,-2.5246034,-1.5995095,-6.974895,-10.457637,-1.3787519,-0.28853458,happy
-527.3722,72.43521,-12.256225,3.503888,6.7742043,10.808753,-10.59567,-3.3689525,0.60855615,-7.3038673,-10.62133,-0.4436088,-0.3204376,happy
-532.1059,75.85605,-3.0543666,4.4442496,6.8761973,10.652038,-10.580307,-2.0720296,-4.2409306,-6.6110835,-8.944993,0.63242835,-0.5230572,happy
-490.31146,70.95855,-8.82344,3.4780138,6.7720923,7.298234,-11.671516,-3.180483,-3.0030153,-7.145251,-11.019262,-1.6654477,-0.3327629,happy
-690.59326,83.641594,5.5532336,18.508171,8.995994,15.054207,-7.89164,8.149053,-0.87060946,-6.84864,-4.507333,-2.4302564,-0.15790907,sad
-686.30804,86.9966,6.2427564,19.721575,9.41089,13.729199,-7.1705127,8.836269,-1.0135272,-5.9257936,-1.7483164,-2.3682113,-0.7596206,sad
-650.389,79.628,4.459096,18.310976,8.652278,13.244897,-6.105599,8.866324,-2.790128,-7.1830506,-3.541791,0.51898617,0.79435796,sad
-676.2164,82.72106,2.641892,17.79517,9.1214285,15.174008,-6.4830995,8.8279505,-1.7162236,-5.9401774,-5.1082363,-0.6190224,-0.41205344,sad
-550.9282,85.21536,-11.63859,4.9630647,8.053914,15.186555,-8.188183,-11.930827,-4.340138,-5.3054175,-17.051992,-7.489319,3.9165494,sad
-551.14886,79.70029,-9.186999,4.9539833,7.107404,14.205877,-7.6287003,-11.831109,-5.358673,-7.557809,-16.627752,-6.0477643,4.6934843,sad
-576.34045,81.46463,-4.9205823,7.755494,10.993713,15.704956,-9.740493,-5.324623,-0.9828893,-11.599356,-12.219512,-2.4162712,0.86837983,sad
-595.16486,87.50039,-7.763284,9.406066,8.883636,17.66455,-7.8377614,-6.2187643,-1.274316,-8.385517,-12.355458,-3.4568892,3.0609453,sad
-475.29608,72.55443,-15.413278,7.009411,7.358938,10.749163,-12.728761,-2.4639666,0.02274228,-9.99745,-12.449623,0.14193404,0.60652095,angry
-489.52805,73.92799,-12.970003,7.021276,7.991067,12.624577,-12.2606735,-1.2282957,1.1619091,-9.3125925,-12.188603,0.01497082,0.41978115,angry
-444.77933,63.140446,-10.677057,8.255427,5.7452264,8.80736,-11.652422,-2.321948,0.33148482,-8.946356,-10.921576,-2.9592395,-0.009134662,angry
-480.47702,69.99519,-13.003668,9.114497,7.0010505,11.727306,-12.601887,-1.1096697,-0.10519739,-9.869279,-12.565728,0.045138713,0.413072,angry
-382.97934,66.60858,-17.706032,1.7126262,4.9085994,9.020983,-13.56261,-7.1522417,0.25452963,-7.342922,-10.889815,-0.44945768,0.53663146,angry
-402.70172,68.49836,-22.379478,0.0013340542,3.6759188,10.752214,-12.802112,-4.8211474,-4.8473196,-7.5523496,-12.410705,-0.40440428,0.7648243,angry
-417.44418,60.577873,-15.396584,4.364392,3.2778068,8.420803,-12.211696,-3.7630906,-1.576114,-11.2384,-11.355139,-1.6215037,-0.822097,angry
-394.30966,58.839634,-19.951683,3.4690049,3.1986198,8.317451,-14.012962,-5.4904985,-2.5688334,-9.329293,-11.5176325,-2.2782633,-0.80413955,angry
-597.7213,81.57759,-2.2886782,11.337332,9.961904,12.678176,-7.9881015,3.193784,-1.5666226,-7.654693,-6.9705653,0.34368643,1.9583344,fearful
-605.31244,78.914925,-3.1258786,9.58342,7.9324656,12.383397,-9.771394,3.0098987,-2.5242326,-6.6304345,-6.937341,0.20522347,0.98130584,fearful
-605.5425,71.94467,-1.6720749,12.170442,5.3728485,16.08185,-7.040884,5.336703,-2.3711987,-6.0204115,-4.488046,0.686382,1.2253022,fearful
-612.5071,68.84904,4.1818542,11.881519,6.2485657,10.826619,-4.7189765,4.922271,-0.8427947,-6.970412,-4.487223,-0.597252,-0.8663763,fearful
-526.4833,71.98238,-14.949861,7.9136176,4.9612656,12.558085,-10.181504,-2.670351,-2.3048894,-7.1402335,-8.538376,-0.3031613,2.0456247,fearful
-528.0351,74.394394,-13.838411,8.654823,3.8275912,12.350808,-9.247615,-2.9921126,-2.8087819,-5.7093263,-9.668952,-2.2680817,2.0880806,fearful
-510.89227,73.67175,-7.9380054,7.7646666,5.8979163,12.57178,-8.398145,-0.97009116,-2.6847966,-8.092548,-9.162244,-2.6033394,-0.06153003,fearful
-522.7564,67.2421,-4.0782895,8.533292,5.061265,13.714884,-8.086922,-0.22607547,-1.7379422,-5.606011,-7.7135077,-1.9233316,-1.5879927,fearful
-586.8313,77.8322,-3.1223397,11.767134,8.290455,12.686183,-9.67832,1.9486359,1.498006,-7.3596873,-6.6029444,0.6904014,1.0976359,disgust
-586.1288,78.39212,-5.2287736,9.6525755,9.001622,15.120263,-11.21821,2.946384,1.1364352,-5.656992,-6.452955,0.9591309,0.9403776,disgust
-581.41376,75.40856,-4.568166,11.042054,7.1807795,15.603318,-10.107021,-0.49719754,-1.0120692,-6.282689,-6.031547,1.3854178,-0.8650314,disgust
-581.71875,70.49751,-7.8880787,10.743504,8.41422,13.295676,-10.530475,-1.4813246,1.5756842,-7.0418425,-6.751242,0.9228561,-0.2654344,disgust
-626.3644,85.229454,-3.5819335,9.515907,7.661771,19.551548,-8.907881,4.1937976,1.7114813,-6.687214,-3.334902,4.8171024,2.7156453,disgust
-618.37244,81.28828,-4.1657853,10.351996,8.017727,15.318882,-10.149557,5.24956,4.0230474,-7.0634613,-5.067101,2.2300231,1.7020341,disgust
-608.3955,75.852615,-7.162001,14.447198,7.309509,15.9723625,-9.387496,3.208526,1.5005627,-4.4566545,-5.2321534,4.2329874,1.2483315,disgust
-618.6752,85.83496,-1.0958569,18.13473,8.961025,20.293146,-6.4913483,5.1617336,2.2617812,-4.341528,-4.1624103,4.0185466,4.613577,disgust
-568.5793,72.25591,-0.96032494,9.171285,2.5687788,11.502727,-10.653266,-1.4381503,-2.1713681,-7.5796003,-8.189473,-1.4186002,-2.1525512,surprised
-586.9518,68.51535,-1.2139237,10.34092,1.9309398,11.037204,-9.026822,0.7015292,-0.60524654,-6.1753774,-7.508596,-1.8672781,-2.377242,surprised
-568.61505,63.27793,-5.0980253,8.281206,2.249007,9.543932,-9.137433,-0.12207443,-3.677136,-7.5608163,-7.3357353,-1.5842928,-3.1493745,surprised
-546.7428,65.57077,0.50800055,11.213584,1.8764714,9.438198,-8.134423,-1.1343532,-0.5771479,-7.847348,-5.938314,-1.0369556,-3.5773313,surprised
-542.39984,65.47364,-7.828966,10.903416,2.7110538,9.964898,-9.779137,-2.8865724,-2.6315563,-6.89631,-10.993249,-0.47516653,-1.8913946,surprised
-541.0384,71.56266,-10.367347,9.80173,3.2799673,8.6581135,-12.0461445,-3.6914828,-3.3751686,-6.2731724,-11.734288,-2.4474754,-2.3528047,surprised
-561.73816,63.771156,-8.193513,10.717545,1.528304,11.123491,-9.027409,-1.6191399,-2.9386926,-9.928778,-9.759049,1.4796628,-0.9393977,surprised
-540.8637,61.330112,-9.318194,14.311653,0.7002955,10.04251,-8.720128,-2.2538874,-3.2646368,-8.769154,-9.339117,-0.43305582,-2.1427844,surprised
-732.53143,75.36297,2.1393845,13.3207245,-5.1078787,13.785239,-8.48776,2.100258,-4.250009,-6.3844476,-5.926776,-5.455291,1.4676827,neutral
-691.59784,60.5276,-1.5540609,10.381246,-4.6274877,12.683831,-8.411634,-3.2070198,-5.726064,-7.8658857,-4.9420195,-4.412449,1.3065821,neutral
-712.90045,70.99918,2.518858,11.849671,-6.8973036,13.638405,-7.548911,-0.04030984,-8.7908535,-8.347914,-5.162184,-2.6026192,1.5763351,neutral
-707.47736,64.67533,1.4038469,12.914077,-5.154926,14.195786,-6.8831935,3.0217376,-8.002179,-9.591667,-6.0354967,-2.3945637,1.3856721,neutral
-737.4777,63.482704,1.217715,18.055117,-4.027579,13.973715,-6.386613,0.75536716,-5.869803,-4.397014,-2.7897563,-3.9118836,1.6112624,calm
-708.0036,65.88851,-0.37038976,11.793811,-0.45767185,11.958793,-5.9902444,0.91911346,-5.9811587,-5.9621735,-4.486665,-3.1916833,2.6635947,calm
-716.70636,64.119995,2.7329688,11.826704,-5.5638433,12.234403,-7.50099,-0.041922227,-8.776205,-5.4792895,-3.6362503,-1.7540914,0.7060549,calm
-707.7187,65.4332,-0.9955202,11.735021,-3.921957,13.018924,-4.3351574,2.2775288,-8.617469,-8.3898,-4.355832,-0.176098,2.0800128,calm
-721.00305,67.90161,-2.1373575,13.948111,-2.4564273,14.01945,-7.253265,2.353783,-4.6661544,-3.0205278,-2.5781498,-2.4751136,1.6326722,calm
-717.95935,65.441284,-0.35079956,15.528087,-4.1134157,11.394577,-8.131547,0.7498632,-5.6702557,-2.2617483,-2.255956,-1.7679178,0.63047624,calm
-719.9095,83.20883,-6.9376426,10.662495,-6.5920577,10.782142,-4.3704166,3.0716166,-7.4612646,-8.388378,-5.2863336,-0.88548625,1.5724115,calm
-712.4379,78.73424,-5.351281,15.5613575,-4.329194,11.40557,-7.483521,2.4171731,-8.861941,-9.116618,-5.105822,-2.1845734,0.85813975,calm
-657.4267,75.486115,-3.0091538,5.7227693,-4.1241746,12.301088,-8.029491,-2.3234088,-9.062191,-8.04551,-5.837279,-3.2789395,-1.3687451,happy
-675.2399,67.60121,-9.946747,0.5245763,-4.6196895,10.991122,-9.973026,-4.5999374,-8.433297,-9.321521,-6.0807495,-1.3679987,-2.8858132,happy
-669.3435,64.2342,-3.5707994,8.069645,-7.0470433,9.945685,-9.752776,-3.2899418,-9.4472275,-8.247505,-7.2183123,-1.0544198,-1.8216927,happy
-668.49133,64.26296,-0.35598597,7.5653296,-8.113159,12.333376,-6.9233413,-1.7123736,-8.280808,-7.438753,-5.074383,-1.7313498,-0.071751885,happy
-515.6323,52.80903,-16.172644,-4.455541,-9.112961,1.4548341,-12.021794,-9.725209,-8.826911,-9.724662,-11.245383,-2.7476106,-3.0486174,happy
-528.4092,54.772232,-11.655582,-0.3999433,-8.017866,6.582648,-11.331579,-8.883738,-11.276724,-8.997384,-10.709476,-2.5752478,-3.4992914,happy
-520.9778,43.122234,-7.0078506,3.7458663,-12.290803,6.514574,-11.073269,-6.3213067,-11.332597,-9.791762,-13.087937,0.057513427,-6.9546337,happy
-549.9855,54.40947,-12.082293,-1.2322559,-11.369803,8.147477,-13.138018,-7.9310627,-10.82883,-11.006539,-10.482972,0.10208472,-4.798579,happy
-686.034,72.008385,-1.7786269,8.038586,-2.3965142,13.9933605,-10.5649605,-1.625542,-7.4246984,-9.350847,-5.8543916,-2.685557,0.47403595,sad
-663.9523,67.68853,-4.017017,4.4781947,-5.1318154,10.83828,-10.217274,-4.0679803,-8.558047,-9.53369,-6.188786,-2.8159149,1.6515558,sad
-657.06555,66.82609,-5.1743045,6.319111,-8.138712,10.800665,-8.267332,-1.1061006,-11.4363165,-13.676721,-6.1035,-1.5237747,1.6446686,sad
-652.7949,68.40272,-3.6413016,6.5583572,-8.974753,9.403121,-7.6622972,-0.93150485,-11.525381,-13.376631,-6.291733,-0.9602436,0.23800603,sad
-655.1916,68.43531,-5.9697013,5.343392,-4.3442,9.937713,-8.933983,-3.8338008,-7.1157465,-8.357255,-8.412021,-3.155955,-0.013610405,sad
-640.1409,65.37484,-10.343263,6.9032903,-2.2617185,9.343273,-11.639935,-6.766062,-9.991229,-9.919908,-8.308743,-4.4276767,-2.3259115,sad
-667.50757,65.36162,-3.9817457,10.684461,-6.927653,11.879462,-6.069501,-3.0258222,-10.405794,-11.769835,-10.280459,-3.9566994,-1.7206172,sad
-643.9149,63.954067,-6.740808,12.686293,-2.2219346,11.826854,-9.092524,-3.8602579,-8.721824,-8.331462,-10.09052,-5.9484572,-2.0660038,sad
-611.12714,56.8856,-0.6179599,7.318383,-3.173135,6.026652,-10.351036,-2.8509154,-7.5368323,-6.4644685,-6.9355497,-3.687237,1.6484131,angry
-641.10785,63.277554,0.20067455,9.337861,-4.001092,6.9380445,-10.231388,-2.863432,-4.9236283,-5.3535247,-6.700391,-3.5972292,1.9819196,angry
-607.648,63.48603,-7.195657,7.634901,-6.7317104,6.8517046,-11.061661,-2.5199246,-7.877467,-7.1210017,-7.9870934,-3.0020344,2.1572418,angry
-581.94073,63.4103,-6.3141413,8.758494,-6.621264,5.956945,-11.619885,-2.8373127,-6.9307914,-9.076232,-9.787544,-4.5873656,0.6212153,angry
-504.8506,54.2025,-16.29148,2.8670826,-5.767332,2.8954716,-14.846722,-5.992841,-6.894608,-9.816898,-7.671557,-1.831441,-3.7728827,angry
-522.59436,56.2544,-12.466538,1.1394621,-6.1508627,2.7410483,-12.8504925,-5.3486276,-6.651019,-8.045857,-10.657239,-2.6535344,-1.7545233,angry
-463.72495,45.929325,-16.50116,4.3167324,-8.308796,2.763329,-15.303742,-4.3589277,-7.9787626,-11.918263,-12.475979,-2.7364252,-4.2703347,angry
-470.35553,48.44611,-21.689028,3.126088,-10.172422,2.192826,-17.533178,-4.401631,-9.673747,-12.771454,-11.960282,-3.0003214,-2.6975641,angry
-614.0897,59.551308,-13.150559,6.472168,-3.2078707,9.337105,-12.999274,-6.1124625,-10.869935,-10.334136,-7.868935,-3.1146693,-3.5767539,fearful
-597.0803,60.550133,-10.906252,6.468074,-3.208017,8.893175,-11.590634,-5.7145762,-8.700683,-8.697742,-8.625026,-4.0333443,-2.2698004,fearful
-600.66986,68.50552,-19.34777,6.7622,-5.872462,8.86267,-14.332245,-3.6741562,-12.81679,-13.80584,-5.962784,-2.8895168,-3.1660361,fearful
-598.94604,60.45143,-11.588419,4.650655,-6.5466704,8.317213,-11.244816,-7.0548778,-10.107211,-12.085669,-6.9419312,-1.2387471,-1.5481588,fearful
-529.67175,50.0381,-23.27859,1.307583,-10.355022,-1.2888885,-12.902333,-11.063308,-11.848652,-9.885729,-10.412309,-2.9315248,-6.4587045,fearful
-512.77686,45.48068,-22.15804,1.9938719,-7.982537,0.46701577,-12.175795,-9.717515,-10.736132,-11.358449,-8.710515,-3.7157018,-7.639883,fearful
-508.10986,43.27804,-23.512302,1.2742159,-8.741226,3.1375208,-15.823981,-11.990866,-14.124409,-10.971456,-10.921465,-2.6535358,-8.994877,fearful
-501.75925,42.498474,-26.166346,0.6102201,-10.696171,0.9299022,-14.719833,-12.425635,-12.321523,-10.894655,-11.4296255,-2.6313689,-8.17205,fearful
-617.91345,66.418,-7.7829213,2.8342872,-3.1387584,4.94312,-10.491163,-3.8088162,-7.7752295,-5.8006735,-6.8477936,-4.440099,0.62893337,disgust
-635.91675,74.33158,-5.8530326,0.7292374,-4.5874662,7.4948416,-11.306568,-3.9211223,-8.528217,-4.273745,-8.461239,-6.814007,3.5441568,disgust
-636.91455,70.65381,-7.140786,7.3459425,-6.271423,9.468734,-9.165857,-6.2019577,-9.507634,-5.805247,-6.6623564,-3.3162737,1.410059,disgust
-626.6795,73.2115,-7.5356474,4.671875,-4.0299506,9.965465,-9.927782,-2.81077,-9.616851,-8.614126,-7.4873934,-1.5467428,2.954441,disgust
-569.3465,58.75267,-11.3478565,0.8127066,-3.7441363,5.309487,-12.60663,-4.661411,-12.887651,-4.7756567,-7.0921354,-2.559408,1.7311239,disgust
-595.35645,62.38044,-4.747577,6.5341983,-6.355627,2.7572303,-10.83593,-5.057255,-8.777452,-2.0693092,-8.7326975,-5.2911115,3.413724,disgust
-608.07104,59.771233,-10.424177,6.853666,-4.324524,6.2712154,-11.632592,-5.3456264,-12.503009,-2.58718,-9.0072,-0.76444864,-2.107477,disgust
-569.7141,62.4936,-10.591215,7.0797067,-3.197353,6.002057,-15.218988,-6.7225866,-11.470918,-5.7986073,-9.3036375,-4.0729327,0.6508643,disgust
-627.8736,63.898327,-3.4075758,-0.13410361,-7.70957,6.313606,-11.146294,-3.7166624,-8.31882,-4.928344,-8.778994,-2.282259,0.58208364,surprised
-602.3053,61.9714,-9.374262,0.07773857,-7.9333234,3.2238536,-12.568552,-6.563224,-9.380169,-7.5208745,-9.826356,-3.3657813,-2.1146266,surprised
-610.26965,63.18972,-7.2045636,1.6238552,-8.695817,3.744737,-8.529583,-4.5643034,-10.513488,-10.463063,-9.3525915,-1.661852,-0.31131312,surprised
-581.7609,58.26166,-11.072683,1.7984574,-8.729754,4.531601,-8.830036,-6.1777606,-10.69099,-11.616668,-10.5209465,-0.89347035,-0.82437956,surprised
-594.22046,57.664925,-10.952655,2.4996712,-11.504056,3.8562872,-11.379861,-6.312739,-8.993091,-8.512723,-10.903527,-0.3830139,-1.2627279,surprised
-544.3078,58.244907,-13.065475,0.19849442,-7.1868587,2.8590126,-11.077775,-6.3569074,-8.411236,-8.726477,-8.579871,0.060249045,-1.9622549,surprised
-523.75665,42.929535,-9.608952,1.7667596,-13.816484,1.6879216,-10.068637,-8.546539,-11.064612,-9.346706,-12.807373,-1.8335053,-2.121323,surprised
-560.18646,44.504402,-14.639299,2.2514918,-11.03119,5.3468065,-10.163466,-6.5531926,-9.599661,-7.1183057,-10.148724,-0.8554627,-2.5813625,surprised
-677.04517,79.1009,1.4322944,8.173247,3.9377906,18.123615,-9.02632,1.2000734,-3.7304273,-2.6145797,-7.2290792,-4.8144603,1.1606925,neutral
-654.7453,77.3387,1.8005472,6.381175,6.2309127,20.27821,-8.4755,3.129455,0.42228782,-1.6587836,-5.9624147,-3.0395348,2.8467267,neutral
-647.62885,70.053185,-2.6149004,5.3701506,2.004189,17.809736,-11.133022,0.9463768,-1.4836402,-4.695195,-7.283162,-4.7383213,0.6157171,neutral
-645.6034,73.77888,2.402237,6.2687244,3.280682,18.80483,-9.786632,1.143568,-2.1509602,-4.6709056,-7.3264365,-3.192632,0.20119272,neutral
-708.9373,70.33675,9.4891615,11.994718,4.6041145,16.881027,-4.73068,4.9154396,-0.39915144,-0.49249017,-2.7941053,-1.9774806,1.5170999,calm
-731.4882,70.913635,6.4894395,12.725701,3.7193983,17.03768,-4.4894657,4.3252664,-4.06839,-0.782184,-3.922439,-3.269229,1.7539625,calm
-689.0563,66.56982,3.819928,9.127965,3.1023567,12.966516,-6.170267,2.5672948,-2.9062753,-2.3220894,-5.0395217,-2.6491957,1.3230158,calm
-689.4704,68.112495,3.9997876,11.038073,3.3084555,15.108302,-6.33133,2.4983034,-2.481705,-1.670319,-5.504648,-2.0315645,0.74405557,calm
-692.9809,79.81773,5.412727,12.926897,1.7429109,16.889456,-4.7468905,2.7362673,-5.111893,-1.0767814,-4.3519726,-4.289858,2.8531072,calm
-718.0039,78.10556,9.262426,11.199741,2.5758672,17.55245,-3.2829568,4.1212,-5.212217,-1.1030326,-4.0965,-3.1261458,2.715658,calm
-697.77386,68.53853,4.832445,10.410114,4.3951173,17.31711,-4.447251,2.9424202,-5.0502257,-2.9642413,-5.217464,-1.4866204,1.742845,calm
-680.0596,73.784744,3.9221644,10.9569,3.0688221,16.663364,-4.471182,3.7051542,-3.7726846,-2.55227,-5.7067,-2.5176558,3.3621979,calm
-665.17145,65.07049,-6.941336,6.542368,-1.9405802,12.119533,-9.150192,-1.6255175,-4.449723,-7.332825,-6.9510236,-5.7628884,-0.30685002,happy
-607.1208,60.785297,-6.9628844,6.192261,-2.85658,10.60237,-7.5637245,-2.126404,-3.3801727,-6.684198,-6.4257646,-4.0001783,-0.84034777,happy
-641.147,61.855583,-7.089036,8.129784,-2.1509445,12.743759,-8.434305,-1.4781259,-5.0681505,-7.90619,-7.618857,-4.221735,-0.12286919,happy
-633.64557,60.97282,-5.92939,11.021031,-1.3557146,12.647052,-7.3447948,-1.658555,-2.877238,-6.864091,-7.992746,-2.8469512,-0.4386558,happy
-541.4354,49.822803,-13.8180895,4.263922,-7.26527,4.800775,-8.767632,-4.9131145,-5.3027625,-5.9541945,-8.215941,-5.1957874,-2.4077952,happy
-536.25433,51.13552,-14.947182,3.0154195,-7.375435,3.6298144,-8.746076,-6.0181775,-5.6483784,-6.3179774,-7.5033636,-6.3715034,-3.2297573,happy
-538.31866,50.505936,-12.359847,4.5823774,-8.39855,4.248584,-9.695197,-6.7573524,-4.2752566,-6.174453,-10.10078,-5.0132184,-1.072822,happy
-564.21185,54.75471,-12.062169,5.610564,-5.497679,5.01145,-10.285004,-4.8916097,-3.626669,-6.795848,-10.048922,-4.9156213,-0.54554737,happy
-728.7215,76.7157,4.7629676,7.089334,3.5924985,18.624578,-5.2319407,4.6462235,-5.2853327,-1.9440619,-6.6505537,-4.117722,-0.6576798,sad
-714.5328,77.48759,5.394832,9.028925,5.506476,16.064686,-3.6785414,4.3563046,-3.317283,-2.5442047,-4.7156467,-3.362594,-0.4029537,sad
-663.7986,58.735943,2.5486655,12.59666,2.0394855,14.095369,-4.7234783,6.5558004,-5.3089967,-1.9153857,-4.362089,-4.3055196,0.94517624,sad
-676.43854,66.30843,1.1813395,14.0112915,2.4163733,16.886127,-6.418675,8.651376,-6.592748,-0.368551,-4.677448,-3.2389839,-0.30279657,sad
-603.57245,65.23966,2.0636103,8.543237,2.7293727,16.630287,-7.243426,4.3778815,-12.744413,-3.8833902,-9.102304,-4.987543,-2.1033168,sad
-640.36694,62.747467,-0.47407377,2.2895854,2.0211747,14.295498,-5.957285,4.0157466,-10.036424,-4.0893426,-5.27281,-3.0911832,-1.3097796,sad
-675.0315,52.24761,8.415637,10.00764,-2.1110632,14.378488,-6.0664787,5.6917124,-9.356187,-1.9020826,-8.627139,-3.136239,-1.1369839,sad
-632.1876,77.305565,3.403888,6.7719045,4.3770156,19.353882,-4.3061857,6.9556723,-9.933166,-6.795137,-2.4261832,0.3869795,-0.14858142,sad
-579.2218,57.379814,-8.834136,4.196415,-2.599477,5.964382,-8.060396,-1.6461443,-3.0360227,-5.1688976,-8.695699,-4.9638166,-1.7977078,angry
-565.2382,57.86759,-9.377353,5.624587,-1.7902155,6.90893,-8.152637,-2.2045724,-4.0876956,-4.398131,-8.6462,-5.2639256,-0.9725256,angry
-577.51447,57.638367,-8.456705,6.1247883,-3.2681081,8.704621,-8.484184,-1.1842914,-2.4678824,-5.090221,-6.54236,-4.719343,-2.045787,angry
-585.5654,57.176655,-10.791227,7.121607,-4.1038613,6.6965027,-9.61199,-2.935678,-4.257118,-3.217832,-9.1844425,-6.5393314,-0.8597881,angry
-455.9852,48.067677,-15.950625,1.5354617,-5.5810804,-0.84853995,-8.292865,-4.907851,-4.379014,-4.583829,-7.2421722,-6.699576,-4.1488223,angry
-462.31448,46.1901,-15.609308,-1.2564441,-5.659151,-0.085534334,-9.750613,-3.6658525,-4.6872315,-5.1734867,-7.467847,-5.4185653,-4.8708034,angry
-422.647,38.85035,-16.750536,-1.0205783,-6.9374704,-0.10928164,-7.619318,-3.3435533,-5.6982026,-6.035234,-5.190815,-5.706592,-4.005762,angry
-435.31158,39.68834,-14.45683,0.49358913,-5.954214,0.22282648,-9.221676,-4.3346252,-4.404653,-6.089862,-7.3025794,-6.8995967,-3.3216813,angry
-628.7224,63.698135,0.15218729,8.789053,1.6801981,14.5487385,-6.880486,2.720422,-4.832859,-5.9471436,-5.906961,-2.8552215,0.0494051,fearful
-709.5105,64.930244,3.0776331,7.8256097,2.706293,14.646838,-5.1508937,5.2694473,-4.295296,-1.6223065,-7.028102,-2.7098129,2.1762109,fearful
-659.7563,54.014687,-1.5458174,7.9527884,2.4214253,11.948643,-4.3575625,1.9783176,-4.502141,-4.1818867,-5.5476284,-4.0758495,1.3124944,fearful
-682.84906,56.569984,-1.5616933,7.8841505,1.0476575,11.521948,-5.4547896,2.4401724,-5.4050713,-4.6140018,-5.9381275,-4.0533714,-0.81817484,fearful
-569.6125,67.45983,-9.903627,4.2921515,1.6624042,12.111913,-11.240512,-5.4119453,-7.782959,-9.55167,-8.377112,-4.843147,-0.5747225,fearful
-588.30444,66.55261,-6.7700024,7.0381284,-0.51540333,11.231015,-10.62762,-1.4943305,-7.134598,-9.173728,-6.9665384,-6.0304694,-2.0393913,fearful
-538.9804,58.07244,-13.123163,5.1794643,-3.913746,10.765169,-11.142844,-3.485819,-7.5119243,-6.6292934,-8.047452,-4.9638176,-0.7870625,fearful
-563.7197,76.45018,-11.383374,4.065525,-3.3722982,12.995871,-7.816029,-0.4318094,-10.562568,-10.679482,-11.414133,-4.7656755,-0.9981067,fearful
-674.7243,69.159386,-0.24560328,12.518356,0.2372114,12.695392,-2.582461,6.291494,-4.5978885,-1.8983681,-5.1212893,-4.582213,2.055124,disgust
-670.75507,61.938164,-0.11009175,10.221857,1.4995934,11.953727,-5.3793573,4.001712,-4.789984,-1.7324126,-3.5150132,-3.2741888,0.82156736,disgust
-688.99176,52.997437,-0.6949212,10.821215,-1.6062461,12.015389,-4.3153553,5.734336,-5.958421,-2.6992357,-3.4426434,-2.5512524,1.1125432,disgust
-691.06647,56.277687,4.0622544,13.532889,-1.3892239,12.815974,-5.522404,6.824999,-5.8451285,-2.6296382,-4.229433,-2.0456903,-0.32102892,disgust
-597.22986,54.587093,0.29617196,7.9675255,-0.22442468,7.602571,-3.7207012,2.7220254,-3.8728518,-1.6756753,-7.117002,-4.425978,0.15379883,disgust
-603.1842,62.10435,0.56108826,10.3112,0.8056884,7.952221,-5.2704606,2.4761167,-5.6225443,-3.4171906,-8.154688,-4.4759984,0.49256474,disgust
-598.6879,58.09425,-0.7908758,11.595831,-1.9955281,11.347894,-4.6325517,1.7604246,-7.0438576,-3.06213,-8.477985,-5.2278395,-0.59940976,disgust
-610.9025,57.75068,-1.2501984,12.320345,-2.188584,11.376021,-5.332443,1.503635,-5.516002,-3.2588847,-9.918637,-4.586806,0.6647071,disgust
-599.2439,62.21438,-10.057681,6.860645,-2.4647684,9.717561,-8.48035,-2.0666656,-5.9657555,-7.1943636,-5.971397,-4.3614006,0.23164469,surprised
-609.37384,63.767937,-9.06208,7.472404,-2.3822803,11.419916,-7.399461,-3.274404,-5.0280023,-5.6663704,-6.4969087,-2.8773415,1.003197,surprised
-569.1324,61.33735,-8.703363,6.9461503,-4.5332146,9.644601,-5.3839855,-2.715068,-4.033091,-5.9834356,-6.8991275,-4.0326023,1.6156094,surprised
-559.6213,57.99333,-9.189291,3.4377422,-5.5829997,7.404971,-7.9958415,-3.3063507,-5.6111517,-7.3605146,-6.8612714,-4.4763803,-0.5065167,surprised
-557.01434,56.569588,-11.098543,6.483811,-4.3218775,10.319003,-7.6697083,-4.867458,-8.262742,-5.855659,-6.0467253,-4.562987,-1.1571616,surprised
-550.02136,57.94791,-13.185629,4.094948,-5.988897,5.1533155,-7.6710663,-5.1337056,-7.880205,-7.3302574,-6.576598,-4.6129518,-1.911987,surprised
-528.33264,49.88547,-15.615649,4.4593363,-9.856805,3.2112021,-8.730066,-4.352807,-7.709064,-7.9688983,-6.388164,-5.617905,-2.4375763,surprised
-549.1126,51.645596,-13.533259,5.0575366,-7.7514367,6.483627,-8.185426,-3.6789606,-7.4954734,-5.939384,-7.320757,-4.6107664,-1.7029145,surprised
-708.18774,60.263954,-3.812189,4.6156693,-4.941496,-0.6037715,-9.850571,-3.9595113,-10.822568,-8.121636,-4.7690997,-6.383387,-6.268735,neutral
-717.1823,61.52473,-9.561806,4.5304594,-4.689971,0.42591473,-12.630183,-3.0818665,-11.383424,-8.497087,-4.7001457,-5.5769963,-6.910687,neutral
-708.31976,63.369892,-6.8119817,8.808128,-5.166003,0.8405812,-9.831654,-2.8697002,-12.031708,-6.9782376,-2.8792143,-6.4032564,-4.850937,neutral
-703.7925,58.8638,-6.591528,9.530988,-5.4352565,0.801021,-9.16663,-5.3308372,-13.281657,-7.27472,-4.4762573,-6.7058487,-5.944012,neutral
-765.3686,55.468166,-0.9693126,8.355431,-3.428298,4.8014483,-9.493274,-1.7996465,-12.925551,-7.3623214,-6.699264,-5.9965363,-6.507561,calm
-774.9348,61.553085,-0.82323515,10.258059,-5.25129,2.267958,-9.608938,-1.3073407,-9.942767,-7.0011663,-6.677645,-3.909025,-6.729562,calm
-760.016,58.00556,-1.649008,18.476496,-4.0114474,6.138883,-9.888475,0.57140315,-12.488593,-3.48536,-6.0192065,-5.466563,-4.693886,calm
-723.9797,59.033157,1.1970047,12.025427,-6.7408495,7.5494604,-7.4619374,-4.0346723,-10.683406,-4.8074937,-7.4951825,-3.9050329,-7.826235,calm
-712.7298,65.64975,-9.252884,6.5343256,-7.8319488,3.3329456,-11.733175,-3.3175154,-11.466201,-6.9135756,-5.698388,-6.8221617,-6.010835,calm
-721.3479,66.84917,-5.803517,12.672826,-4.0064564,5.5202885,-10.044577,-1.099904,-9.682877,-6.176111,-6.1222057,-8.261205,-2.7931583,calm
-736.27234,67.01528,0.4447337,12.4989805,-10.081483,3.1448376,-11.505704,-3.9244401,-10.188941,-6.0271273,-9.6738405,-7.299731,-5.7144322,calm
-712.3885,63.24029,-6.6979976,12.928337,-9.692719,7.1850357,-12.298458,-2.9333806,-8.629325,-5.959417,-8.213768,-8.319246,-3.5404978,calm
-687.26917,59.822254,-7.814606,4.153196,-5.5109944,1.6609536,-11.726879,-3.0108454,-8.262731,-5.8449073,-6.1476893,-5.687459,-7.763839,happy
-679.4288,66.72483,-13.251517,3.3982923,-2.6815076,2.3959708,-12.046106,-3.0658932,-8.255746,-6.937652,-4.8832674,-4.3426275,-8.549275,happy
-699.6422,65.30451,-7.6499825,1.5834274,-5.6851473,2.4652905,-10.332688,-2.6144962,-9.594676,-5.784488,-4.755839,-5.715259,-5.1928086,happy
-637.4843,54.65575,-14.385685,2.8211074,-5.277694,-0.31522414,-11.874338,-6.5929747,-9.978388,-5.7049494,-6.057456,-7.229257,-6.215919,happy
-560.9439,59.00768,-21.721348,4.099716,-3.345492,-0.74479383,-19.210684,-1.3057873,-7.590088,-8.393338,-2.1822734,-3.921418,-7.888694,happy
-549.2362,55.645756,-18.499102,3.886537,2.1703668,-1.3207943,-13.935467,-1.3074939,-6.164294,-6.7242785,-1.7482879,-2.759629,-6.33693,happy
-562.02246,51.749157,-19.801012,3.015481,-6.2420535,-2.124168,-17.851171,-5.0888724,-10.204763,-8.797136,-7.638298,-3.3326168,-7.8983116,happy
-526.8393,42.73477,-24.088236,1.9478806,-12.239376,-4.976268,-17.81862,-7.11182,-9.507144,-8.172066,-6.9084272,-4.7992325,-9.705639,happy
-712.7358,65.75519,-1.3134112,10.639453,-3.1075976,4.5924354,-9.416332,-5.9806123,-9.20671,-6.1180296,-5.998509,-6.3699284,-5.2037992,sad
-748.7916,68.438736,0.85749453,16.57646,-3.6194909,6.7399745,-9.081865,-0.18680505,-10.171622,-4.9337893,-3.5512054,-4.6682916,-4.946684,sad
-714.9452,61.080555,-3.2099516,6.7286644,-4.052452,0.4169543,-9.0172615,-1.8675941,-12.592547,-8.722405,-5.510103,-8.257051,-5.8998494,sad
-722.56287,66.428986,1.0844052,14.247135,-4.5040135,3.7560296,-9.863364,0.036211163,-11.028366,-2.4154131,-6.606638,-6.2706456,-2.6727164,sad
-596.4366,59.204784,-17.651644,-0.23580393,-4.1443176,-5.2515464,-15.63252,-9.04494,-11.394493,-16.177053,-8.056587,0.09651594,-5.29196,sad
-608.32294,67.9372,-8.28595,3.9395196,-3.5425527,-3.428009,-14.994794,-2.7014525,-6.7327757,-11.981659,-5.1206326,-2.1940174,-4.9850054,sad
-599.9094,64.42398,-6.3752227,10.306619,-6.254834,2.2846332,-12.666918,-7.975377,-14.245497,-14.02012,-9.055,-3.347121,-9.089478,sad
-694.3495,57.413208,-2.8858342,11.741073,-9.149792,1.1677833,-9.310403,-3.3617997,-7.427918,-8.684037,-7.477147,-3.9400747,-5.7125044,sad
-530.94977,56.710712,-17.588903,3.7022645,-7.3645763,-5.028225,-15.431587,-0.9017262,-7.518787,-10.244363,-3.968747,-2.8812027,-6.4808645,angry
-536.93555,52.80093,-18.046204,2.9137304,-8.082507,-2.5925405,-14.765614,-3.0232728,-7.4553256,-7.245714,-5.2079744,-2.814677,-4.9631996,angry
-560.5285,52.595707,-14.0471945,3.461822,-3.7463102,-1.9103857,-14.068433,-0.8952413,-9.1161375,-9.471043,-5.0904007,-3.2051277,-3.9574554,angry
-523.4514,56.59475,-16.241226,1.2283807,-9.110226,-1.0109875,-18.663584,-5.5562425,-8.990947,-12.0337305,-5.634553,-2.2962492,-4.6580834,angry
-450.53635,49.84482,-21.261328,5.7623987,-8.995365,-9.1028185,-17.547977,-1.2731729,-7.216011,-11.156021,-4.1375875,-4.3272104,-8.488931,angry
-491.46426,52.54783,-22.691208,4.356893,-9.370851,-4.8912754,-17.746723,-1.4168029,-7.1762505,-10.480401,-5.035942,-2.5024495,-7.61197,angry
-516.78796,52.314465,-12.667166,5.3579583,-10.408358,-3.452159,-13.058347,-3.3401446,-8.87813,-9.747526,-4.9420853,-3.3733304,-5.515411,angry
-517.4784,48.21556,-21.094524,7.2457967,-10.975099,-7.3343444,-13.994265,-0.7529825,-9.610131,-9.3367605,-4.684581,-4.3574104,-6.3421993,angry
-533.0255,46.064316,-19.101273,5.700074,-10.131557,-1.744616,-14.264687,-4.3332996,-13.421819,-8.499933,-1.8976086,-3.5079308,-8.617944,fearful
-544.168,46.672043,-18.890965,3.747449,-11.727212,-1.4705652,-13.5805,-1.997862,-11.298148,-7.7628255,-3.583196,-3.240899,-6.10901,fearful
-547.7068,43.194057,-14.354176,6.206103,-11.524583,-1.7694703,-14.014099,-6.562462,-12.311296,-6.395568,-6.916304,-3.28743,-8.382795,fearful
-558.42786,46.290524,-13.890771,7.7349596,-10.606212,-1.095854,-10.947169,-1.9517518,-10.993224,-6.7343755,-4.00352,-3.0303526,-6.7058535,fearful
-455.08334,35.84518,-29.918854,-5.1156907,-14.153886,-3.9631965,-21.37635,-11.444274,-15.018041,-15.923646,-5.0414906,-1.9223958,0.45517057,fearful
-497.26718,29.747702,-16.74975,-2.781938,-13.29005,-4.604352,-16.823717,-5.616928,-8.64881,-9.526477,-6.052828,-4.4172626,-5.346954,fearful
-481.2888,26.917099,-27.858831,-5.0181932,-16.005667,-2.8538034,-15.965476,-11.86239,-14.074583,-13.365931,-6.837284,0.2900229,0.60857403,fearful
-464.8661,26.594341,-29.542877,-6.660238,-22.980276,-1.8429749,-17.67711,-12.1706295,-13.550926,-12.341897,-6.7703347,1.1604642,3.9848607,fearful
-621.32965,80.875656,-16.834051,1.4722918,-4.6813784,-7.5949664,-15.361415,-4.4966335,-9.749241,-9.401145,-8.074179,-5.23705,-4.171108,disgust
-594.4625,68.74554,-14.513372,1.2925842,-3.4749458,-4.2218475,-15.433314,-2.848655,-11.231971,-9.125657,-3.3103142,-2.1501868,-5.6836305,disgust
-621.3281,68.56883,-22.176456,6.305642,-2.0125768,-6.6770453,-12.559688,-5.3895764,-14.246054,-9.887771,-5.4310575,-4.249233,-8.476265,disgust
-594.13104,69.70295,-12.525871,2.746616,-2.8957615,-1.7105764,-15.497359,-3.764629,-14.9181385,-10.46886,-8.440343,-4.2643986,-2.5884907,disgust
-643.16437,73.10417,-8.130316,4.74441,-9.804202,-7.91415,-11.439941,-2.596603,-14.067658,-10.387165,-6.035853,-0.031081516,-5.247344,disgust
-529.5698,57.632652,-24.82504,3.0455675,-12.837199,-3.465113,-16.097683,-5.6111007,-14.830846,-6.3753448,-2.452502,-2.4537444,-6.2397337,disgust
-534.35126,53.048775,-19.99443,-2.820471,-10.900537,-5.445453,-15.473699,-5.1895,-15.998716,-8.2053175,-3.8836699,-3.6515815,-5.991228,disgust
-543.7976,52.419262,-20.447172,5.142262,-11.263177,-1.644451,-17.689423,-6.5468106,-16.154222,-7.951879,-5.301761,-3.6907332,-4.9743977,disgust
-698.7616,43.0703,-5.478905,7.9784985,-7.703867,1.1193428,-9.632206,-0.47044283,-9.218779,-4.0562763,-5.355283,-5.575935,-5.2927623,surprised
-591.2938,49.854805,-14.407649,2.1519165,-11.367062,-1.1273493,-14.89969,-4.04114,-15.0078335,-7.1954594,-3.7742343,-4.1890283,-6.989947,surprised
-621.7946,47.170418,-13.756863,7.0596514,-8.252429,-0.7696958,-10.566842,-2.9664433,-11.259698,-5.0945034,-5.1869454,-4.7596893,-6.649185,surprised
-616.32245,45.89937,-20.175966,3.753582,-11.131477,-3.9648392,-14.135321,-4.7712235,-15.621428,-8.477671,-3.480687,-6.991876,-6.673991,surprised
-553.992,56.61485,-14.907667,2.6657012,-13.776782,-4.0725083,-17.319796,-5.07965,-10.142247,-8.829944,-4.524376,-3.8881302,-6.722397,surprised
-575.84576,53.281605,-21.947104,5.0561132,-12.553357,-2.4945269,-20.61461,-6.246452,-10.795346,-8.800463,-2.9595833,-1.2843934,-4.4445095,surprised
-522.467,43.7008,-14.606612,12.619474,-11.496836,1.743054,-13.268276,0.7474964,-13.840753,-2.5100267,-1.8181697,-3.670176,-6.043182,surprised
-536.6904,43.285828,-9.279314,9.257221,-10.542926,3.8666058,-11.568683,-4.17404,-9.066224,-4.903262,-6.2389207,-2.6182141,-5.418444,surprised
